﻿Instrument,Header,InstrumentFrequency,InstrumentTransducerLocation,InstrumentTransducerManufacturer,InstrumentTransducerModel,InstrumentTransducerSerial,InstrumentTransducerBeamType,InstrumentTransducerDepth,InstrumentTransducerOrientation,InstrumentTransducerPSI,InstrumentTransducerBeamAngleMajor,InstrumentTransducerBeamAngleMinor,InstrumentTransceiverManufacturer,InstrumentTransceiverModel,InstrumentTransceiverSerial,InstrumentTransceiverFirmware,InstrumentComments,InstrumentID
Instrument,Record,38,AD,Simrad,ES38-7,327,S2,5,elevation 45ÃÂ° azimuth 90ÃÂ° rotation 270ÃÂ°,-20.6,6.41,6.46,Simrad,WBT,765599,2.0.0.0,,I1
Calibration,Header,CalibrationDate,CalibrationAcquisitionMethod,CalibrationProcessingMethod,CalibrationAccuracyEstimate,CalibrationReport,CalibrationComments,CalibrationID
Calibration,Record,2022-02-26,SS,calibration.exe,0.0485,,,C1
DataAcquisition,Header,DataAcquisitionSoftwareName,DataAcquisitionSoftwareVersion,DataAcquisitionStoredDataFormat,DataAcquisitionPingDutyCycle,DataAcquisitionComments,DataAcquisitionID
DataAcquisition,Record,EK80,21.15.0.0,RAW,continuous pinging at maximum ping rate,,DA1
DataProcessing,Header,DataProcessingSoftwareName,DataProcessingSoftwareVersion,DataProcessingTriwaveCorrection,DataProcessingChannelID,DataProcessingBandwidth,DataProcessingFrequency,DataProcessingTransceiverPower,DataProcessingTransmitPulseLength,DataProcessingOnAxisGain,DataProcessingOnAxisGainUnit,DataProcessingSaCorrection,DataProcessingAbsorption,DataProcessingAbsorptionDescription,DataProcessingSoundSpeed,DataProcessingSoundSpeedDescription,DataProcessingTransducerPSI,DataProcessingComments,DataProcessingID
DataProcessing,Record,Echoview,9.0.338.36015,NA,,2.43,38,2000,1024,26.6,dB,0.0381,9.42,estimated by EK80,1504.24,measured at calibration,3,,DP1
EchoType,Header,EchoTypeStratum,EchoTypeComments,EchoTypeSpeciesCode,EchoTypeSpeciesCategory,EchoTypeID
Cruise,Header,CruiseSurvey,CruiseCountry,CruisePlatform,CruiseStartDate,CruiseEndDate,CruiseOrganisation,CruiseLocalID
Cruise,Record,IBWSS,ES,29VE,2022-02-25,2022-03-10,1404,29VE202202
Data,Header,LogDistance,LogTime,LogLatitude,LogLongitude,LogOrigin,LogLatitude2,LogLongitude2,LogOrigin2,LogValidity,LogBottomDepth,SampleChannelDepthUpper,SampleChannelDepthLower,SamplePingAxisInterval,SamplePingAxisIntervalType,SamplePingAxisIntervalUnit,SampleSvThreshold,InstrumentID,CalibrationID,DataAcquisitionID,DataProcessingID,SamplePingAxisIntervalOrigin,DataSaCategory,EchoTypeID,DataType,DataUnit,DataValue,CruiseLocalID
Data,Record,1,2022-03-02T09:34,51.228462,-11.406331,start,,,,V,,0,1000,1,distance,nmi,-70,I1,C1,DA1,DP1,start,MAV,,C,m2nmi-2,8.702956,29VE202202
Data,Record,2,2022-03-02T09:39,51.228928,-11.431668,start,,,,V,,0,1000,1,distance,nmi,-70,I1,C1,DA1,DP1,start,MAV,,C,m2nmi-2,16.391872,29VE202202
Data,Record,3,2022-03-02T09:45,51.22947,-11.45898,start,,,,V,,0,1000,1,distance,nmi,-70,I1,C1,DA1,DP1,start,MAV,,C,m2nmi-2,226.36287,29VE202202
Data,Record,3,2022-03-02T09:45,51.22947,-11.45898,start,,,,V,,0,1000,1,distance,nmi,-70,I1,C1,DA1,DP1,start,WHB,,C,m2nmi-2,54.719795,29VE202202
Data,Record,4,2022-03-02T09:50,51.22997,-11.48523,start,,,,V,,0,1000,1,distance,nmi,-70,I1,C1,DA1,DP1,start,MAV,,C,m2nmi-2,7.182637,29VE202202
Data,Record,5,2022-03-02T09:50,51.22997,-11.48523,start,,,,V,,0,1000,1,distance,nmi,-70,I1,C1,DA1,DP1,start,WHB,,C,m2nmi-2,11.173206,29VE202202
Data,Record,6,2022-03-02T09:57,51.230465,-11.5142565,start,,,,V,,0,1000,1,distance,nmi,-70,I1,C1,DA1,DP1,start,WHB,,C,m2nmi-2,320.333,29VE202202
Data,Record,7,2022-03-02T10:02,51.230938,-11.539981,start,,,,V,,0,1000,1,distance,nmi,-70,I1,C1,DA1,DP1,start,WHB,,C,m2nmi-2,232.56456,29VE202202
Data,Record,8,2022-03-02T10:09,51.23156,-11.572784,start,,,,V,,0,1000,1,distance,nmi,-70,I1,C1,DA1,DP1,start,WHB,,C,m2nmi-2,374.34628,29VE202202
Data,Record,9,2022-03-02T10:15,51.23195,-11.59748,start,,,,V,,0,1000,1,distance,nmi,-70,I1,C1,DA1,DP1,start,WHB,,C,m2nmi-2,540.76666,29VE202202
Data,Record,10,2022-03-02T10:21,51.23247,-11.6245575,start,,,,V,,0,1000,1,distance,nmi,-70,I1,C1,DA1,DP1,start,WHB,,C,m2nmi-2,1812.3448,29VE202202
Data,Record,11,2022-03-02T10:26,51.23285,-11.645806,start,,,,V,,0,1000,1,distance,nmi,-70,I1,C1,DA1,DP1,start,WHB,,C,m2nmi-2,1189.0018,29VE202202
Data,Record,12,2022-03-02T10:32,51.233242,-11.671257,start,,,,V,,0,1000,1,distance,nmi,-70,I1,C1,DA1,DP1,start,WHB,,C,m2nmi-2,1724.3204,29VE202202
Data,Record,13,2022-03-02T10:38,51.23368,-11.696903,start,,,,V,,0,1000,1,distance,nmi,-70,I1,C1,DA1,DP1,start,WHB,,C,m2nmi-2,2433.469,29VE202202
Data,Record,14,2022-03-02T10:45,51.234215,-11.729586,start,,,,V,,0,1000,1,distance,nmi,-70,I1,C1,DA1,DP1,start,WHB,,C,m2nmi-2,3187.8596,29VE202202
Data,Record,15,2022-03-02T10:51,51.234634,-11.754609,start,,,,V,,0,1000,1,distance,nmi,-70,I1,C1,DA1,DP1,start,WHB,,C,m2nmi-2,1557.964,29VE202202
Data,Record,16,2022-03-02T10:58,51.23644,-11.782436,start,,,,V,,0,1000,1,distance,nmi,-70,I1,C1,DA1,DP1,start,WHB,,C,m2nmi-2,749.4564,29VE202202
Data,Record,17,2022-03-02T13:52,51.23466,-11.77533,start,,,,V,,0,1000,1,distance,nmi,-70,I1,C1,DA1,DP1,start,WHB,,C,m2nmi-2,130.52165,29VE202202
Data,Record,18,2022-03-02T13:59,51.235394,-11.801564,start,,,,V,,0,1000,1,distance,nmi,-70,I1,C1,DA1,DP1,start,WHB,,C,m2nmi-2,2699.925,29VE202202
Data,Record,18.1,2022-03-02T14:00,51.235466,-11.804969,start,,,,V,,0,1000,0.1,distance,nmi,-70,I1,C1,DA1,DP1,start,WHB,,C,m2nmi-2,2603.5442,29VE202202
Data,Record,19.1,2022-03-02T14:07,51.235912,-11.832879,start,,,,V,,0,1000,1,distance,nmi,-70,I1,C1,DA1,DP1,start,WHB,,C,m2nmi-2,2825.0532,29VE202202
Data,Record,20.1,2022-03-02T14:13,51.236366,-11.858822,start,,,,V,,0,1000,1,distance,nmi,-70,I1,C1,DA1,DP1,start,WHB,,C,m2nmi-2,1119.0515,29VE202202
Data,Record,21.1,2022-03-02T14:20,51.23675,-11.884495,start,,,,V,,0,1000,1,distance,nmi,-70,I1,C1,DA1,DP1,start,WHB,,C,m2nmi-2,1241.7545,29VE202202
Data,Record,22.1,2022-03-02T14:32,51.237415,-11.932852,start,,,,V,,0,1000,1,distance,nmi,-70,I1,C1,DA1,DP1,start,WHB,,C,m2nmi-2,4130.028,29VE202202
Data,Record,23.1,2022-03-02T14:35,51.23758,-11.943823,start,,,,V,,0,1000,1,distance,nmi,-70,I1,C1,DA1,DP1,start,WHB,,C,m2nmi-2,6396.3184,29VE202202
Data,Record,24.1,2022-03-02T14:46,51.23816,-11.987118,start,,,,V,,0,1000,1,distance,nmi,-70,I1,C1,DA1,DP1,start,WHB,,C,m2nmi-2,3837.3193,29VE202202
Data,Record,25.1,2022-03-02T14:52,51.238537,-12.0135145,start,,,,V,,0,1000,1,distance,nmi,-70,I1,C1,DA1,DP1,start,WHB,,C,m2nmi-2,6326.612,29VE202202
Data,Record,26.1,2022-03-02T14:59,51.238922,-12.040174,start,,,,V,,0,1000,1,distance,nmi,-70,I1,C1,DA1,DP1,start,WHB,,C,m2nmi-2,5672.8706,29VE202202
Data,Record,26.6,2022-03-02T15:02,51.23914,-12.05384,start,,,,V,,0,1000,0.5,distance,nmi,-70,I1,C1,DA1,DP1,start,WHB,,C,m2nmi-2,38464.19,29VE202202
Data,Record,27.6,2022-03-02T15:07,51.23944,-12.076136,start,,,,V,,0,1000,1,distance,nmi,-70,I1,C1,DA1,DP1,start,WHB,,C,m2nmi-2,81394.47,29VE202202
Data,Record,28.6,2022-03-02T15:17,51.239956,-12.116917,start,,,,V,,0,1000,1,distance,nmi,-70,I1,C1,DA1,DP1,start,WHB,,C,m2nmi-2,54293.74,29VE202202
Data,Record,29.2,2022-03-02T15:21,51.23896,-12.132422,start,,,,V,,0,1000,0.6,distance,nmi,-70,I1,C1,DA1,DP1,start,WHB,,C,m2nmi-2,10317.753,29VE202202
Data,Record,30.2,2022-03-02T15:31,51.24063,-12.1692295,start,,,,V,,0,1000,1,distance,nmi,-70,I1,C1,DA1,DP1,start,WHB,,C,m2nmi-2,281.85477,29VE202202
Data,Record,30.3,2022-03-02T15:32,51.240726,-12.174474,start,,,,V,,0,1000,0.1,distance,nmi,-70,I1,C1,DA1,DP1,start,WHB,,C,m2nmi-2,463.20847,29VE202202
Data,Record,31.3,2022-03-02T15:38,51.241,-12.200332,start,,,,V,,0,1000,1,distance,nmi,-70,I1,C1,DA1,DP1,start,WHB,,C,m2nmi-2,2165.2834,29VE202202
Data,Record,32.3,2022-03-02T15:46,51.241352,-12.229846,start,,,,V,,0,1000,1,distance,nmi,-70,I1,C1,DA1,DP1,start,WHB,,C,m2nmi-2,12.640764,29VE202202
Data,Record,33.3,2022-03-02T16:01,51.242077,-12.291217,start,,,,V,,0,1000,1,distance,nmi,-70,I1,C1,DA1,DP1,start,WHB,,C,m2nmi-2,62.198456,29VE202202
Data,Record,34.3,2022-03-02T17:54,51.246536,-12.751796,start,,,,V,,0,1000,1,distance,nmi,-70,I1,C1,DA1,DP1,start,WHB,,C,m2nmi-2,133.99998,29VE202202
Data,Record,35.3,2022-03-02T17:59,51.246693,-12.773079,start,,,,V,,0,1000,1,distance,nmi,-70,I1,C1,DA1,DP1,start,WHB,,C,m2nmi-2,646.50635,29VE202202
Data,Record,35.9,2022-03-02T18:03,51.246822,-12.789905,start,,,,V,,0,1000,0.6,distance,nmi,-70,I1,C1,DA1,DP1,start,WHB,,C,m2nmi-2,19061.883,29VE202202
Data,Record,36.9,2022-03-02T18:09,51.247025,-12.816164,start,,,,V,,0,1000,1,distance,nmi,-70,I1,C1,DA1,DP1,start,WHB,,C,m2nmi-2,2122.3638,29VE202202
Data,Record,37.9,2022-03-02T18:14,51.247177,-12.837419,start,,,,V,,0,1000,1,distance,nmi,-70,I1,C1,DA1,DP1,start,WHB,,C,m2nmi-2,78.69945,29VE202202
Data,Record,38.9,2022-03-02T18:21,51.24739,-12.865403,start,,,,V,,0,1000,1,distance,nmi,-70,I1,C1,DA1,DP1,start,WHB,,C,m2nmi-2,1632.2329,29VE202202
Data,Record,39.9,2022-03-02T18:30,51.24763,-12.89564,start,,,,V,,0,1000,1,distance,nmi,-70,I1,C1,DA1,DP1,start,WHB,,C,m2nmi-2,56591.39,29VE202202
Data,Record,40.9,2022-03-02T20:03,51.24899,-12.928452,start,,,,V,,0,1000,1,distance,nmi,-70,I1,C1,DA1,DP1,start,WHB,,C,m2nmi-2,447.9498,29VE202202
Data,Record,41.9,2022-03-02T20:13,51.24794,-12.936386,start,,,,V,,0,1000,1,distance,nmi,-70,I1,C1,DA1,DP1,start,WHB,,C,m2nmi-2,818.23834,29VE202202
Data,Record,42.9,2022-03-02T20:17,51.247993,-12.952233,start,,,,V,,0,1000,1,distance,nmi,-70,I1,C1,DA1,DP1,start,WHB,,C,m2nmi-2,1623.6691,29VE202202
Data,Record,43.9,2022-03-02T20:24,51.24816,-12.982806,start,,,,V,,0,1000,1,distance,nmi,-70,I1,C1,DA1,DP1,start,WHB,,C,m2nmi-2,1048.9652,29VE202202
Data,Record,44.9,2022-03-02T20:29,51.24825,-13.005038,start,,,,V,,0,1000,1,distance,nmi,-70,I1,C1,DA1,DP1,start,WHB,,C,m2nmi-2,190.7036,29VE202202
Data,Record,45.9,2022-03-02T20:36,51.24838,-13.032364,start,,,,V,,0,1000,1,distance,nmi,-70,I1,C1,DA1,DP1,start,WHB,,C,m2nmi-2,455.32422,29VE202202
Data,Record,46.9,2022-03-02T20:54,51.24877,-13.107223,start,,,,V,,0,1000,1,distance,nmi,-70,I1,C1,DA1,DP1,start,WHB,,C,m2nmi-2,391.57602,29VE202202
Data,Record,47.9,2022-03-02T21:03,51.248943,-13.14459,start,,,,V,,0,1000,1,distance,nmi,-70,I1,C1,DA1,DP1,start,WHB,,C,m2nmi-2,418.8628,29VE202202
Data,Record,48.5,2022-03-02T21:07,51.24905,-13.162214,start,,,,V,,0,1000,0.6,distance,nmi,-70,I1,C1,DA1,DP1,start,WHB,,C,m2nmi-2,6.138042,29VE202202
Data,Record,49.5,2022-03-02T21:37,51.249317,-13.239496,start,,,,V,,0,1000,1,distance,nmi,-70,I1,C1,DA1,DP1,start,WHB,,C,m2nmi-2,109.211426,29VE202202
Data,Record,50.5,2022-03-02T21:49,51.249405,-13.287093,start,,,,V,,0,1000,1,distance,nmi,-70,I1,C1,DA1,DP1,start,WHB,,C,m2nmi-2,2961.8662,29VE202202
Data,Record,51.5,2022-03-02T21:55,51.24954,-13.311633,start,,,,V,,0,1000,1,distance,nmi,-70,I1,C1,DA1,DP1,start,WHB,,C,m2nmi-2,1606.5074,29VE202202
Data,Record,52.1,2022-03-02T21:59,51.249577,-13.326841,start,,,,V,,0,1000,0.6,distance,nmi,-70,I1,C1,DA1,DP1,start,WHB,,C,m2nmi-2,13.845054,29VE202202
Data,Record,53.1,2022-03-02T22:08,51.249645,-13.364289,start,,,,V,,0,1000,1,distance,nmi,-70,I1,C1,DA1,DP1,start,WHB,,C,m2nmi-2,42.147316,29VE202202
Data,Record,54.1,2022-03-02T22:11,51.249683,-13.377506,start,,,,V,,0,1000,1,distance,nmi,-70,I1,C1,DA1,DP1,start,WHB,,C,m2nmi-2,1326.442,29VE202202
Data,Record,55.1,2022-03-02T22:15,51.24975,-13.394896,start,,,,V,,0,1000,1,distance,nmi,-70,I1,C1,DA1,DP1,start,WHB,,C,m2nmi-2,37.284885,29VE202202
Data,Record,56.1,2022-03-02T23:04,51.249958,-13.599463,start,,,,V,,0,1000,1,distance,nmi,-70,I1,C1,DA1,DP1,start,WHB,,C,m2nmi-2,99.37609,29VE202202
Data,Record,57.1,2022-03-02T23:11,51.249985,-13.625905,start,,,,V,,0,1000,1,distance,nmi,-70,I1,C1,DA1,DP1,start,WHB,,C,m2nmi-2,455.18942,29VE202202
Data,Record,58.1,2022-03-02T23:21,51.24999,-13.668812,start,,,,V,,0,1000,1,distance,nmi,-70,I1,C1,DA1,DP1,start,WHB,,C,m2nmi-2,157.30186,29VE202202
Data,Record,59.1,2022-03-02T23:28,51.24999,-13.69791,start,,,,V,,0,1000,1,distance,nmi,-70,I1,C1,DA1,DP1,start,WHB,,C,m2nmi-2,188.67157,29VE202202
Data,Record,60.1,2022-03-02T23:59,51.249798,-13.817347,start,,,,V,,0,1000,1,distance,nmi,-70,I1,C1,DA1,DP1,start,WHB,,C,m2nmi-2,193.6219,29VE202202
Data,Record,60.3,2022-03-03T00:00,51.24981,-13.821563,start,,,,V,,0,1000,0.2,distance,nmi,-70,I1,C1,DA1,DP1,start,WHB,,C,m2nmi-2,86.08579,29VE202202
Data,Record,61.3,2022-03-03T00:40,51.249527,-13.976283,start,,,,V,,0,1000,1,distance,nmi,-70,I1,C1,DA1,DP1,start,WHB,,C,m2nmi-2,101.940254,29VE202202
Data,Record,61.4,2022-03-03T00:40,51.24954,-13.977931,start,,,,V,,0,1000,0.1,distance,nmi,-70,I1,C1,DA1,DP1,start,WHB,,C,m2nmi-2,3.086885,29VE202202
Data,Record,62.4,2022-03-03T00:48,51.24944,-14.008414,start,,,,V,,0,1000,1,distance,nmi,-70,I1,C1,DA1,DP1,start,WHB,,C,m2nmi-2,56.89885,29VE202202
Data,Record,63.4,2022-03-03T00:59,51.24924,-14.053647,start,,,,V,,0,1000,1,distance,nmi,-70,I1,C1,DA1,DP1,start,WHB,,C,m2nmi-2,34.79596,29VE202202
Data,Record,63.8,2022-03-03T01:03,51.249203,-14.067794,start,,,,V,,0,1000,0.4,distance,nmi,-70,I1,C1,DA1,DP1,start,WHB,,C,m2nmi-2,51.495483,29VE202202
Data,Record,64.8,2022-03-03T02:14,51.247997,-14.328068,start,,,,V,,0,1000,1,distance,nmi,-70,I1,C1,DA1,DP1,start,WHB,,C,m2nmi-2,42.952187,29VE202202
Data,Record,65.8,2022-03-03T02:34,51.247528,-14.400048,start,,,,V,,0,1000,1,distance,nmi,-70,I1,C1,DA1,DP1,start,WHB,,C,m2nmi-2,41.06823,29VE202202
Data,Record,66.8,2022-03-03T02:41,51.24736,-14.422655,start,,,,V,,0,1000,1,distance,nmi,-70,I1,C1,DA1,DP1,start,WHB,,C,m2nmi-2,596.2838,29VE202202
Data,Record,67,2022-03-03T02:44,51.247295,-14.433171,start,,,,V,,0,1000,0.2,distance,nmi,-70,I1,C1,DA1,DP1,start,WHB,,C,m2nmi-2,1158.8892,29VE202202
Data,Record,68,2022-03-03T02:50,51.247173,-14.455737,start,,,,V,,0,1000,1,distance,nmi,-70,I1,C1,DA1,DP1,start,WHB,,C,m2nmi-2,47.435207,29VE202202
Data,Record,68.3,2022-03-03T03:02,51.246906,-14.495699,start,,,,V,,0,1000,0.3,distance,nmi,-70,I1,C1,DA1,DP1,start,WHB,,C,m2nmi-2,16.175028,29VE202202
Data,Record,69.3,2022-03-03T03:10,51.246696,-14.5250435,start,,,,V,,0,1000,1,distance,nmi,-70,I1,C1,DA1,DP1,start,WHB,,C,m2nmi-2,78.57374,29VE202202
Data,Record,70.3,2022-03-03T03:19,51.24646,-14.558844,start,,,,V,,0,1000,1,distance,nmi,-70,I1,C1,DA1,DP1,start,WHB,,C,m2nmi-2,3384.8394,29VE202202
Data,Record,71.3,2022-03-03T03:25,51.246258,-14.580321,start,,,,V,,0,1000,1,distance,nmi,-70,I1,C1,DA1,DP1,start,WHB,,C,m2nmi-2,6353.597,29VE202202
Data,Record,72.3,2022-03-03T08:05,51.387074,-15.388518,start,,,,V,,0,1000,1,distance,nmi,-70,I1,C1,DA1,DP1,start,WHB,,C,m2nmi-2,4972.866,29VE202202
Data,Record,72.4,2022-03-03T08:06,51.388046,-15.388714,start,,,,V,,0,1000,0.1,distance,nmi,-70,I1,C1,DA1,DP1,start,WHB,,C,m2nmi-2,14.780257,29VE202202
Data,Record,73.4,2022-03-03T08:38,51.462864,-15.406058,start,,,,V,,0,1000,1,distance,nmi,-70,I1,C1,DA1,DP1,start,WHB,,C,m2nmi-2,11423.332,29VE202202
Data,Record,74.4,2022-03-03T08:42,51.472176,-15.408288,start,,,,V,,0,1000,1,distance,nmi,-70,I1,C1,DA1,DP1,start,WHB,,C,m2nmi-2,8562.118,29VE202202
Data,Record,75.4,2022-03-03T08:48,51.485744,-15.411854,start,,,,V,,0,1000,1,distance,nmi,-70,I1,C1,DA1,DP1,start,WHB,,C,m2nmi-2,478.29294,29VE202202
Data,Record,76.4,2022-03-03T09:15,51.546844,-15.426486,start,,,,V,,0,1000,1,distance,nmi,-70,I1,C1,DA1,DP1,start,WHB,,C,m2nmi-2,7.609265,29VE202202
Data,Record,77.4,2022-03-03T09:20,51.55977,-15.4297495,start,,,,V,,0,1000,1,distance,nmi,-70,I1,C1,DA1,DP1,start,WHB,,C,m2nmi-2,795.31287,29VE202202
Data,Record,78.4,2022-03-03T09:25,51.57066,-15.432324,start,,,,V,,0,1000,1,distance,nmi,-70,I1,C1,DA1,DP1,start,WHB,,C,m2nmi-2,3857.1592,29VE202202
Data,Record,79.4,2022-03-03T10:34,51.61024,-15.221562,start,,,,V,,0,1000,1,distance,nmi,-70,I1,C1,DA1,DP1,start,WHB,,C,m2nmi-2,312.23422,29VE202202
Data,Record,80.4,2022-03-03T11:45,51.613857,-14.919023,start,,,,V,,0,1000,1,distance,nmi,-70,I1,C1,DA1,DP1,start,WHB,,C,m2nmi-2,15.126077,29VE202202
Data,Record,80.5,2022-03-03T11:46,51.6139,-14.915583,start,,,,V,,0,1000,0.1,distance,nmi,-70,I1,C1,DA1,DP1,start,WHB,,C,m2nmi-2,8701.052,29VE202202
Data,Record,81.5,2022-03-03T11:53,51.614246,-14.884687,start,,,,V,,0,1000,1,distance,nmi,-70,I1,C1,DA1,DP1,start,WHB,,C,m2nmi-2,12862.319,29VE202202
Data,Record,82.5,2022-03-03T12:04,51.614704,-14.838975,start,,,,V,,0,1000,1,distance,nmi,-70,I1,C1,DA1,DP1,start,WHB,,C,m2nmi-2,4972.5864,29VE202202
Data,Record,83.5,2022-03-03T12:10,51.615063,-14.812441,start,,,,V,,0,1000,1,distance,nmi,-70,I1,C1,DA1,DP1,start,WHB,,C,m2nmi-2,4690.2046,29VE202202
Data,Record,84.5,2022-03-03T12:16,51.615116,-14.785666,start,,,,V,,0,1000,1,distance,nmi,-70,I1,C1,DA1,DP1,start,WHB,,C,m2nmi-2,5063.865,29VE202202
Data,Record,84.7,2022-03-03T12:18,51.61524,-14.778535,start,,,,V,,0,1000,0.2,distance,nmi,-70,I1,C1,DA1,DP1,start,WHB,,C,m2nmi-2,5208.6206,29VE202202
Data,Record,85.7,2022-03-03T12:28,51.615788,-14.732369,start,,,,V,,0,1000,1,distance,nmi,-70,I1,C1,DA1,DP1,start,WHB,,C,m2nmi-2,3539.0918,29VE202202
Data,Record,86.7,2022-03-03T12:35,51.616066,-14.705632,start,,,,V,,0,1000,1,distance,nmi,-70,I1,C1,DA1,DP1,start,WHB,,C,m2nmi-2,4217.3228,29VE202202
Data,Record,86.8,2022-03-03T12:35,51.61608,-14.704148,start,,,,V,,0,1000,0.1,distance,nmi,-70,I1,C1,DA1,DP1,start,WHB,,C,m2nmi-2,2815.0603,29VE202202
Data,Record,87.8,2022-03-03T12:47,51.61645,-14.6522875,start,,,,V,,0,1000,1,distance,nmi,-70,I1,C1,DA1,DP1,start,WHB,,C,m2nmi-2,2893.1736,29VE202202
Data,Record,88.8,2022-03-03T12:53,51.61675,-14.627886,start,,,,V,,0,1000,1,distance,nmi,-70,I1,C1,DA1,DP1,start,WHB,,C,m2nmi-2,541.28546,29VE202202
Data,Record,88.9,2022-03-03T12:53,51.616783,-14.625455,start,,,,V,,0,1000,0.1,distance,nmi,-70,I1,C1,DA1,DP1,start,WHB,,C,m2nmi-2,256.36545,29VE202202
Data,Record,89.9,2022-03-03T13:06,51.61718,-14.56977,start,,,,V,,0,1000,1,distance,nmi,-70,I1,C1,DA1,DP1,start,WHB,,C,m2nmi-2,4.478762,29VE202202
Data,Record,90.9,2022-03-03T13:16,51.61756,-14.52544,start,,,,V,,0,1000,1,distance,nmi,-70,I1,C1,DA1,DP1,start,WHB,,C,m2nmi-2,22.223593,29VE202202
Data,Record,91.9,2022-03-03T14:42,51.619797,-14.145268,start,,,,V,,0,1000,1,distance,nmi,-70,I1,C1,DA1,DP1,start,WHB,,C,m2nmi-2,26.368153,29VE202202
Data,Record,92,2022-03-03T14:42,51.619812,-14.144859,start,,,,V,,0,1000,0.1,distance,nmi,-70,I1,C1,DA1,DP1,start,WHB,,C,m2nmi-2,62.01486,29VE202202
Data,Record,93,2022-03-03T14:48,51.620064,-14.118565,start,,,,V,,0,1000,1,distance,nmi,-70,I1,C1,DA1,DP1,start,WHB,,C,m2nmi-2,4.771949,29VE202202
Data,Record,94,2022-03-03T14:57,51.62001,-14.078681,start,,,,V,,0,1000,1,distance,nmi,-70,I1,C1,DA1,DP1,start,WHB,,C,m2nmi-2,26.178185,29VE202202
Data,Record,94.6,2022-03-03T15:01,51.62003,-14.062684,start,,,,V,,0,1000,0.6,distance,nmi,-70,I1,C1,DA1,DP1,start,WHB,,C,m2nmi-2,465.65402,29VE202202
Data,Record,95.6,2022-03-03T15:07,51.620247,-14.036698,start,,,,V,,0,1000,1,distance,nmi,-70,I1,C1,DA1,DP1,start,WHB,,C,m2nmi-2,380.29333,29VE202202
Data,Record,96.6,2022-03-03T15:13,51.620594,-14.009603,start,,,,V,,0,1000,1,distance,nmi,-70,I1,C1,DA1,DP1,start,WHB,,C,m2nmi-2,480.87717,29VE202202
Data,Record,97.6,2022-03-03T15:20,51.619904,-13.978041,start,,,,V,,0,1000,1,distance,nmi,-70,I1,C1,DA1,DP1,start,WHB,,C,m2nmi-2,972.03033,29VE202202
Data,Record,98.6,2022-03-03T15:25,51.619713,-13.958066,start,,,,V,,0,1000,1,distance,nmi,-70,I1,C1,DA1,DP1,start,WHB,,C,m2nmi-2,1955.3608,29VE202202
Data,Record,99.6,2022-03-03T15:33,51.621216,-13.922822,start,,,,V,,0,1000,1,distance,nmi,-70,I1,C1,DA1,DP1,start,WHB,,C,m2nmi-2,1665.809,29VE202202
Data,Record,100.6,2022-03-03T15:42,51.62022,-13.884338,start,,,,V,,0,1000,1,distance,nmi,-70,I1,C1,DA1,DP1,start,WHB,,C,m2nmi-2,1649.2509,29VE202202
Data,Record,101.6,2022-03-03T15:50,51.620193,-13.852023,start,,,,V,,0,1000,1,distance,nmi,-70,I1,C1,DA1,DP1,start,WHB,,C,m2nmi-2,1331.3308,29VE202202
Data,Record,101.7,2022-03-03T15:50,51.62021,-13.851308,start,,,,V,,0,1000,0.1,distance,nmi,-70,I1,C1,DA1,DP1,start,WHB,,C,m2nmi-2,1099.2417,29VE202202
Data,Record,102.7,2022-03-03T16:02,51.621292,-13.799472,start,,,,V,,0,1000,1,distance,nmi,-70,I1,C1,DA1,DP1,start,WHB,,C,m2nmi-2,2784.9863,29VE202202
Data,Record,102.8,2022-03-03T16:02,51.621246,-13.798566,start,,,,V,,0,1000,0.1,distance,nmi,-70,I1,C1,DA1,DP1,start,WHB,,C,m2nmi-2,2080.4036,29VE202202
Data,Record,103.8,2022-03-03T16:08,51.620304,-13.77208,start,,,,V,,0,1000,1,distance,nmi,-70,I1,C1,DA1,DP1,start,WHB,,C,m2nmi-2,1377.7798,29VE202202
Data,Record,104.8,2022-03-03T16:19,51.619816,-13.718814,start,,,,V,,0,1000,1,distance,nmi,-70,I1,C1,DA1,DP1,start,WHB,,C,m2nmi-2,1653.5208,29VE202202
Data,Record,105.3,2022-03-03T16:21,51.61976,-13.710887,start,,,,V,,0,1000,0.5,distance,nmi,-70,I1,C1,DA1,DP1,start,WHB,,C,m2nmi-2,1535.4886,29VE202202
Data,Record,106.3,2022-03-03T16:30,51.6205,-13.671527,start,,,,V,,0,1000,1,distance,nmi,-70,I1,C1,DA1,DP1,start,WHB,,C,m2nmi-2,8667.605,29VE202202
Data,Record,106.6,2022-03-03T16:32,51.62096,-13.66442,start,,,,V,,0,1000,0.3,distance,nmi,-70,I1,C1,DA1,DP1,start,WHB,,C,m2nmi-2,1498.4221,29VE202202
Data,Record,107.6,2022-03-03T16:46,51.622433,-13.604181,start,,,,V,,0,1000,1,distance,nmi,-70,I1,C1,DA1,DP1,start,WHB,,C,m2nmi-2,10.963905,29VE202202
Data,Record,108.6,2022-03-03T16:53,51.621937,-13.573131,start,,,,V,,0,1000,1,distance,nmi,-70,I1,C1,DA1,DP1,start,WHB,,C,m2nmi-2,1072.32,29VE202202
Data,Record,109.1,2022-03-03T16:56,51.621956,-13.558645,start,,,,V,,0,1000,0.5,distance,nmi,-70,I1,C1,DA1,DP1,start,WHB,,C,m2nmi-2,664.3418,29VE202202
Data,Record,110.1,2022-03-03T17:03,51.62149,-13.530759,start,,,,V,,0,1000,1,distance,nmi,-70,I1,C1,DA1,DP1,start,WHB,,C,m2nmi-2,837.9121,29VE202202
Data,Record,111.1,2022-03-03T17:10,51.620525,-13.498052,start,,,,V,,0,1000,1,distance,nmi,-70,I1,C1,DA1,DP1,start,WHB,,C,m2nmi-2,58144.082,29VE202202
Data,Record,112.1,2022-03-03T17:15,51.6195,-13.474861,start,,,,V,,0,1000,1,distance,nmi,-70,I1,C1,DA1,DP1,start,WHB,,C,m2nmi-2,644.30774,29VE202202
Data,Record,113.1,2022-03-03T17:24,51.617832,-13.438774,start,,,,V,,0,1000,1,distance,nmi,-70,I1,C1,DA1,DP1,start,WHB,,C,m2nmi-2,333.55472,29VE202202
Data,Record,114.1,2022-03-03T17:29,51.618015,-13.417402,start,,,,V,,0,1000,1,distance,nmi,-70,I1,C1,DA1,DP1,start,WHB,,C,m2nmi-2,974.98956,29VE202202
Data,Record,114.6,2022-03-03T17:33,51.619484,-13.396023,start,,,,V,,0,1000,0.5,distance,nmi,-70,I1,C1,DA1,DP1,start,WHB,,C,m2nmi-2,4811.1978,29VE202202
Data,Record,115.6,2022-03-03T17:40,51.620903,-13.366434,start,,,,V,,0,1000,1,distance,nmi,-70,I1,C1,DA1,DP1,start,WHB,,C,m2nmi-2,8230.171,29VE202202
Data,Record,116.6,2022-03-03T17:45,51.62108,-13.34478,start,,,,V,,0,1000,1,distance,nmi,-70,I1,C1,DA1,DP1,start,WHB,,C,m2nmi-2,25521.21,29VE202202
Data,Record,117.6,2022-03-03T17:52,51.620773,-13.316481,start,,,,V,,0,1000,1,distance,nmi,-70,I1,C1,DA1,DP1,start,WHB,,C,m2nmi-2,5901.3726,29VE202202
Data,Record,118.6,2022-03-03T17:58,51.620697,-13.290664,start,,,,V,,0,1000,1,distance,nmi,-70,I1,C1,DA1,DP1,start,WHB,,C,m2nmi-2,465.3697,29VE202202
Data,Record,119.6,2022-03-03T18:04,51.62015,-13.260757,start,,,,V,,0,1000,1,distance,nmi,-70,I1,C1,DA1,DP1,start,WHB,,C,m2nmi-2,7876.1187,29VE202202
Data,Record,120.6,2022-03-03T18:12,51.619823,-13.229145,start,,,,V,,0,1000,1,distance,nmi,-70,I1,C1,DA1,DP1,start,WHB,,C,m2nmi-2,12718.715,29VE202202
Data,Record,121.3,2022-03-03T18:16,51.620186,-13.211094,start,,,,V,,0,1000,0.7,distance,nmi,-70,I1,C1,DA1,DP1,start,WHB,,C,m2nmi-2,9286.759,29VE202202
Data,Record,122.3,2022-03-03T18:22,51.61998,-13.185554,start,,,,V,,0,1000,1,distance,nmi,-70,I1,C1,DA1,DP1,start,WHB,,C,m2nmi-2,2567.1167,29VE202202
Data,Record,123.3,2022-03-03T18:28,51.619694,-13.158649,start,,,,V,,0,1000,1,distance,nmi,-70,I1,C1,DA1,DP1,start,WHB,,C,m2nmi-2,2785.6272,29VE202202
Data,Record,124.3,2022-03-03T18:33,51.61969,-13.137245,start,,,,V,,0,1000,1,distance,nmi,-70,I1,C1,DA1,DP1,start,WHB,,C,m2nmi-2,2785.6272,29VE202202
Data,Record,124.8,2022-03-03T18:36,51.61963,-13.124663,start,,,,V,,0,1000,0.5,distance,nmi,-70,I1,C1,DA1,DP1,start,WHB,,C,m2nmi-2,10822.657,29VE202202
Data,Record,125.8,2022-03-03T18:42,51.619526,-13.10127,start,,,,V,,0,1000,1,distance,nmi,-70,I1,C1,DA1,DP1,start,WHB,,C,m2nmi-2,14377.777,29VE202202
Data,Record,126.8,2022-03-03T18:52,51.619225,-13.053146,start,,,,V,,0,1000,1,distance,nmi,-70,I1,C1,DA1,DP1,start,WHB,,C,m2nmi-2,5395.0483,29VE202202
Data,Record,127.3,2022-03-03T18:55,51.619194,-13.041551,start,,,,V,,0,1000,0.5,distance,nmi,-70,I1,C1,DA1,DP1,start,WHB,,C,m2nmi-2,7965.6113,29VE202202
Data,Record,127.9,2022-03-03T18:59,51.619186,-13.024281,start,,,,V,,0,1000,0.6,distance,nmi,-70,I1,C1,DA1,DP1,start,WHB,,C,m2nmi-2,4963.1406,29VE202202
Data,Record,128.9,2022-03-03T19:05,51.61898,-12.996916,start,,,,V,,0,1000,1,distance,nmi,-70,I1,C1,DA1,DP1,start,WHB,,C,m2nmi-2,11530.424,29VE202202
Data,Record,129.9,2022-03-03T19:16,51.618607,-12.9486265,start,,,,V,,0,1000,1,distance,nmi,-70,I1,C1,DA1,DP1,start,WHB,,C,m2nmi-2,6200.777,29VE202202
Data,Record,130.4,2022-03-03T19:19,51.61899,-12.935471,start,,,,V,,0,1000,0.5,distance,nmi,-70,I1,C1,DA1,DP1,start,WHB,,C,m2nmi-2,15529.456,29VE202202
Data,Record,131.4,2022-03-03T19:29,51.618946,-12.892244,start,,,,V,,0,1000,1,distance,nmi,-70,I1,C1,DA1,DP1,start,WHB,,C,m2nmi-2,18366.246,29VE202202
Data,Record,132.4,2022-03-03T19:34,51.618576,-12.87164,start,,,,V,,0,1000,1,distance,nmi,-70,I1,C1,DA1,DP1,start,WHB,,C,m2nmi-2,3257.3137,29VE202202
Data,Record,132.7,2022-03-03T19:36,51.618435,-12.863097,start,,,,V,,0,1000,0.3,distance,nmi,-70,I1,C1,DA1,DP1,start,WHB,,C,m2nmi-2,531.6327,29VE202202
Data,Record,133.7,2022-03-03T19:44,51.617653,-12.824395,start,,,,V,,0,1000,1,distance,nmi,-70,I1,C1,DA1,DP1,start,WHB,,C,m2nmi-2,125.98954,29VE202202
Data,Record,134.7,2022-03-03T19:49,51.618317,-12.802171,start,,,,V,,0,1000,1,distance,nmi,-70,I1,C1,DA1,DP1,start,WHB,,C,m2nmi-2,51.557102,29VE202202
Data,Record,135.7,2022-03-03T19:54,51.618183,-12.782695,start,,,,V,,0,1000,1,distance,nmi,-70,I1,C1,DA1,DP1,start,WHB,,C,m2nmi-2,29.006788,29VE202202
Data,Record,136.7,2022-03-03T20:07,51.61721,-12.723858,start,,,,V,,0,1000,1,distance,nmi,-70,I1,C1,DA1,DP1,start,WHB,,C,m2nmi-2,777.8953,29VE202202
Data,Record,137.7,2022-03-03T20:12,51.617058,-12.703847,start,,,,V,,0,1000,1,distance,nmi,-70,I1,C1,DA1,DP1,start,WHB,,C,m2nmi-2,905.1849,29VE202202
Data,Record,138.7,2022-03-03T20:21,51.61672,-12.66416,start,,,,V,,0,1000,1,distance,nmi,-70,I1,C1,DA1,DP1,start,WHB,,C,m2nmi-2,424.209,29VE202202
Data,Record,139.3,2022-03-03T20:25,51.616558,-12.64777,start,,,,V,,0,1000,0.6,distance,nmi,-70,I1,C1,DA1,DP1,start,WHB,,C,m2nmi-2,17.94039,29VE202202
Data,Record,140.3,2022-03-03T20:43,51.615864,-12.568758,start,,,,V,,0,1000,1,distance,nmi,-70,I1,C1,DA1,DP1,start,WHB,,C,m2nmi-2,881.56036,29VE202202
Data,Record,141.3,2022-03-03T20:50,51.615597,-12.535452,start,,,,V,,0,1000,1,distance,nmi,-70,I1,C1,DA1,DP1,start,WHB,,C,m2nmi-2,4703.738,29VE202202
Data,Record,142.3,2022-03-03T20:55,51.615437,-12.51437,start,,,,V,,0,1000,1,distance,nmi,-70,I1,C1,DA1,DP1,start,WHB,,C,m2nmi-2,25004.932,29VE202202
Data,Record,143.3,2022-03-03T21:03,51.61505,-12.479597,start,,,,V,,0,1000,1,distance,nmi,-70,I1,C1,DA1,DP1,start,WHB,,C,m2nmi-2,29077.863,29VE202202
Data,Record,143.8,2022-03-03T21:07,51.61484,-12.46401,start,,,,V,,0,1000,0.5,distance,nmi,-70,I1,C1,DA1,DP1,start,WHB,,C,m2nmi-2,37319.355,29VE202202
Data,Record,144.8,2022-03-03T21:14,51.614532,-12.42981,start,,,,V,,0,1000,1,distance,nmi,-70,I1,C1,DA1,DP1,start,WHB,,C,m2nmi-2,8451.008,29VE202202
Data,Record,145.8,2022-03-03T21:19,51.61429,-12.407423,start,,,,V,,0,1000,1,distance,nmi,-70,I1,C1,DA1,DP1,start,WHB,,C,m2nmi-2,4005.4597,29VE202202
Data,Record,146.8,2022-03-03T21:28,51.61389,-12.371588,start,,,,V,,0,1000,1,distance,nmi,-70,I1,C1,DA1,DP1,start,WHB,,C,m2nmi-2,1521.1686,29VE202202
Data,Record,147.4,2022-03-03T21:32,51.613686,-12.351363,start,,,,V,,0,1000,0.6,distance,nmi,-70,I1,C1,DA1,DP1,start,WHB,,C,m2nmi-2,1260.2742,29VE202202
Data,Record,148.4,2022-03-03T21:40,51.61332,-12.316777,start,,,,V,,0,1000,1,distance,nmi,-70,I1,C1,DA1,DP1,start,WHB,,C,m2nmi-2,632.9592,29VE202202
Data,Record,149.4,2022-03-03T21:45,51.613037,-12.292871,start,,,,V,,0,1000,1,distance,nmi,-70,I1,C1,DA1,DP1,start,WHB,,C,m2nmi-2,903.5102,29VE202202
Data,Record,150.4,2022-03-03T21:50,51.612812,-12.271669,start,,,,V,,0,1000,1,distance,nmi,-70,I1,C1,DA1,DP1,start,WHB,,C,m2nmi-2,3056.4663,29VE202202
Data,Record,151.4,2022-03-03T21:55,51.612503,-12.249051,start,,,,V,,0,1000,1,distance,nmi,-70,I1,C1,DA1,DP1,start,WHB,,C,m2nmi-2,3691.7197,29VE202202
Data,Record,151.9,2022-03-03T23:59,51.608833,-11.965296,start,,,,V,,0,1000,0.5,distance,nmi,-70,I1,C1,DA1,DP1,start,WHB,,C,m2nmi-2,2253.9573,29VE202202
Data,Record,152.4,2022-03-04T00:01,51.608746,-11.95896,start,,,,V,,0,1000,0.5,distance,nmi,-70,I1,C1,DA1,DP1,start,WHB,,C,m2nmi-2,1627.3951,29VE202202
Data,Record,153.4,2022-03-04T00:08,51.60825,-11.926389,start,,,,V,,0,1000,1,distance,nmi,-70,I1,C1,DA1,DP1,start,WHB,,C,m2nmi-2,425.74295,29VE202202
Data,Record,154.4,2022-03-04T00:13,51.607857,-11.90513,start,,,,V,,0,1000,1,distance,nmi,-70,I1,C1,DA1,DP1,start,WHB,,C,m2nmi-2,23.505144,29VE202202
Data,Record,155.4,2022-03-04T00:30,51.60675,-11.833301,start,,,,V,,0,1000,1,distance,nmi,-70,I1,C1,DA1,DP1,start,WHB,,C,m2nmi-2,73.44056,29VE202202
Data,Record,155.5,2022-03-04T00:31,51.606693,-11.829221,start,,,,V,,0,1000,0.1,distance,nmi,-70,I1,C1,DA1,DP1,start,WHB,,C,m2nmi-2,279.98236,29VE202202
Data,Record,156.5,2022-03-04T00:39,51.60621,-11.793162,start,,,,V,,0,1000,1,distance,nmi,-70,I1,C1,DA1,DP1,start,WHB,,C,m2nmi-2,395.7563,29VE202202
Data,Record,157,2022-03-04T00:43,51.60598,-11.777341,start,,,,V,,0,1000,0.5,distance,nmi,-70,I1,C1,DA1,DP1,start,WHB,,C,m2nmi-2,2083.806,29VE202202
Data,Record,158,2022-03-04T00:52,51.605324,-11.738221,start,,,,V,,0,1000,1,distance,nmi,-70,I1,C1,DA1,DP1,start,WHB,,C,m2nmi-2,1313.3008,29VE202202
Data,Record,158.5,2022-03-04T00:56,51.60508,-11.71807,start,,,,V,,0,1000,0.5,distance,nmi,-70,I1,C1,DA1,DP1,start,WHB,,C,m2nmi-2,35.167503,29VE202202
Data,Record,159.5,2022-03-04T08:14,51.974873,-11.651605,start,,,,V,,0,1000,1,distance,nmi,-70,I1,C1,DA1,DP1,start,MAV,,C,m2nmi-2,3.034079,29VE202202
Data,Record,160,2022-03-04T08:17,51.97515,-11.663555,start,,,,V,,0,1000,0.5,distance,nmi,-70,I1,C1,DA1,DP1,start,MAV,,C,m2nmi-2,51.813484,29VE202202
Data,Record,161,2022-03-04T08:22,51.975456,-11.685074,start,,,,V,,0,1000,1,distance,nmi,-70,I1,C1,DA1,DP1,start,MAV,,C,m2nmi-2,288.20822,29VE202202
Data,Record,162,2022-03-04T08:33,51.97619,-11.73303,start,,,,V,,0,1000,1,distance,nmi,-70,I1,C1,DA1,DP1,start,WHB,,C,m2nmi-2,129.22197,29VE202202
Data,Record,162.5,2022-03-04T08:36,51.9764,-11.745482,start,,,,V,,0,1000,0.5,distance,nmi,-70,I1,C1,DA1,DP1,start,WHB,,C,m2nmi-2,222.31609,29VE202202
Data,Record,163.5,2022-03-04T08:42,51.976776,-11.769732,start,,,,V,,0,1000,1,distance,nmi,-70,I1,C1,DA1,DP1,start,WHB,,C,m2nmi-2,1059.2114,29VE202202
Data,Record,164.5,2022-03-04T08:47,51.977154,-11.793334,start,,,,V,,0,1000,1,distance,nmi,-70,I1,C1,DA1,DP1,start,WHB,,C,m2nmi-2,1480.7493,29VE202202
Data,Record,165.5,2022-03-04T08:58,51.977863,-11.840077,start,,,,V,,0,1000,1,distance,nmi,-70,I1,C1,DA1,DP1,start,WHB,,C,m2nmi-2,2297.7585,29VE202202
Data,Record,166,2022-03-04T09:01,51.978138,-11.8548,start,,,,V,,0,1000,0.5,distance,nmi,-70,I1,C1,DA1,DP1,start,WHB,,C,m2nmi-2,2354.1018,29VE202202
Data,Record,167,2022-03-04T09:11,51.97875,-11.898028,start,,,,V,,0,1000,1,distance,nmi,-70,I1,C1,DA1,DP1,start,WHB,,C,m2nmi-2,1885.8995,29VE202202
Data,Record,167.5,2022-03-04T09:13,51.97891,-11.906727,start,,,,V,,0,1000,0.5,distance,nmi,-70,I1,C1,DA1,DP1,start,WHB,,C,m2nmi-2,1668.8387,29VE202202
Data,Record,168.5,2022-03-04T09:20,51.979298,-11.93749,start,,,,V,,0,1000,1,distance,nmi,-70,I1,C1,DA1,DP1,start,WHB,,C,m2nmi-2,2395.1873,29VE202202
Data,Record,169.5,2022-03-04T09:27,51.97968,-11.965088,start,,,,V,,0,1000,1,distance,nmi,-70,I1,C1,DA1,DP1,start,WHB,,C,m2nmi-2,2577.3262,29VE202202
Data,Record,170,2022-03-04T09:30,51.979916,-11.979206,start,,,,V,,0,1000,0.5,distance,nmi,-70,I1,C1,DA1,DP1,start,WHB,,C,m2nmi-2,2470.331,29VE202202
Data,Record,171,2022-03-04T09:39,51.98119,-12.014867,start,,,,V,,0,1000,1,distance,nmi,-70,I1,C1,DA1,DP1,start,WHB,,C,m2nmi-2,9055.766,29VE202202
Data,Record,172,2022-03-04T13:52,51.98041,-11.983729,start,,,,V,,0,1000,1,distance,nmi,-70,I1,C1,DA1,DP1,start,WHB,,C,m2nmi-2,4139.8916,29VE202202
Data,Record,173,2022-03-04T14:01,51.9808,-12.026119,start,,,,V,,0,1000,1,distance,nmi,-70,I1,C1,DA1,DP1,start,WHB,,C,m2nmi-2,14693.424,29VE202202
Data,Record,173.5,2022-03-04T14:05,51.98096,-12.040931,start,,,,V,,0,1000,0.5,distance,nmi,-70,I1,C1,DA1,DP1,start,WHB,,C,m2nmi-2,27516.996,29VE202202
Data,Record,174.5,2022-03-04T14:11,51.98129,-12.068859,start,,,,V,,0,1000,1,distance,nmi,-70,I1,C1,DA1,DP1,start,WHB,,C,m2nmi-2,12598.891,29VE202202
Data,Record,175.5,2022-03-04T14:22,51.9818,-12.11606,start,,,,V,,0,1000,1,distance,nmi,-70,I1,C1,DA1,DP1,start,WHB,,C,m2nmi-2,12898.851,29VE202202
Data,Record,176.5,2022-03-04T14:28,51.98212,-12.142991,start,,,,V,,0,1000,1,distance,nmi,-70,I1,C1,DA1,DP1,start,WHB,,C,m2nmi-2,11917.142,29VE202202
Data,Record,176.6,2022-03-04T14:29,51.982143,-12.144697,start,,,,V,,0,1000,0.1,distance,nmi,-70,I1,C1,DA1,DP1,start,WHB,,C,m2nmi-2,11178.671,29VE202202
Data,Record,177.6,2022-03-04T14:37,51.98256,-12.179848,start,,,,V,,0,1000,1,distance,nmi,-70,I1,C1,DA1,DP1,start,WHB,,C,m2nmi-2,5356.8975,29VE202202
Data,Record,178.6,2022-03-04T14:43,51.982864,-12.205547,start,,,,V,,0,1000,1,distance,nmi,-70,I1,C1,DA1,DP1,start,WHB,,C,m2nmi-2,3648.6133,29VE202202
Data,Record,179.3,2022-03-04T14:47,51.98308,-12.225408,start,,,,V,,0,1000,0.7,distance,nmi,-70,I1,C1,DA1,DP1,start,WHB,,C,m2nmi-2,1979.5405,29VE202202
Data,Record,180.3,2022-03-04T14:53,51.98333,-12.251104,start,,,,V,,0,1000,1,distance,nmi,-70,I1,C1,DA1,DP1,start,WHB,,C,m2nmi-2,6892.9233,29VE202202
Data,Record,181.3,2022-03-04T15:00,51.983723,-12.281476,start,,,,V,,0,1000,1,distance,nmi,-70,I1,C1,DA1,DP1,start,WHB,,C,m2nmi-2,603.5081,29VE202202
Data,Record,182.3,2022-03-04T15:06,51.984016,-12.307241,start,,,,V,,0,1000,1,distance,nmi,-70,I1,C1,DA1,DP1,start,WHB,,C,m2nmi-2,11317.38,29VE202202
Data,Record,183.3,2022-03-04T15:13,51.98437,-12.337039,start,,,,V,,0,1000,1,distance,nmi,-70,I1,C1,DA1,DP1,start,WHB,,C,m2nmi-2,3215.3652,29VE202202
Data,Record,184.3,2022-03-04T15:19,51.984653,-12.361909,start,,,,V,,0,1000,1,distance,nmi,-70,I1,C1,DA1,DP1,start,WHB,,C,m2nmi-2,3520.6292,29VE202202
Data,Record,185.3,2022-03-04T15:25,51.984932,-12.388261,start,,,,V,,0,1000,1,distance,nmi,-70,I1,C1,DA1,DP1,start,WHB,,C,m2nmi-2,5353.1704,29VE202202
Data,Record,186.3,2022-03-04T15:32,51.984673,-12.417409,start,,,,V,,0,1000,1,distance,nmi,-70,I1,C1,DA1,DP1,start,WHB,,C,m2nmi-2,14149.26,29VE202202
Data,Record,187.3,2022-03-04T15:43,51.981968,-12.465339,start,,,,V,,0,1000,1,distance,nmi,-70,I1,C1,DA1,DP1,start,WHB,,C,m2nmi-2,10214.903,29VE202202
Data,Record,188.3,2022-03-04T15:48,51.98473,-12.488754,start,,,,V,,0,1000,1,distance,nmi,-70,I1,C1,DA1,DP1,start,WHB,,C,m2nmi-2,2819.8357,29VE202202
Data,Record,188.6,2022-03-04T15:50,51.985474,-12.494655,start,,,,V,,0,1000,0.3,distance,nmi,-70,I1,C1,DA1,DP1,start,WHB,,C,m2nmi-2,2908.3813,29VE202202
Data,Record,189.6,2022-03-04T16:00,51.986397,-12.537146,start,,,,V,,0,1000,1,distance,nmi,-70,I1,C1,DA1,DP1,start,WHB,,C,m2nmi-2,3832.6182,29VE202202
Data,Record,190.2,2022-03-04T16:04,51.986572,-12.558417,start,,,,V,,0,1000,0.6,distance,nmi,-70,I1,C1,DA1,DP1,start,WHB,,C,m2nmi-2,1840.3447,29VE202202
Data,Record,191.2,2022-03-04T16:09,51.986786,-12.576874,start,,,,V,,0,1000,1,distance,nmi,-70,I1,C1,DA1,DP1,start,WHB,,C,m2nmi-2,2252.3555,29VE202202
Data,Record,192.2,2022-03-04T16:15,51.98702,-12.605298,start,,,,V,,0,1000,1,distance,nmi,-70,I1,C1,DA1,DP1,start,WHB,,C,m2nmi-2,706.0223,29VE202202
Data,Record,193.2,2022-03-04T16:23,51.987316,-12.638987,start,,,,V,,0,1000,1,distance,nmi,-70,I1,C1,DA1,DP1,start,WHB,,C,m2nmi-2,8884.243,29VE202202
Data,Record,193.7,2022-03-04T16:26,51.987476,-12.655186,start,,,,V,,0,1000,0.5,distance,nmi,-70,I1,C1,DA1,DP1,start,WHB,,C,m2nmi-2,2036.6425,29VE202202
Data,Record,194.7,2022-03-04T16:38,51.987724,-12.706972,start,,,,V,,0,1000,1,distance,nmi,-70,I1,C1,DA1,DP1,start,WHB,,C,m2nmi-2,7169.6914,29VE202202
Data,Record,195.7,2022-03-04T16:44,51.988094,-12.732051,start,,,,V,,0,1000,1,distance,nmi,-70,I1,C1,DA1,DP1,start,WHB,,C,m2nmi-2,9276.264,29VE202202
Data,Record,196.7,2022-03-04T16:51,51.988304,-12.7608595,start,,,,V,,0,1000,1,distance,nmi,-70,I1,C1,DA1,DP1,start,WHB,,C,m2nmi-2,6360.922,29VE202202
Data,Record,197.5,2022-03-04T16:56,51.98844,-12.781614,start,,,,V,,0,1000,0.8,distance,nmi,-70,I1,C1,DA1,DP1,start,WHB,,C,m2nmi-2,50204.727,29VE202202
Data,Record,197.7,2022-03-04T16:58,51.988487,-12.788141,start,,,,V,,0,1000,0.2,distance,nmi,-70,I1,C1,DA1,DP1,start,WHB,,C,m2nmi-2,4686.968,29VE202202
Data,Record,198.7,2022-03-04T17:08,51.988796,-12.8323965,start,,,,V,,0,1000,1,distance,nmi,-70,I1,C1,DA1,DP1,start,WHB,,C,m2nmi-2,312.4992,29VE202202
Data,Record,199.2,2022-03-04T17:11,51.98889,-12.846194,start,,,,V,,0,1000,0.5,distance,nmi,-70,I1,C1,DA1,DP1,start,WHB,,C,m2nmi-2,27.016966,29VE202202
Data,Record,200.2,2022-03-04T17:16,51.989117,-12.870363,start,,,,V,,0,1000,1,distance,nmi,-70,I1,C1,DA1,DP1,start,WHB,,C,m2nmi-2,585.704,29VE202202
Data,Record,201.2,2022-03-04T19:03,51.990013,-13.018386,start,,,,V,,0,1000,1,distance,nmi,-70,I1,C1,DA1,DP1,start,WHB,,C,m2nmi-2,231.41245,29VE202202
Data,Record,202.2,2022-03-04T19:10,51.990166,-13.048718,start,,,,V,,0,1000,1,distance,nmi,-70,I1,C1,DA1,DP1,start,WHB,,C,m2nmi-2,5.723567,29VE202202
Data,Record,202.8,2022-03-04T19:14,51.990246,-13.065851,start,,,,V,,0,1000,0.6,distance,nmi,-70,I1,C1,DA1,DP1,start,WHB,,C,m2nmi-2,80.34097,29VE202202
Data,Record,203.8,2022-03-04T19:19,51.990368,-13.091766,start,,,,V,,0,1000,1,distance,nmi,-70,I1,C1,DA1,DP1,start,WHB,,C,m2nmi-2,6650.878,29VE202202
Data,Record,204.6,2022-03-04T19:23,51.99043,-13.10802,start,,,,V,,0,1000,0.8,distance,nmi,-70,I1,C1,DA1,DP1,start,WHB,,C,m2nmi-2,6307.854,29VE202202
Data,Record,205.6,2022-03-04T19:31,51.9906,-13.140415,start,,,,V,,0,1000,1,distance,nmi,-70,I1,C1,DA1,DP1,start,WHB,,C,m2nmi-2,1047.3308,29VE202202
Data,Record,206.6,2022-03-04T19:39,51.990795,-13.177742,start,,,,V,,0,1000,1,distance,nmi,-70,I1,C1,DA1,DP1,start,WHB,,C,m2nmi-2,1908.559,29VE202202
Data,Record,207.2,2022-03-04T19:43,51.990894,-13.197195,start,,,,V,,0,1000,0.6,distance,nmi,-70,I1,C1,DA1,DP1,start,WHB,,C,m2nmi-2,441.15356,29VE202202
Data,Record,208.2,2022-03-04T19:51,51.99104,-13.229307,start,,,,V,,0,1000,1,distance,nmi,-70,I1,C1,DA1,DP1,start,WHB,,C,m2nmi-2,7296.773,29VE202202
Data,Record,208.7,2022-03-04T19:54,51.991043,-13.241463,start,,,,V,,0,1000,0.5,distance,nmi,-70,I1,C1,DA1,DP1,start,WHB,,C,m2nmi-2,109.78482,29VE202202
Data,Record,209.7,2022-03-04T20:02,51.991096,-13.275724,start,,,,V,,0,1000,1,distance,nmi,-70,I1,C1,DA1,DP1,start,WHB,,C,m2nmi-2,94.99798,29VE202202
Data,Record,210.7,2022-03-04T20:12,51.991234,-13.321813,start,,,,V,,0,1000,1,distance,nmi,-70,I1,C1,DA1,DP1,start,WHB,,C,m2nmi-2,371.0749,29VE202202
Data,Record,211,2022-03-04T20:14,51.991264,-13.329217,start,,,,V,,0,1000,0.3,distance,nmi,-70,I1,C1,DA1,DP1,start,WHB,,C,m2nmi-2,451.77213,29VE202202
Data,Record,212,2022-03-04T20:19,51.99129,-13.352047,start,,,,V,,0,1000,1,distance,nmi,-70,I1,C1,DA1,DP1,start,WHB,,C,m2nmi-2,806.3947,29VE202202
Data,Record,213,2022-03-04T20:27,51.99136,-13.383614,start,,,,V,,0,1000,1,distance,nmi,-70,I1,C1,DA1,DP1,start,WHB,,C,m2nmi-2,471.74194,29VE202202
Data,Record,214,2022-03-04T20:32,51.99139,-13.403201,start,,,,V,,0,1000,1,distance,nmi,-70,I1,C1,DA1,DP1,start,WHB,,C,m2nmi-2,1054.6522,29VE202202
Data,Record,215,2022-03-04T20:39,51.991432,-13.431605,start,,,,V,,0,1000,1,distance,nmi,-70,I1,C1,DA1,DP1,start,WHB,,C,m2nmi-2,1055.0903,29VE202202
Data,Record,216,2022-03-04T20:45,51.991524,-13.457218,start,,,,V,,0,1000,1,distance,nmi,-70,I1,C1,DA1,DP1,start,WHB,,C,m2nmi-2,63.30006,29VE202202
Data,Record,217,2022-03-04T20:58,51.991642,-13.5103035,start,,,,V,,0,1000,1,distance,nmi,-70,I1,C1,DA1,DP1,start,WHB,,C,m2nmi-2,812.0134,29VE202202
Data,Record,217.1,2022-03-04T20:59,51.99162,-13.516162,start,,,,V,,0,1000,0.1,distance,nmi,-70,I1,C1,DA1,DP1,start,WHB,,C,m2nmi-2,1120.7542,29VE202202
Data,Record,218.1,2022-03-04T21:07,51.99164,-13.545529,start,,,,V,,0,1000,1,distance,nmi,-70,I1,C1,DA1,DP1,start,WHB,,C,m2nmi-2,455.5803,29VE202202
Data,Record,219.1,2022-03-04T21:16,51.991623,-13.585328,start,,,,V,,0,1000,1,distance,nmi,-70,I1,C1,DA1,DP1,start,WHB,,C,m2nmi-2,342.18094,29VE202202
Data,Record,219.2,2022-03-04T21:18,51.99163,-13.594148,start,,,,V,,0,1000,0.1,distance,nmi,-70,I1,C1,DA1,DP1,start,WHB,,C,m2nmi-2,1116.4972,29VE202202
Data,Record,220.2,2022-03-04T21:25,51.99166,-13.621925,start,,,,V,,0,1000,1,distance,nmi,-70,I1,C1,DA1,DP1,start,WHB,,C,m2nmi-2,1648.5479,29VE202202
Data,Record,221.2,2022-03-04T21:32,51.99165,-13.654082,start,,,,V,,0,1000,1,distance,nmi,-70,I1,C1,DA1,DP1,start,WHB,,C,m2nmi-2,1170.3224,29VE202202
Data,Record,222.2,2022-03-04T21:37,51.991642,-13.678339,start,,,,V,,0,1000,1,distance,nmi,-70,I1,C1,DA1,DP1,start,WHB,,C,m2nmi-2,1677.1188,29VE202202
Data,Record,223.2,2022-03-04T21:43,51.99163,-13.70079,start,,,,V,,0,1000,1,distance,nmi,-70,I1,C1,DA1,DP1,start,WHB,,C,m2nmi-2,778.66595,29VE202202
Data,Record,224.2,2022-03-04T21:50,51.99172,-13.734098,start,,,,V,,0,1000,1,distance,nmi,-70,I1,C1,DA1,DP1,start,WHB,,C,m2nmi-2,743.2202,29VE202202
Data,Record,225.2,2022-03-04T21:55,51.991737,-13.754854,start,,,,V,,0,1000,1,distance,nmi,-70,I1,C1,DA1,DP1,start,WHB,,C,m2nmi-2,1835.4274,29VE202202
Data,Record,226.2,2022-03-04T22:01,51.991646,-13.782191,start,,,,V,,0,1000,1,distance,nmi,-70,I1,C1,DA1,DP1,start,WHB,,C,m2nmi-2,1187.9894,29VE202202
Data,Record,227.2,2022-03-04T22:08,51.991566,-13.815159,start,,,,V,,0,1000,1,distance,nmi,-70,I1,C1,DA1,DP1,start,WHB,,C,m2nmi-2,1671.8875,29VE202202
Data,Record,228.2,2022-03-04T22:14,51.9915,-13.841667,start,,,,V,,0,1000,1,distance,nmi,-70,I1,C1,DA1,DP1,start,WHB,,C,m2nmi-2,344.91025,29VE202202
Data,Record,228.7,2022-03-04T22:18,51.99147,-13.861897,start,,,,V,,0,1000,0.5,distance,nmi,-70,I1,C1,DA1,DP1,start,WHB,,C,m2nmi-2,35.43853,29VE202202
Data,Record,229.7,2022-03-04T22:24,51.99142,-13.888713,start,,,,V,,0,1000,1,distance,nmi,-70,I1,C1,DA1,DP1,start,WHB,,C,m2nmi-2,1.818687,29VE202202
Data,Record,230.7,2022-03-05T00:20,51.989277,-14.398066,start,,,,V,,0,1000,1,distance,nmi,-70,I1,C1,DA1,DP1,start,WHB,,C,m2nmi-2,71.72708,29VE202202
Data,Record,231.7,2022-03-05T00:27,51.989117,-14.42497,start,,,,V,,0,1000,1,distance,nmi,-70,I1,C1,DA1,DP1,start,WHB,,C,m2nmi-2,2550.036,29VE202202
Data,Record,232.7,2022-03-05T00:33,51.989937,-14.451826,start,,,,V,,0,1000,1,distance,nmi,-70,I1,C1,DA1,DP1,start,WHB,,C,m2nmi-2,3155.4941,29VE202202
Data,Record,233.7,2022-03-05T00:39,51.988693,-14.478319,start,,,,V,,0,1000,1,distance,nmi,-70,I1,C1,DA1,DP1,start,WHB,,C,m2nmi-2,12856.133,29VE202202
Data,Record,234.7,2022-03-05T00:45,51.98851,-14.505293,start,,,,V,,0,1000,1,distance,nmi,-70,I1,C1,DA1,DP1,start,WHB,,C,m2nmi-2,2511.6782,29VE202202
Data,Record,234.8,2022-03-05T00:45,51.988552,-14.506035,start,,,,V,,0,1000,0.1,distance,nmi,-70,I1,C1,DA1,DP1,start,WHB,,C,m2nmi-2,3.318717,29VE202202
Data,Record,235.8,2022-03-05T02:46,51.98566,-14.834595,start,,,,V,,0,1000,1,distance,nmi,-70,I1,C1,DA1,DP1,start,WHB,,C,m2nmi-2,52.869923,29VE202202
Data,Record,236,2022-03-05T02:48,51.985695,-14.839658,start,,,,V,,0,1000,0.2,distance,nmi,-70,I1,C1,DA1,DP1,start,WHB,,C,m2nmi-2,576.084,29VE202202
Data,Record,237,2022-03-05T02:57,51.985264,-14.88042,start,,,,V,,0,1000,1,distance,nmi,-70,I1,C1,DA1,DP1,start,WHB,,C,m2nmi-2,490.29196,29VE202202
Data,Record,237.5,2022-03-05T03:00,51.98516,-14.894234,start,,,,V,,0,1000,0.5,distance,nmi,-70,I1,C1,DA1,DP1,start,WHB,,C,m2nmi-2,890.3257,29VE202202
Data,Record,238.5,2022-03-05T03:08,51.98472,-14.92942,start,,,,V,,0,1000,1,distance,nmi,-70,I1,C1,DA1,DP1,start,WHB,,C,m2nmi-2,982.4966,29VE202202
Data,Record,239.3,2022-03-05T03:12,51.984528,-14.947747,start,,,,V,,0,1000,0.8,distance,nmi,-70,I1,C1,DA1,DP1,start,WHB,,C,m2nmi-2,398.03415,29VE202202
Data,Record,240.3,2022-03-05T03:18,51.98421,-14.973428,start,,,,V,,0,1000,1,distance,nmi,-70,I1,C1,DA1,DP1,start,WHB,,C,m2nmi-2,243.74078,29VE202202
Data,Record,241.3,2022-03-05T03:24,51.983875,-15.001983,start,,,,V,,0,1000,1,distance,nmi,-70,I1,C1,DA1,DP1,start,WHB,,C,m2nmi-2,380.8403,29VE202202
Data,Record,242.3,2022-03-05T03:31,51.98348,-15.035496,start,,,,V,,0,1000,1,distance,nmi,-70,I1,C1,DA1,DP1,start,WHB,,C,m2nmi-2,687.375,29VE202202
Data,Record,243.3,2022-03-05T03:36,51.98325,-15.056473,start,,,,V,,0,1000,1,distance,nmi,-70,I1,C1,DA1,DP1,start,WHB,,C,m2nmi-2,279.75583,29VE202202
Data,Record,244.3,2022-03-05T03:42,51.982944,-15.085195,start,,,,V,,0,1000,1,distance,nmi,-70,I1,C1,DA1,DP1,start,WHB,,C,m2nmi-2,191.82149,29VE202202
Data,Record,245.3,2022-03-05T03:48,51.982365,-15.112093,start,,,,V,,0,1000,1,distance,nmi,-70,I1,C1,DA1,DP1,start,WHB,,C,m2nmi-2,84.02131,29VE202202
Data,Record,246.3,2022-03-05T04:07,51.981434,-15.199538,start,,,,V,,0,1000,1,distance,nmi,-70,I1,C1,DA1,DP1,start,WHB,,C,m2nmi-2,36.777676,29VE202202
Data,Record,247.3,2022-03-05T04:15,51.98094,-15.236216,start,,,,V,,0,1000,1,distance,nmi,-70,I1,C1,DA1,DP1,start,WHB,,C,m2nmi-2,17.593592,29VE202202
Data,Record,247.4,2022-03-05T04:18,51.980755,-15.248872,start,,,,V,,0,1000,0.1,distance,nmi,-70,I1,C1,DA1,DP1,start,WHB,,C,m2nmi-2,16.098024,29VE202202
Data,Record,248.4,2022-03-05T05:55,52.168182,-15.425817,start,,,,V,,0,1000,1,distance,nmi,-70,I1,C1,DA1,DP1,start,WHB,,C,m2nmi-2,27.948967,29VE202202
Data,Record,248.6,2022-03-05T05:56,52.172035,-15.426463,start,,,,V,,0,1000,0.2,distance,nmi,-70,I1,C1,DA1,DP1,start,WHB,,C,m2nmi-2,71155.81,29VE202202
Data,Record,249.6,2022-03-05T06:05,52.195614,-15.429977,start,,,,V,,0,1000,1,distance,nmi,-70,I1,C1,DA1,DP1,start,WHB,,C,m2nmi-2,62939.57,29VE202202
Data,Record,250.1,2022-03-05T06:09,52.208393,-15.431969,start,,,,V,,0,1000,0.5,distance,nmi,-70,I1,C1,DA1,DP1,start,WHB,,C,m2nmi-2,84939.766,29VE202202
Data,Record,250.6,2022-03-05T06:12,52.217934,-15.433452,start,,,,V,,0,1000,0.5,distance,nmi,-70,I1,C1,DA1,DP1,start,WHB,,C,m2nmi-2,117613.16,29VE202202
Data,Record,251.6,2022-03-05T06:19,52.23698,-15.436132,start,,,,V,,0,1000,1,distance,nmi,-70,I1,C1,DA1,DP1,start,WHB,,C,m2nmi-2,148772.02,29VE202202
Data,Record,252.6,2022-03-05T06:25,52.255222,-15.439557,start,,,,V,,0,1000,1,distance,nmi,-70,I1,C1,DA1,DP1,start,WHB,,C,m2nmi-2,6805.0103,29VE202202
Data,Record,253.6,2022-03-05T11:16,52.35494,-14.991257,start,,,,V,,0,1000,1,distance,nmi,-70,I1,C1,DA1,DP1,start,WHB,,C,m2nmi-2,8167.134,29VE202202
Data,Record,254.6,2022-03-05T11:21,52.35511,-14.971334,start,,,,V,,0,1000,1,distance,nmi,-70,I1,C1,DA1,DP1,start,WHB,,C,m2nmi-2,12241.069,29VE202202
Data,Record,255.6,2022-03-05T11:31,52.355534,-14.936709,start,,,,V,,0,1000,1,distance,nmi,-70,I1,C1,DA1,DP1,start,WHB,,C,m2nmi-2,22974.52,29VE202202
Data,Record,256.6,2022-03-05T11:38,52.355827,-14.909952,start,,,,V,,0,1000,1,distance,nmi,-70,I1,C1,DA1,DP1,start,WHB,,C,m2nmi-2,3082.873,29VE202202
Data,Record,257.6,2022-03-05T11:50,52.356247,-14.866233,start,,,,V,,0,1000,1,distance,nmi,-70,I1,C1,DA1,DP1,start,WHB,,C,m2nmi-2,117.66972,29VE202202
Data,Record,258.6,2022-03-05T11:57,52.356533,-14.836722,start,,,,V,,0,1000,1,distance,nmi,-70,I1,C1,DA1,DP1,start,WHB,,C,m2nmi-2,1751.4961,29VE202202
Data,Record,259.6,2022-03-05T12:05,52.356762,-14.809569,start,,,,V,,0,1000,1,distance,nmi,-70,I1,C1,DA1,DP1,start,WHB,,C,m2nmi-2,5993.034,29VE202202
Data,Record,260.6,2022-03-05T12:12,52.35704,-14.782509,start,,,,V,,0,1000,1,distance,nmi,-70,I1,C1,DA1,DP1,start,WHB,,C,m2nmi-2,4981.503,29VE202202
Data,Record,261.6,2022-03-05T12:19,52.35728,-14.755628,start,,,,V,,0,1000,1,distance,nmi,-70,I1,C1,DA1,DP1,start,WHB,,C,m2nmi-2,4225.643,29VE202202
Data,Record,262.6,2022-03-05T12:26,52.357574,-14.728529,start,,,,V,,0,1000,1,distance,nmi,-70,I1,C1,DA1,DP1,start,WHB,,C,m2nmi-2,1573.3542,29VE202202
Data,Record,263.6,2022-03-05T12:34,52.357857,-14.701399,start,,,,V,,0,1000,1,distance,nmi,-70,I1,C1,DA1,DP1,start,WHB,,C,m2nmi-2,1027.3313,29VE202202
Data,Record,264.3,2022-03-05T12:39,52.358047,-14.681847,start,,,,V,,0,1000,0.7,distance,nmi,-70,I1,C1,DA1,DP1,start,WHB,,C,m2nmi-2,620.9445,29VE202202
Data,Record,265.3,2022-03-05T12:46,52.3583,-14.652234,start,,,,V,,0,1000,1,distance,nmi,-70,I1,C1,DA1,DP1,start,WHB,,C,m2nmi-2,345.12448,29VE202202
Data,Record,265.4,2022-03-05T12:48,52.35837,-14.645313,start,,,,V,,0,1000,0.1,distance,nmi,-70,I1,C1,DA1,DP1,start,WHB,,C,m2nmi-2,3.049441,29VE202202
Data,Record,266.4,2022-03-05T16:12,52.362293,-13.861642,start,,,,V,,0,1000,1,distance,nmi,-70,I1,C1,DA1,DP1,start,WHB,,C,m2nmi-2,10.272153,29VE202202
Data,Record,266.5,2022-03-05T16:13,52.36229,-13.859348,start,,,,V,,0,1000,0.1,distance,nmi,-70,I1,C1,DA1,DP1,start,WHB,,C,m2nmi-2,229.72458,29VE202202
Data,Record,267.5,2022-03-05T16:20,52.362503,-13.830017,start,,,,V,,0,1000,1,distance,nmi,-70,I1,C1,DA1,DP1,start,WHB,,C,m2nmi-2,212.97545,29VE202202
Data,Record,268.5,2022-03-05T16:27,52.362873,-13.804544,start,,,,V,,0,1000,1,distance,nmi,-70,I1,C1,DA1,DP1,start,WHB,,C,m2nmi-2,483.41037,29VE202202
Data,Record,269.5,2022-03-05T16:35,52.362385,-13.774617,start,,,,V,,0,1000,1,distance,nmi,-70,I1,C1,DA1,DP1,start,WHB,,C,m2nmi-2,64.58757,29VE202202
Data,Record,270.5,2022-03-05T16:45,52.362423,-13.737162,start,,,,V,,0,1000,1,distance,nmi,-70,I1,C1,DA1,DP1,start,WHB,,C,m2nmi-2,168.6073,29VE202202
Data,Record,271.5,2022-03-05T16:52,52.36244,-13.712408,start,,,,V,,0,1000,1,distance,nmi,-70,I1,C1,DA1,DP1,start,WHB,,C,m2nmi-2,275.26984,29VE202202
Data,Record,272.5,2022-03-05T16:57,52.362427,-13.691859,start,,,,V,,0,1000,1,distance,nmi,-70,I1,C1,DA1,DP1,start,WHB,,C,m2nmi-2,61.892704,29VE202202
Data,Record,273.5,2022-03-05T17:06,52.36243,-13.657476,start,,,,V,,0,1000,1,distance,nmi,-70,I1,C1,DA1,DP1,start,WHB,,C,m2nmi-2,111.181206,29VE202202
Data,Record,274,2022-03-05T17:10,52.3625,-13.642034,start,,,,V,,0,1000,0.5,distance,nmi,-70,I1,C1,DA1,DP1,start,WHB,,C,m2nmi-2,329.90897,29VE202202
Data,Record,275,2022-03-05T17:19,52.362465,-13.610993,start,,,,V,,0,1000,1,distance,nmi,-70,I1,C1,DA1,DP1,start,WHB,,C,m2nmi-2,735.05865,29VE202202
Data,Record,276,2022-03-05T17:31,52.362442,-13.5634575,start,,,,V,,0,1000,1,distance,nmi,-70,I1,C1,DA1,DP1,start,WHB,,C,m2nmi-2,586.72046,29VE202202
Data,Record,276.1,2022-03-05T17:31,52.362423,-13.562456,start,,,,V,,0,1000,0.1,distance,nmi,-70,I1,C1,DA1,DP1,start,WHB,,C,m2nmi-2,0.75368,29VE202202
Data,Record,277.1,2022-03-05T18:17,52.36327,-13.569149,start,,,,V,,0,1000,1,distance,nmi,-70,I1,C1,DA1,DP1,start,WHB,,C,m2nmi-2,38.837494,29VE202202
Data,Record,278.1,2022-03-05T18:23,52.36247,-13.54187,start,,,,V,,0,1000,1,distance,nmi,-70,I1,C1,DA1,DP1,start,WHB,,C,m2nmi-2,1947.5599,29VE202202
Data,Record,279.1,2022-03-05T18:29,52.362453,-13.514878,start,,,,V,,0,1000,1,distance,nmi,-70,I1,C1,DA1,DP1,start,WHB,,C,m2nmi-2,1978.2509,29VE202202
Data,Record,280.1,2022-03-05T18:36,52.362385,-13.487418,start,,,,V,,0,1000,1,distance,nmi,-70,I1,C1,DA1,DP1,start,WHB,,C,m2nmi-2,2023.4468,29VE202202
Data,Record,281.1,2022-03-05T18:42,52.36241,-13.460348,start,,,,V,,0,1000,1,distance,nmi,-70,I1,C1,DA1,DP1,start,WHB,,C,m2nmi-2,2798.7903,29VE202202
Data,Record,281.2,2022-03-05T18:43,52.362408,-13.455964,start,,,,V,,0,1000,0.1,distance,nmi,-70,I1,C1,DA1,DP1,start,WHB,,C,m2nmi-2,3409.228,29VE202202
Data,Record,282.2,2022-03-05T18:54,52.36222,-13.406025,start,,,,V,,0,1000,1,distance,nmi,-70,I1,C1,DA1,DP1,start,WHB,,C,m2nmi-2,3855.035,29VE202202
Data,Record,283.2,2022-03-05T19:00,52.36218,-13.378915,start,,,,V,,0,1000,1,distance,nmi,-70,I1,C1,DA1,DP1,start,WHB,,C,m2nmi-2,7814.768,29VE202202
Data,Record,284.2,2022-03-05T19:06,52.36213,-13.351903,start,,,,V,,0,1000,1,distance,nmi,-70,I1,C1,DA1,DP1,start,WHB,,C,m2nmi-2,6228.8423,29VE202202
Data,Record,285.2,2022-03-05T19:13,52.36208,-13.324619,start,,,,V,,0,1000,1,distance,nmi,-70,I1,C1,DA1,DP1,start,WHB,,C,m2nmi-2,5175.7783,29VE202202
Data,Record,286.2,2022-03-05T19:19,52.36204,-13.297565,start,,,,V,,0,1000,1,distance,nmi,-70,I1,C1,DA1,DP1,start,WHB,,C,m2nmi-2,8252.959,29VE202202
Data,Record,287.2,2022-03-05T19:25,52.361908,-13.270415,start,,,,V,,0,1000,1,distance,nmi,-70,I1,C1,DA1,DP1,start,WHB,,C,m2nmi-2,4701.36,29VE202202
Data,Record,288.2,2022-03-05T19:31,52.361847,-13.243098,start,,,,V,,0,1000,1,distance,nmi,-70,I1,C1,DA1,DP1,start,WHB,,C,m2nmi-2,4315.721,29VE202202
Data,Record,289,2022-03-05T19:36,52.361736,-13.221041,start,,,,V,,0,1000,0.8,distance,nmi,-70,I1,C1,DA1,DP1,start,WHB,,C,m2nmi-2,4662.148,29VE202202
Data,Record,289.1,2022-03-05T19:38,52.361713,-13.214477,start,,,,V,,0,1000,0.1,distance,nmi,-70,I1,C1,DA1,DP1,start,WHB,,C,m2nmi-2,3673.632,29VE202202
Data,Record,290.1,2022-03-05T19:45,52.361576,-13.181289,start,,,,V,,0,1000,1,distance,nmi,-70,I1,C1,DA1,DP1,start,WHB,,C,m2nmi-2,5394.6226,29VE202202
Data,Record,291.1,2022-03-05T19:56,52.361355,-13.134668,start,,,,V,,0,1000,1,distance,nmi,-70,I1,C1,DA1,DP1,start,WHB,,C,m2nmi-2,7174.5024,29VE202202
Data,Record,291.6,2022-03-05T19:59,52.36131,-13.121156,start,,,,V,,0,1000,0.5,distance,nmi,-70,I1,C1,DA1,DP1,start,WHB,,C,m2nmi-2,4028.4585,29VE202202
Data,Record,292.1,2022-03-05T20:02,52.36121,-13.106832,start,,,,V,,0,1000,0.5,distance,nmi,-70,I1,C1,DA1,DP1,start,WHB,,C,m2nmi-2,3670.1902,29VE202202
Data,Record,293.1,2022-03-05T20:09,52.361076,-13.071817,start,,,,V,,0,1000,1,distance,nmi,-70,I1,C1,DA1,DP1,start,WHB,,C,m2nmi-2,3587.8586,29VE202202
Data,Record,294.1,2022-03-05T20:14,52.360962,-13.048676,start,,,,V,,0,1000,1,distance,nmi,-70,I1,C1,DA1,DP1,start,WHB,,C,m2nmi-2,4941.5273,29VE202202
Data,Record,295.1,2022-03-05T20:21,52.360836,-13.020105,start,,,,V,,0,1000,1,distance,nmi,-70,I1,C1,DA1,DP1,start,WHB,,C,m2nmi-2,8003.8237,29VE202202
Data,Record,296.1,2022-03-05T20:32,52.360542,-12.971539,start,,,,V,,0,1000,1,distance,nmi,-70,I1,C1,DA1,DP1,start,WHB,,C,m2nmi-2,7028.928,29VE202202
Data,Record,296.2,2022-03-05T20:32,52.36053,-12.970111,start,,,,V,,0,1000,0.1,distance,nmi,-70,I1,C1,DA1,DP1,start,WHB,,C,m2nmi-2,4543.2075,29VE202202
Data,Record,297.2,2022-03-05T20:39,52.36037,-12.93939,start,,,,V,,0,1000,1,distance,nmi,-70,I1,C1,DA1,DP1,start,WHB,,C,m2nmi-2,5804.9917,29VE202202
Data,Record,298.2,2022-03-05T20:50,52.36005,-12.89135,start,,,,V,,0,1000,1,distance,nmi,-70,I1,C1,DA1,DP1,start,WHB,,C,m2nmi-2,17731.027,29VE202202
Data,Record,298.3,2022-03-05T20:50,52.360054,-12.890226,start,,,,V,,0,1000,0.1,distance,nmi,-70,I1,C1,DA1,DP1,start,WHB,,C,m2nmi-2,17731.027,29VE202202
Data,Record,299.3,2022-03-05T20:57,52.359844,-12.857336,start,,,,V,,0,1000,1,distance,nmi,-70,I1,C1,DA1,DP1,start,WHB,,C,m2nmi-2,2144.9976,29VE202202
Data,Record,300.3,2022-03-05T21:03,52.35973,-12.833843,start,,,,V,,0,1000,1,distance,nmi,-70,I1,C1,DA1,DP1,start,WHB,,C,m2nmi-2,1211.3613,29VE202202
Data,Record,301.3,2022-03-05T21:14,52.359398,-12.786315,start,,,,V,,0,1000,1,distance,nmi,-70,I1,C1,DA1,DP1,start,WHB,,C,m2nmi-2,1320.7927,29VE202202
Data,Record,301.4,2022-03-05T21:15,52.359352,-12.778036,start,,,,V,,0,1000,0.1,distance,nmi,-70,I1,C1,DA1,DP1,start,WHB,,C,m2nmi-2,1443.8562,29VE202202
Data,Record,302.4,2022-03-05T21:25,52.359035,-12.735417,start,,,,V,,0,1000,1,distance,nmi,-70,I1,C1,DA1,DP1,start,WHB,,C,m2nmi-2,1583.5784,29VE202202
Data,Record,303.4,2022-03-05T21:30,52.358875,-12.712554,start,,,,V,,0,1000,1,distance,nmi,-70,I1,C1,DA1,DP1,start,WHB,,C,m2nmi-2,2675.8774,29VE202202
Data,Record,303.9,2022-03-05T21:33,52.358704,-12.697529,start,,,,V,,0,1000,0.5,distance,nmi,-70,I1,C1,DA1,DP1,start,WHB,,C,m2nmi-2,1475.1448,29VE202202
Data,Record,304.9,2022-03-05T21:45,52.358273,-12.646237,start,,,,V,,0,1000,1,distance,nmi,-70,I1,C1,DA1,DP1,start,WHB,,C,m2nmi-2,2805.8833,29VE202202
Data,Record,305.4,2022-03-05T21:48,52.358093,-12.631823,start,,,,V,,0,1000,0.5,distance,nmi,-70,I1,C1,DA1,DP1,start,WHB,,C,m2nmi-2,1186.383,29VE202202
Data,Record,306.4,2022-03-05T21:54,52.357925,-12.605914,start,,,,V,,0,1000,1,distance,nmi,-70,I1,C1,DA1,DP1,start,WHB,,C,m2nmi-2,874.2837,29VE202202
Data,Record,307.4,2022-03-05T22:00,52.35766,-12.575631,start,,,,V,,0,1000,1,distance,nmi,-70,I1,C1,DA1,DP1,start,WHB,,C,m2nmi-2,469.7789,29VE202202
Data,Record,307.9,2022-03-05T22:03,52.357563,-12.563089,start,,,,V,,0,1000,0.5,distance,nmi,-70,I1,C1,DA1,DP1,start,WHB,,C,m2nmi-2,1372.1353,29VE202202
Data,Record,308.9,2022-03-05T22:09,52.357246,-12.533644,start,,,,V,,0,1000,1,distance,nmi,-70,I1,C1,DA1,DP1,start,WHB,,C,m2nmi-2,1342.8424,29VE202202
Data,Record,309.9,2022-03-05T22:17,52.35697,-12.497637,start,,,,V,,0,1000,1,distance,nmi,-70,I1,C1,DA1,DP1,start,WHB,,C,m2nmi-2,1710.6521,29VE202202
Data,Record,310.9,2022-03-05T22:22,52.3568,-12.479205,start,,,,V,,0,1000,1,distance,nmi,-70,I1,C1,DA1,DP1,start,WHB,,C,m2nmi-2,68.012566,29VE202202
Data,Record,311.9,2022-03-05T23:27,52.356815,-12.462001,start,,,,V,,0,1000,1,distance,nmi,-70,I1,C1,DA1,DP1,start,WHB,,C,m2nmi-2,2924.9387,29VE202202
Data,Record,312.2,2022-03-05T23:29,52.356724,-12.451439,start,,,,V,,0,1000,0.3,distance,nmi,-70,I1,C1,DA1,DP1,start,WHB,,C,m2nmi-2,4344.16,29VE202202
Data,Record,313.2,2022-03-05T23:37,52.356197,-12.420113,start,,,,V,,0,1000,1,distance,nmi,-70,I1,C1,DA1,DP1,start,WHB,,C,m2nmi-2,6646.831,29VE202202
Data,Record,314.2,2022-03-05T23:43,52.35591,-12.391913,start,,,,V,,0,1000,1,distance,nmi,-70,I1,C1,DA1,DP1,start,WHB,,C,m2nmi-2,4406.1875,29VE202202
Data,Record,315.2,2022-03-05T23:49,52.35561,-12.365823,start,,,,V,,0,1000,1,distance,nmi,-70,I1,C1,DA1,DP1,start,WHB,,C,m2nmi-2,6316.462,29VE202202
Data,Record,316.2,2022-03-05T23:56,52.355247,-12.333552,start,,,,V,,0,1000,1,distance,nmi,-70,I1,C1,DA1,DP1,start,WHB,,C,m2nmi-2,17231.129,29VE202202
Data,Record,317.2,2022-03-05T23:56,52.355247,-12.333552,start,,,,V,,0,1000,1,distance,nmi,-70,I1,C1,DA1,DP1,start,WHB,,C,m2nmi-2,8615.564,29VE202202
Data,Record,317.4,2022-03-05T23:58,52.355164,-12.325564,start,,,,V,,0,1000,0.2,distance,nmi,-70,I1,C1,DA1,DP1,start,WHB,,C,m2nmi-2,17231.129,29VE202202
Data,Record,317.6,2022-03-05T23:58,52.355164,-12.325564,start,,,,V,,0,1000,0.2,distance,nmi,-70,I1,C1,DA1,DP1,start,WHB,,C,m2nmi-2,8615.564,29VE202202
Data,Record,317.8,2022-03-06T00:00,52.35505,-12.316817,start,,,,V,,0,1000,0.2,distance,nmi,-70,I1,C1,DA1,DP1,start,WHB,,C,m2nmi-2,17231.129,29VE202202
Data,Record,318,2022-03-06T00:00,52.35505,-12.316817,start,,,,V,,0,1000,0.2,distance,nmi,-70,I1,C1,DA1,DP1,start,WHB,,C,m2nmi-2,8615.564,29VE202202
Data,Record,318.1,2022-03-06T00:01,52.355026,-12.315288,start,,,,V,,0,1000,0.1,distance,nmi,-70,I1,C1,DA1,DP1,start,WHB,,C,m2nmi-2,5070.0884,29VE202202
Data,Record,319.1,2022-03-06T00:07,52.35473,-12.287003,start,,,,V,,0,1000,1,distance,nmi,-70,I1,C1,DA1,DP1,start,WHB,,C,m2nmi-2,10240.926,29VE202202
Data,Record,320.1,2022-03-06T00:14,52.354378,-12.254531,start,,,,V,,0,1000,1,distance,nmi,-70,I1,C1,DA1,DP1,start,WHB,,C,m2nmi-2,10897.949,29VE202202
Data,Record,321.1,2022-03-06T00:24,52.353844,-12.207856,start,,,,V,,0,1000,1,distance,nmi,-70,I1,C1,DA1,DP1,start,WHB,,C,m2nmi-2,6265.0464,29VE202202
Data,Record,322.1,2022-03-06T00:30,52.353527,-12.180708,start,,,,V,,0,1000,1,distance,nmi,-70,I1,C1,DA1,DP1,start,WHB,,C,m2nmi-2,5054.7007,29VE202202
Data,Record,322.3,2022-03-06T00:32,52.35345,-12.175396,start,,,,V,,0,1000,0.2,distance,nmi,-70,I1,C1,DA1,DP1,start,WHB,,C,m2nmi-2,4379.306,29VE202202
Data,Record,323.3,2022-03-06T00:40,52.352936,-12.139534,start,,,,V,,0,1000,1,distance,nmi,-70,I1,C1,DA1,DP1,start,WHB,,C,m2nmi-2,2487.1604,29VE202202
Data,Record,324.3,2022-03-06T00:46,52.352566,-12.109863,start,,,,V,,0,1000,1,distance,nmi,-70,I1,C1,DA1,DP1,start,WHB,,C,m2nmi-2,1415.831,29VE202202
Data,Record,324.8,2022-03-06T00:49,52.352386,-12.096492,start,,,,V,,0,1000,0.5,distance,nmi,-70,I1,C1,DA1,DP1,start,WHB,,C,m2nmi-2,1052.8982,29VE202202
Data,Record,325.8,2022-03-06T00:55,52.35203,-12.069198,start,,,,V,,0,1000,1,distance,nmi,-70,I1,C1,DA1,DP1,start,WHB,,C,m2nmi-2,420.03757,29VE202202
Data,Record,326.8,2022-03-06T01:01,52.351658,-12.04192,start,,,,V,,0,1000,1,distance,nmi,-70,I1,C1,DA1,DP1,start,WHB,,C,m2nmi-2,14.686902,29VE202202
