﻿Cruise,Header,CruiseSurvey,CruiseCountry,CruisePlatform,CruiseStartDate,CruiseEndDate,CruiseOrganisation,CruiseLocalID
Cruise,Record,IBWSS,ES,29VE,2021-03-15,2021-03-26,1404,29VE202103
Haul,Header,CruiseLocalID,HaulGear,HaulNumber,HaulStationName,HaulStartTime,HaulDuration,HaulValidity,HaulStartLatitude,HaulStartLongitude,HaulStopLatitude,HaulStopLongitude,HaulStatisticalRectangle,HaulMinTrawlDepth,HaulMaxTrawlDepth,HaulBottomDepth,HaulDistance,HaulNetopening,HaulCodendMesh,HaulSweepLength,HaulGearExceptions,HaulDoorType,HaulWarpLength,HaulWarpDiameter,HaulWarpDensity,HaulDoorSurface,HaulDoorWeight,HaulDoorSpread,HaulWingSpread,HaulBuoyancy,HaulKiteArea,HaulGroundRopeWeight,HaulRigging,HaulTickler,HaulHydrographicStationID,HaulTowDirection,HaulSpeedGround,HaulSpeedWater,HaulWindDirection,HaulWindSpeed,HaulSwellDirection,HaulSwellHeight,HaulLogDistance,HaulStratum
Haul,Record,29VE202103,PEL,1,1,2021-03-20T10:31,120,V,50.85766,-11.45767,51.005,-11.51217,,543,584,996,,17,,,,,,,,,,182,,,,,,,,,,,253,3,,1,,
Haul,Record,29VE202103,PEL,2,2,2021-03-21T09:06,75,V,51.48916,-12.4205,51.48817,-12.55983,,521,531,1380,,16.5,,,,,,,,,,184,,,,,,,,,,,108,2,,0.5,,
Haul,Record,29VE202103,PEL,3,3,2021-03-21T15:38,63,V,51.4925,-11.69717,51.4915,-11.81783,,585,609,950,,16.5,,,,,,,,,,185,,,,,,,,,,,208,2,,0.5,,
Haul,Record,29VE202103,PEL,4,4,2021-03-22T07:09,64,V,51.85917,-13.23083,51.84283,-13.093,,555,599,904,,15.8,,,,,,,,,,184,,,,,,,,,,,214,8,,1.5,,
Haul,Record,29VE202103,PEL,5,5,2021-03-22T17:37,46,V,52.19733,-12.47833,52.2,-12.3895,,556,570,809,,15.5,,,,,,,,,,182,,,,,,,,,,,195,12,,1.5,,
Catch,Header,CruiseLocalID,HaulGear,HaulNumber,CatchDataType,CatchSpeciesCode,CatchSpeciesValidity,CatchSpeciesCategory,CatchSpeciesCategoryNumber,CatchWeightUnit,CatchSpeciesCategoryWeight,CatchSpeciesSex,CatchSubsampledNumber,CatchSubsamplingFactor,CatchSubsampleWeight,CatchLengthCode,CatchLengthClass,CatchLengthType,CatchNumberAtLength,CatchWeightAtLength
Catch,Record,29VE202103,PEL,1,R,126439,1,1,25,kg,,,25,,,,,,,
Catch,Record,29VE202103,PEL,2,R,126439,1,1,872,kg,,,40,,,,,,,
Catch,Record,29VE202103,PEL,3,R,126439,1,1,90,kg,,,40,,,,,,,
Catch,Record,29VE202103,PEL,4,R,126439,1,1,1591,kg,,,40,,,,,,,
Catch,Record,29VE202103,PEL,5,R,126439,1,1,7,kg,,,7,,,,,,,
Biology,Header,CruiseLocalID,HaulGear,HaulNumber,CatchSpeciesCode,CatchSpeciesCategory,BiologyStockCode,BiologyFishID,BiologyLengthCode,BiologyLengthClass,BiologyWeightUnit,BiologyIndividualWeight,BiologyIndividualSex,BiologyIndividualMaturity,BiologyMaturityScale,BiologyIndividualAge,BiologyIndividualGrowthRings,BiologyAgePlusGroup,BiologyAgeSource,BiologyGeneticSamplingFlag,BiologyStomachSamplingFlag,BiologyParasiteSamplingFlag,BiologyIndividualVertebraeCount
Biology,Record,29VE202103,PEL,1,126439,1,,19,cm,26,gr,104,M,W3,WS6,,,,,,,,
Biology,Record,29VE202103,PEL,1,126439,1,,9,cm,27,gr,11,M,W2,WS6,,,,,,,,
Biology,Record,29VE202103,PEL,1,126439,1,,6,cm,28,gr,12,M,W3,WS6,,,,,,,,
Biology,Record,29VE202103,PEL,1,126439,1,,10,cm,28,gr,128,M,W3,WS6,,,,,,,,
Biology,Record,29VE202103,PEL,1,126439,1,,12,cm,28,gr,122,M,W1,WS6,,,,,,,,
Biology,Record,29VE202103,PEL,1,126439,1,,14,cm,28,gr,119,M,W3,WS6,,,,,,,,
Biology,Record,29VE202103,PEL,1,126439,1,,16,cm,28,gr,114,M,W3,WS6,,,,,,,,
Biology,Record,29VE202103,PEL,1,126439,1,,17,cm,28,gr,103,M,W1,WS6,,,,,,,,
Biology,Record,29VE202103,PEL,1,126439,1,,5,cm,29,gr,146,M,W3,WS6,,,,,,,,
Biology,Record,29VE202103,PEL,1,126439,1,,13,cm,29,gr,142,M,W3,WS6,,,,,,,,
Biology,Record,29VE202103,PEL,1,126439,1,,15,cm,29,gr,139,M,W3,WS6,,,,,,,,
Biology,Record,29VE202103,PEL,1,126439,1,,21,cm,29,gr,136,M,W2,WS6,,,,,,,,
Biology,Record,29VE202103,PEL,1,126439,1,,22,cm,29,gr,145,M,W3,WS6,,,,,,,,
Biology,Record,29VE202103,PEL,1,126439,1,,24,cm,29,gr,134,M,W3,WS6,,,,,,,,
Biology,Record,29VE202103,PEL,1,126439,1,,7,cm,30,gr,144,M,W3,WS6,,,,,,,,
Biology,Record,29VE202103,PEL,1,126439,1,,20,cm,30,gr,146,M,W3,WS6,,,,,,,,
Biology,Record,29VE202103,PEL,1,126439,1,,23,cm,30,gr,157,M,W3,WS6,,,,,,,,
Biology,Record,29VE202103,PEL,1,126439,1,,25,cm,30,gr,123,M,W1,WS6,,,,,,,,
Biology,Record,29VE202103,PEL,1,126439,1,,1,cm,31,gr,155,F,W3,WS6,,,,,,,,
Biology,Record,29VE202103,PEL,1,126439,1,,8,cm,31,gr,154,M,W2,WS6,,,,,,,,
Biology,Record,29VE202103,PEL,1,126439,1,,11,cm,31,gr,178,M,W3,WS6,,,,,,,,
Biology,Record,29VE202103,PEL,1,126439,1,,18,cm,31,gr,169,M,W3,WS6,,,,,,,,
Biology,Record,29VE202103,PEL,1,126439,1,,3,cm,33,gr,164,F,W2,WS6,,,,,,,,
Biology,Record,29VE202103,PEL,1,126439,1,,4,cm,34,gr,208,F,W3,WS6,,,,,,,,
Biology,Record,29VE202103,PEL,1,126439,1,,2,cm,38,gr,278,F,W3,WS6,,,,,,,,
Biology,Record,29VE202103,PEL,2,126439,1,,38,cm,24,gr,69,M,W2,WS6,,,,,,,,
Biology,Record,29VE202103,PEL,2,126439,1,,41,cm,26,gr,113,M,W2,WS6,,,,,,,,
Biology,Record,29VE202103,PEL,2,126439,1,,46,cm,26,gr,84,M,W2,WS6,,,,,,,,
Biology,Record,29VE202103,PEL,2,126439,1,,59,cm,26,gr,89,F,W5,WS6,,,,,,,,
Biology,Record,29VE202103,PEL,2,126439,1,,39,cm,27,gr,112,M,W3,WS6,,,,,,,,
Biology,Record,29VE202103,PEL,2,126439,1,,37,cm,28,gr,107,M,W2,WS6,,,,,,,,
Biology,Record,29VE202103,PEL,2,126439,1,,47,cm,28,gr,113,F,W4,WS6,,,,,,,,
Biology,Record,29VE202103,PEL,2,126439,1,,48,cm,28,gr,118,F,W4,WS6,,,,,,,,
Biology,Record,29VE202103,PEL,2,126439,1,,53,cm,28,gr,134,F,W4,WS6,,,,,,,,
Biology,Record,29VE202103,PEL,2,126439,1,,62,cm,28,gr,123,F,W3,WS6,,,,,,,,
Biology,Record,29VE202103,PEL,2,126439,1,,42,cm,29,gr,147,M,W3,WS6,,,,,,,,
Biology,Record,29VE202103,PEL,2,126439,1,,45,cm,29,gr,129,M,W4,WS6,,,,,,,,
Biology,Record,29VE202103,PEL,2,126439,1,,65,cm,29,gr,124,F,W4,WS6,,,,,,,,
Biology,Record,29VE202103,PEL,2,126439,1,,36,cm,30,gr,168,M,W3,WS6,,,,,,,,
Biology,Record,29VE202103,PEL,2,126439,1,,40,cm,30,gr,134,M,W2,WS6,,,,,,,,
Biology,Record,29VE202103,PEL,2,126439,1,,43,cm,30,gr,146,F,W2,WS6,,,,,,,,
Biology,Record,29VE202103,PEL,2,126439,1,,57,cm,30,gr,133,F,W3,WS6,,,,,,,,
Biology,Record,29VE202103,PEL,2,126439,1,,58,cm,30,gr,135,F,W4,WS6,,,,,,,,
Biology,Record,29VE202103,PEL,2,126439,1,,63,cm,30,gr,138,F,W3,WS6,,,,,,,,
Biology,Record,29VE202103,PEL,2,126439,1,,64,cm,30,gr,142,F,W5,WS6,,,,,,,,
Biology,Record,29VE202103,PEL,2,126439,1,,44,cm,31,gr,189,M,W3,WS6,,,,,,,,
Biology,Record,29VE202103,PEL,2,126439,1,,54,cm,31,gr,154,F,W3,WS6,,,,,,,,
Biology,Record,29VE202103,PEL,2,126439,1,,50,cm,32,gr,153,F,W5,WS6,,,,,,,,
Biology,Record,29VE202103,PEL,2,126439,1,,55,cm,32,gr,160,F,W3,WS6,,,,,,,,
Biology,Record,29VE202103,PEL,2,126439,1,,56,cm,32,gr,152,F,W5,WS6,,,,,,,,
Biology,Record,29VE202103,PEL,2,126439,1,,61,cm,32,gr,142,F,W5,WS6,,,,,,,,
Biology,Record,29VE202103,PEL,2,126439,1,,49,cm,33,gr,201,F,W5,WS6,,,,,,,,
Biology,Record,29VE202103,PEL,2,126439,1,,51,cm,33,gr,202,F,W4,WS6,,,,,,,,
Biology,Record,29VE202103,PEL,2,126439,1,,52,cm,33,gr,213,F,W5,WS6,,,,,,,,
Biology,Record,29VE202103,PEL,2,126439,1,,60,cm,33,gr,180,F,W5,WS6,,,,,,,,
Biology,Record,29VE202103,PEL,2,126439,1,,34,cm,35,gr,221,F,W4,WS6,,,,,,,,
Biology,Record,29VE202103,PEL,2,126439,1,,30,cm,36,gr,247,F,W5,WS6,,,,,,,,
Biology,Record,29VE202103,PEL,2,126439,1,,29,cm,37,gr,262,F,W5,WS6,,,,,,,,
Biology,Record,29VE202103,PEL,2,126439,1,,32,cm,37,gr,248,F,W3,WS6,,,,,,,,
Biology,Record,29VE202103,PEL,2,126439,1,,33,cm,37,gr,274,F,W5,WS6,,,,,,,,
Biology,Record,29VE202103,PEL,2,126439,1,,28,cm,38,gr,274,F,W5,WS6,,,,,,,,
Biology,Record,29VE202103,PEL,2,126439,1,,31,cm,38,gr,289,F,W4,WS6,,,,,,,,
Biology,Record,29VE202103,PEL,2,126439,1,,26,cm,40,gr,304,F,W5,WS6,,,,,,,,
Biology,Record,29VE202103,PEL,2,126439,1,,35,cm,40,gr,366,F,W5,WS6,,,,,,,,
Biology,Record,29VE202103,PEL,2,126439,1,,27,cm,44,gr,446,F,W4,WS6,,,,,,,,
Biology,Record,29VE202103,PEL,3,126439,1,,70,cm,24,gr,75,M,W2,WS6,,,,,,,,
Biology,Record,29VE202103,PEL,3,126439,1,,74,cm,24,gr,76,M,W2,WS6,,,,,,,,
Biology,Record,29VE202103,PEL,3,126439,1,,79,cm,26,gr,87,M,W3,WS6,,,,,,,,
Biology,Record,29VE202103,PEL,3,126439,1,,71,cm,27,gr,93,M,W2,WS6,,,,,,,,
Biology,Record,29VE202103,PEL,3,126439,1,,77,cm,27,gr,119,M,W3,WS6,,,,,,,,
Biology,Record,29VE202103,PEL,3,126439,1,,81,cm,27,gr,116,M,W3,WS6,,,,,,,,
Biology,Record,29VE202103,PEL,3,126439,1,,80,cm,28,gr,13,M,W2,WS6,,,,,,,,
Biology,Record,29VE202103,PEL,3,126439,1,,98,cm,28,gr,112,F,W3,WS6,,,,,,,,
Biology,Record,29VE202103,PEL,3,126439,1,,67,cm,29,gr,133,M,W4,WS6,,,,,,,,
Biology,Record,29VE202103,PEL,3,126439,1,,69,cm,29,gr,122,M,W2,WS6,,,,,,,,
Biology,Record,29VE202103,PEL,3,126439,1,,75,cm,29,gr,116,M,W2,WS6,,,,,,,,
Biology,Record,29VE202103,PEL,3,126439,1,,66,cm,30,gr,152,M,W3,WS6,,,,,,,,
Biology,Record,29VE202103,PEL,3,126439,1,,68,cm,30,gr,137,M,W2,WS6,,,,,,,,
Biology,Record,29VE202103,PEL,3,126439,1,,73,cm,30,gr,154,M,W3,WS6,,,,,,,,
Biology,Record,29VE202103,PEL,3,126439,1,,76,cm,30,gr,157,M,W3,WS6,,,,,,,,
Biology,Record,29VE202103,PEL,3,126439,1,,78,cm,30,gr,135,M,W4,WS6,,,,,,,,
Biology,Record,29VE202103,PEL,3,126439,1,,72,cm,31,gr,170,M,W3,WS6,,,,,,,,
Biology,Record,29VE202103,PEL,3,126439,1,,101,cm,31,gr,150,F,W3,WS6,,,,,,,,
Biology,Record,29VE202103,PEL,3,126439,1,,102,cm,31,gr,155,F,W3,WS6,,,,,,,,
Biology,Record,29VE202103,PEL,3,126439,1,,87,cm,32,gr,158,F,W3,WS6,,,,,,,,
Biology,Record,29VE202103,PEL,3,126439,1,,88,cm,32,gr,156,F,W2,WS6,,,,,,,,
Biology,Record,29VE202103,PEL,3,126439,1,,92,cm,32,gr,151,F,W2,WS6,,,,,,,,
Biology,Record,29VE202103,PEL,3,126439,1,,103,cm,32,gr,152,F,W3,WS6,,,,,,,,
Biology,Record,29VE202103,PEL,3,126439,1,,104,cm,32,gr,155,F,W3,WS6,,,,,,,,
Biology,Record,29VE202103,PEL,3,126439,1,,85,cm,33,gr,179,F,W3,WS6,,,,,,,,
Biology,Record,29VE202103,PEL,3,126439,1,,90,cm,33,gr,187,F,W3,WS6,,,,,,,,
Biology,Record,29VE202103,PEL,3,126439,1,,91,cm,33,gr,181,F,W4,WS6,,,,,,,,
Biology,Record,29VE202103,PEL,3,126439,1,,93,cm,33,gr,175,F,W2,WS6,,,,,,,,
Biology,Record,29VE202103,PEL,3,126439,1,,94,cm,33,gr,163,F,W6,WS6,,,,,,,,
Biology,Record,29VE202103,PEL,3,126439,1,,96,cm,33,gr,188,F,W5,WS6,,,,,,,,
Biology,Record,29VE202103,PEL,3,126439,1,,100,cm,33,gr,181,F,W3,WS6,,,,,,,,
Biology,Record,29VE202103,PEL,3,126439,1,,82,cm,34,gr,204,M,W3,WS6,,,,,,,,
Biology,Record,29VE202103,PEL,3,126439,1,,95,cm,34,gr,194,F,W3,WS6,,,,,,,,
Biology,Record,29VE202103,PEL,3,126439,1,,97,cm,34,gr,149,F,W3,WS6,,,,,,,,
Biology,Record,29VE202103,PEL,3,126439,1,,105,cm,34,gr,166,F,W3,WS6,,,,,,,,
Biology,Record,29VE202103,PEL,3,126439,1,,83,cm,35,gr,245,F,W3,WS6,,,,,,,,
Biology,Record,29VE202103,PEL,3,126439,1,,99,cm,35,gr,210,F,W3,WS6,,,,,,,,
Biology,Record,29VE202103,PEL,3,126439,1,,86,cm,36,gr,234,F,W5,WS6,,,,,,,,
Biology,Record,29VE202103,PEL,3,126439,1,,84,cm,37,gr,236,F,W3,WS6,,,,,,,,
Biology,Record,29VE202103,PEL,3,126439,1,,89,cm,39,gr,334,F,W3,WS6,,,,,,,,
Biology,Record,29VE202103,PEL,4,126439,1,,113,cm,24,gr,76,M,W2,WS6,,,,,,,,
Biology,Record,29VE202103,PEL,4,126439,1,,114,cm,25,gr,84,M,W2,WS6,,,,,,,,
Biology,Record,29VE202103,PEL,4,126439,1,,135,cm,25,gr,82,M,W1,WS6,,,,,,,,
Biology,Record,29VE202103,PEL,4,126439,1,,110,cm,26,gr,88,F,W3,WS6,,,,,,,,
Biology,Record,29VE202103,PEL,4,126439,1,,116,cm,26,gr,90,M,W2,WS6,,,,,,,,
Biology,Record,29VE202103,PEL,4,126439,1,,117,cm,26,gr,89,M,W3,WS6,,,,,,,,
Biology,Record,29VE202103,PEL,4,126439,1,,118,cm,26,gr,102,M,W3,WS6,,,,,,,,
Biology,Record,29VE202103,PEL,4,126439,1,,124,cm,26,gr,97,M,W5,WS6,,,,,,,,
Biology,Record,29VE202103,PEL,4,126439,1,,123,cm,27,gr,111,M,W3,WS6,,,,,,,,
Biology,Record,29VE202103,PEL,4,126439,1,,128,cm,27,gr,104,M,W2,WS6,,,,,,,,
Biology,Record,29VE202103,PEL,4,126439,1,,129,cm,27,gr,94,M,W1,WS6,,,,,,,,
Biology,Record,29VE202103,PEL,4,126439,1,,132,cm,27,gr,81,M,W2,WS6,,,,,,,,
Biology,Record,29VE202103,PEL,4,126439,1,,139,cm,27,gr,109,M,W2,WS6,,,,,,,,
Biology,Record,29VE202103,PEL,4,126439,1,,144,cm,27,gr,127,M,W3,WS6,,,,,,,,
Biology,Record,29VE202103,PEL,4,126439,1,,119,cm,28,gr,110,M,W2,WS6,,,,,,,,
Biology,Record,29VE202103,PEL,4,126439,1,,122,cm,28,gr,111,M,W2,WS6,,,,,,,,
Biology,Record,29VE202103,PEL,4,126439,1,,125,cm,28,gr,110,M,W3,WS6,,,,,,,,
Biology,Record,29VE202103,PEL,4,126439,1,,134,cm,28,gr,121,M,W2,WS6,,,,,,,,
Biology,Record,29VE202103,PEL,4,126439,1,,138,cm,28,gr,119,M,W2,WS6,,,,,,,,
Biology,Record,29VE202103,PEL,4,126439,1,,141,cm,28,gr,108,M,W2,WS6,,,,,,,,
Biology,Record,29VE202103,PEL,4,126439,1,,133,cm,29,gr,138,M,W2,WS6,,,,,,,,
Biology,Record,29VE202103,PEL,4,126439,1,,137,cm,29,gr,122,M,W2,WS6,,,,,,,,
Biology,Record,29VE202103,PEL,4,126439,1,,140,cm,29,gr,132,M,W3,WS6,,,,,,,,
Biology,Record,29VE202103,PEL,4,126439,1,,143,cm,29,gr,123,M,W2,WS6,,,,,,,,
Biology,Record,29VE202103,PEL,4,126439,1,,106,cm,30,gr,130,F,W4,WS6,,,,,,,,
Biology,Record,29VE202103,PEL,4,126439,1,,112,cm,30,gr,140,M,W2,WS6,,,,,,,,
Biology,Record,29VE202103,PEL,4,126439,1,,115,cm,30,gr,138,M,W3,WS6,,,,,,,,
Biology,Record,29VE202103,PEL,4,126439,1,,126,cm,30,gr,128,M,W3,WS6,,,,,,,,
Biology,Record,29VE202103,PEL,4,126439,1,,142,cm,30,gr,135,M,W3,WS6,,,,,,,,
Biology,Record,29VE202103,PEL,4,126439,1,,108,cm,31,gr,153,F,W5,WS6,,,,,,,,
Biology,Record,29VE202103,PEL,4,126439,1,,145,cm,31,gr,153,M,W3,WS6,,,,,,,,
Biology,Record,29VE202103,PEL,4,126439,1,,111,cm,32,gr,162,F,W3,WS6,,,,,,,,
Biology,Record,29VE202103,PEL,4,126439,1,,120,cm,32,gr,162,M,W3,WS6,,,,,,,,
Biology,Record,29VE202103,PEL,4,126439,1,,121,cm,32,gr,166,M,W2,WS6,,,,,,,,
Biology,Record,29VE202103,PEL,4,126439,1,,127,cm,32,gr,166,M,W3,WS6,,,,,,,,
Biology,Record,29VE202103,PEL,4,126439,1,,136,cm,32,gr,169,M,W5,WS6,,,,,,,,
Biology,Record,29VE202103,PEL,4,126439,1,,130,cm,33,gr,205,M,W3,WS6,,,,,,,,
Biology,Record,29VE202103,PEL,4,126439,1,,131,cm,33,gr,200,M,W3,WS6,,,,,,,,
Biology,Record,29VE202103,PEL,4,126439,1,,107,cm,34,gr,223,F,W4,WS6,,,,,,,,
Biology,Record,29VE202103,PEL,4,126439,1,,109,cm,36,gr,257,F,W4,WS6,,,,,,,,
Biology,Record,29VE202103,PEL,5,126439,1,,147,cm,24,gr,71,M,W2,WS6,,,,,,,,
Biology,Record,29VE202103,PEL,5,126439,1,,151,cm,28,gr,140,M,W4,WS6,,,,,,,,
Biology,Record,29VE202103,PEL,5,126439,1,,148,cm,29,gr,124,F,W5,WS6,,,,,,,,
Biology,Record,29VE202103,PEL,5,126439,1,,146,cm,30,gr,148,M,W3,WS6,,,,,,,,
Biology,Record,29VE202103,PEL,5,126439,1,,149,cm,30,gr,157,F,W2,WS6,,,,,,,,
Biology,Record,29VE202103,PEL,5,126439,1,,152,cm,31,gr,162,M,W2,WS6,,,,,,,,
Biology,Record,29VE202103,PEL,5,126439,1,,150,cm,35,gr,237,F,W3,WS6,,,,,,,,

