﻿Cruise,Header,CruiseSurvey,CruiseCountry,CruisePlatform,CruiseStartDate,CruiseEndDate,CruiseOrganisation,CruiseLocalID
Cruise,Record,IBWSS,ES,29MO,2019-03-18,2019-03-21,1404,29MO201903
Haul,Header,CruiseLocalID,HaulGear,HaulNumber,HaulStationName,HaulStartTime,HaulDuration,HaulValidity,HaulStartLatitude,HaulStartLongitude,HaulStopLatitude,HaulStopLongitude,HaulStatisticalRectangle,HaulMinTrawlDepth,HaulMaxTrawlDepth,HaulBottomDepth,HaulDistance,HaulNetopening,HaulCodendMesh,HaulSweepLength,HaulGearExceptions,HaulDoorType,HaulWarpLength,HaulWarpDiameter,HaulWarpDensity,HaulDoorSurface,HaulDoorWeight,HaulDoorSpread,HaulWingSpread,HaulBuoyancy,HaulKiteArea,HaulGroundRopeWeight,HaulRigging,HaulTickler,HaulHydrographicStationID,HaulTowDirection,HaulSpeedGround,HaulSpeedWater,HaulWindDirection,HaulWindSpeed,HaulSwellDirection,HaulSwellHeight,HaulLogDistance,HaulStratum
Haul,Record,29MO201903,PEL,1,1,2019-03-19T14:02:00,40,V,51.9802,-12.1148,51.98,-12.045,,496,550,800,,30,20,,,R,,20,,4.5,1400,170,,,,,,,,,4,3,253,17,,3,,
Haul,Record,29MO201903,PEL,3,3,2019-03-20T07:59:00,60,V,51.647,-12.8073,51.6475,-12.7025,,512,518,1450,,30,20,,,,,,,,,,,,,,,,,,4.4,3.1,243,15,,3,,
Haul,Record,29MO201903,PEL,4,4,2019-03-20T17:01:00,20,V,51.6515,-11.6362,51.6503,-11.6088,,430,,460,,30,20,,,,,,,,,,,,,,,,,,3.03,2.6,217,22,,3.5,,
Haul,Record,29MO201903,PEL,5,5,2019-03-21T08:42:00,38,V,51.3113,-12.978,51.3125,-12.9137,,505,522,1700,,30,20,,,,,,,,,,,,,,,,,,3.8,3.5,199,13,,3.5,,
Catch,Header,CruiseLocalID,HaulGear,HaulNumber,CatchDataType,CatchSpeciesCode,CatchSpeciesValidity,CatchSpeciesCategory,CatchSpeciesCategoryNumber,CatchWeightUnit,CatchSpeciesCategoryWeight,CatchSpeciesSex,CatchSubsampledNumber,CatchSubsamplingFactor,CatchSubsampleWeight,CatchLengthCode,CatchLengthClass,CatchLengthType,CatchNumberAtLength,CatchWeightAtLength
Catch,Record,29MO201903,PEL,1,R,126439,1,1,345,kg,41.95,,40,1,41.95,,,,,
Catch,Record,29MO201903,PEL,3,R,126439,1,1,1451,kg,42.8,,40,1,42.8,,,,,
Catch,Record,29MO201903,PEL,4,R,126439,1,1,1765,kg,34.88,,40,1,34.88,,,,,
Catch,Record,29MO201903,PEL,5,R,126439,1,1,2436,kg,46.21,,40,1,46.21,,,,,
Biology,Header,CruiseLocalID,HaulGear,HaulNumber,CatchSpeciesCode,CatchSpeciesCategory,BiologyStockCode,BiologyFishID,BiologyLengthCode,BiologyLengthClass,BiologyWeightUnit,BiologyIndividualWeight,BiologyIndividualSex,BiologyIndividualMaturity,BiologyMaturityScale,BiologyIndividualAge,BiologyIndividualGrowthRings,BiologyAgePlusGroup,BiologyAgeSource,BiologyGeneticSamplingFlag,BiologyStomachSamplingFlag,BiologyParasiteSamplingFlag,BiologyIndividualVertebraeCount
Biology,Record,29MO201903,PEL,1,126439,1,,40,halfcm,182,gr,32,F,W6,WS6,,,,,,,,
Biology,Record,29MO201903,PEL,1,126439,1,,39,halfcm,198,gr,43,M,W2,WS6,,,,,,,,
Biology,Record,29MO201903,PEL,1,126439,1,,4,halfcm,239,gr,70,F,W4,WS6,,,,,,,,
Biology,Record,29MO201903,PEL,1,126439,1,,23,halfcm,249,gr,84,M,W2,WS6,,,,,,,,
Biology,Record,29MO201903,PEL,1,126439,1,,8,halfcm,253,gr,74,M,W4,WS6,,,,,,,,
Biology,Record,29MO201903,PEL,1,126439,1,,37,halfcm,258,gr,75,M,W2,WS6,,,,,,,,
Biology,Record,29MO201903,PEL,1,126439,1,,28,halfcm,261,gr,86,M,W2,WS6,,,,,,,,
Biology,Record,29MO201903,PEL,1,126439,1,,17,halfcm,264,gr,92,M,W2,WS6,,,,,,,,
Biology,Record,29MO201903,PEL,1,126439,1,,22,halfcm,265,gr,82,M,W4,WS6,,,,,,,,
Biology,Record,29MO201903,PEL,1,126439,1,,6,halfcm,266,gr,92,M,W3,WS6,,,,,,,,
Biology,Record,29MO201903,PEL,1,126439,1,,12,halfcm,266,gr,94,M,W3,WS6,,,,,,,,
Biology,Record,29MO201903,PEL,1,126439,1,,35,halfcm,266,gr,84,M,W2,WS6,,,,,,,,
Biology,Record,29MO201903,PEL,1,126439,1,,10,halfcm,267,gr,103,M,W4,WS6,,,,,,,,
Biology,Record,29MO201903,PEL,1,126439,1,,13,halfcm,268,gr,108,F,W6,WS6,,,,,,,,
Biology,Record,29MO201903,PEL,1,126439,1,,20,halfcm,268,gr,106,M,W3,WS6,,,,,,,,
Biology,Record,29MO201903,PEL,1,126439,1,,33,halfcm,268,gr,92,M,W4,WS6,,,,,,,,
Biology,Record,29MO201903,PEL,1,126439,1,,34,halfcm,268,gr,90,M,W2,WS6,,,,,,,,
Biology,Record,29MO201903,PEL,1,126439,1,,36,halfcm,268,gr,95,M,W4,WS6,,,,,,,,
Biology,Record,29MO201903,PEL,1,126439,1,,5,halfcm,269,gr,97,M,W5,WS6,,,,,,,,
Biology,Record,29MO201903,PEL,1,126439,1,,18,halfcm,271,gr,97,M,W2,WS6,,,,,,,,
Biology,Record,29MO201903,PEL,1,126439,1,,32,halfcm,273,gr,107,M,W4,WS6,,,,,,,,
Biology,Record,29MO201903,PEL,1,126439,1,,15,halfcm,277,gr,100,M,W2,WS6,,,,,,,,
Biology,Record,29MO201903,PEL,1,126439,1,,29,halfcm,277,gr,96,F,W6,WS6,,,,,,,,
Biology,Record,29MO201903,PEL,1,126439,1,,30,halfcm,277,gr,91,F,W2,WS6,,,,,,,,
Biology,Record,29MO201903,PEL,1,126439,1,,31,halfcm,278,gr,91,M,W2,WS6,,,,,,,,
Biology,Record,29MO201903,PEL,1,126439,1,,1,halfcm,283,gr,108,M,W5,WS6,,,,,,,,
Biology,Record,29MO201903,PEL,1,126439,1,,2,halfcm,283,gr,104,F,W2,WS6,,,,,,,,
Biology,Record,29MO201903,PEL,1,126439,1,,14,halfcm,283,gr,111,F,W2,WS6,,,,,,,,
Biology,Record,29MO201903,PEL,1,126439,1,,25,halfcm,283,gr,107,F,W2,WS6,,,,,,,,
Biology,Record,29MO201903,PEL,1,126439,1,,38,halfcm,283,gr,119,M,W3,WS6,,,,,,,,
Biology,Record,29MO201903,PEL,1,126439,1,,11,halfcm,284,gr,113,F,W4,WS6,,,,,,,,
Biology,Record,29MO201903,PEL,1,126439,1,,16,halfcm,287,gr,111,M,W5,WS6,,,,,,,,
Biology,Record,29MO201903,PEL,1,126439,1,,21,halfcm,289,gr,99,F,W6,WS6,,,,,,,,
Biology,Record,29MO201903,PEL,1,126439,1,,9,halfcm,291,gr,107,F,W2,WS6,,,,,,,,
Biology,Record,29MO201903,PEL,1,126439,1,,7,halfcm,306,gr,144,M,W3,WS6,,,,,,,,
Biology,Record,29MO201903,PEL,1,126439,1,,26,halfcm,316,gr,152,F,W5,WS6,,,,,,,,
Biology,Record,29MO201903,PEL,1,126439,1,,27,halfcm,317,gr,158,M,W2,WS6,,,,,,,,
Biology,Record,29MO201903,PEL,1,126439,1,,24,halfcm,322,gr,165,F,W5,WS6,,,,,,,,
Biology,Record,29MO201903,PEL,1,126439,1,,19,halfcm,330,gr,165,F,W3,WS6,,,,,,,,
Biology,Record,29MO201903,PEL,1,126439,1,,3,halfcm,381,gr,253,F,W3,WS6,,,,,,,,
Biology,Record,29MO201903,PEL,3,126439,1,,66,halfcm,240,gr,72,M,W5,WS6,,,,,,,,
Biology,Record,29MO201903,PEL,3,126439,1,,61,halfcm,254,gr,82,M,W5,WS6,,,,,,,,
Biology,Record,29MO201903,PEL,3,126439,1,,49,halfcm,255,gr,82,M,W5,WS6,,,,,,,,
Biology,Record,29MO201903,PEL,3,126439,1,,78,halfcm,257,gr,88,M,W5,WS6,,,,,,,,
Biology,Record,29MO201903,PEL,3,126439,1,,65,halfcm,263,gr,87,M,W5,WS6,,,,,,,,
Biology,Record,29MO201903,PEL,3,126439,1,,41,halfcm,264,gr,96,M,W5,WS6,,,,,,,,
Biology,Record,29MO201903,PEL,3,126439,1,,45,halfcm,264,gr,102,M,W4,WS6,,,,,,,,
Biology,Record,29MO201903,PEL,3,126439,1,,46,halfcm,265,gr,93,M,W5,WS6,,,,,,,,
Biology,Record,29MO201903,PEL,3,126439,1,,79,halfcm,265,gr,87,M,W5,WS6,,,,,,,,
Biology,Record,29MO201903,PEL,3,126439,1,,57,halfcm,266,gr,101,F,W4,WS6,,,,,,,,
Biology,Record,29MO201903,PEL,3,126439,1,,59,halfcm,266,gr,93,M,W5,WS6,,,,,,,,
Biology,Record,29MO201903,PEL,3,126439,1,,60,halfcm,266,gr,102,M,W5,WS6,,,,,,,,
Biology,Record,29MO201903,PEL,3,126439,1,,77,halfcm,269,gr,91,M,W5,WS6,,,,,,,,
Biology,Record,29MO201903,PEL,3,126439,1,,68,halfcm,270,gr,113,M,W5,WS6,,,,,,,,
Biology,Record,29MO201903,PEL,3,126439,1,,44,halfcm,272,gr,88,M,W2,WS6,,,,,,,,
Biology,Record,29MO201903,PEL,3,126439,1,,70,halfcm,273,gr,103,M,W5,WS6,,,,,,,,
Biology,Record,29MO201903,PEL,3,126439,1,,52,halfcm,274,gr,108,M,W5,WS6,,,,,,,,
Biology,Record,29MO201903,PEL,3,126439,1,,74,halfcm,274,gr,101,M,W2,WS6,,,,,,,,
Biology,Record,29MO201903,PEL,3,126439,1,,43,halfcm,275,gr,100,M,W6,WS6,,,,,,,,
Biology,Record,29MO201903,PEL,3,126439,1,,63,halfcm,275,gr,110,M,W4,WS6,,,,,,,,
Biology,Record,29MO201903,PEL,3,126439,1,,73,halfcm,275,gr,96,M,W5,WS6,,,,,,,,
Biology,Record,29MO201903,PEL,3,126439,1,,64,halfcm,276,gr,101,M,W2,WS6,,,,,,,,
Biology,Record,29MO201903,PEL,3,126439,1,,56,halfcm,277,gr,113,M,W5,WS6,,,,,,,,
Biology,Record,29MO201903,PEL,3,126439,1,,54,halfcm,280,gr,105,M,W5,WS6,,,,,,,,
Biology,Record,29MO201903,PEL,3,126439,1,,75,halfcm,280,gr,97,M,W5,WS6,,,,,,,,
Biology,Record,29MO201903,PEL,3,126439,1,,76,halfcm,281,gr,109,M,W5,WS6,,,,,,,,
Biology,Record,29MO201903,PEL,3,126439,1,,69,halfcm,283,gr,111,M,W5,WS6,,,,,,,,
Biology,Record,29MO201903,PEL,3,126439,1,,51,halfcm,287,gr,114,M,W5,WS6,,,,,,,,
Biology,Record,29MO201903,PEL,3,126439,1,,58,halfcm,287,gr,103,F,W4,WS6,,,,,,,,
Biology,Record,29MO201903,PEL,3,126439,1,,72,halfcm,289,gr,116,M,W5,WS6,,,,,,,,
Biology,Record,29MO201903,PEL,3,126439,1,,42,halfcm,290,gr,105,F,W2,WS6,,,,,,,,
Biology,Record,29MO201903,PEL,3,126439,1,,71,halfcm,291,gr,122,M,W5,WS6,,,,,,,,
Biology,Record,29MO201903,PEL,3,126439,1,,48,halfcm,296,gr,118,M,W6,WS6,,,,,,,,
Biology,Record,29MO201903,PEL,3,126439,1,,67,halfcm,300,gr,132,F,W4,WS6,,,,,,,,
Biology,Record,29MO201903,PEL,3,126439,1,,47,halfcm,305,gr,134,M,W5,WS6,,,,,,,,
Biology,Record,29MO201903,PEL,3,126439,1,,55,halfcm,307,gr,148,M,W6,WS6,,,,,,,,
Biology,Record,29MO201903,PEL,3,126439,1,,62,halfcm,309,gr,145,M,W5,WS6,,,,,,,,
Biology,Record,29MO201903,PEL,3,126439,1,,80,halfcm,318,gr,150,M,W5,WS6,,,,,,,,
Biology,Record,29MO201903,PEL,3,126439,1,,50,halfcm,327,gr,170,F,W5,WS6,,,,,,,,
Biology,Record,29MO201903,PEL,3,126439,1,,53,halfcm,328,gr,194,M,W4,WS6,,,,,,,,
Biology,Record,29MO201903,PEL,4,126439,1,,117,halfcm,202,gr,44,M,W6,WS6,,,,,,,,
Biology,Record,29MO201903,PEL,4,126439,1,,101,halfcm,211,gr,53,F,W6,WS6,,,,,,,,
Biology,Record,29MO201903,PEL,4,126439,1,,114,halfcm,231,gr,56,M,W5,WS6,,,,,,,,
Biology,Record,29MO201903,PEL,4,126439,1,,111,halfcm,234,gr,66,M,W2,WS6,,,,,,,,
Biology,Record,29MO201903,PEL,4,126439,1,,99,halfcm,240,gr,74,M,W5,WS6,,,,,,,,
Biology,Record,29MO201903,PEL,4,126439,1,,103,halfcm,240,gr,75,M,W4,WS6,,,,,,,,
Biology,Record,29MO201903,PEL,4,126439,1,,104,halfcm,241,gr,76,M,W6,WS6,,,,,,,,
Biology,Record,29MO201903,PEL,4,126439,1,,85,halfcm,245,gr,75,M,W4,WS6,,,,,,,,
Biology,Record,29MO201903,PEL,4,126439,1,,98,halfcm,246,gr,75,M,W5,WS6,,,,,,,,
Biology,Record,29MO201903,PEL,4,126439,1,,115,halfcm,247,gr,82,F,W2,WS6,,,,,,,,
Biology,Record,29MO201903,PEL,4,126439,1,,84,halfcm,249,gr,77,M,W4,WS6,,,,,,,,
Biology,Record,29MO201903,PEL,4,126439,1,,106,halfcm,249,gr,70,M,W5,WS6,,,,,,,,
Biology,Record,29MO201903,PEL,4,126439,1,,118,halfcm,254,gr,86,M,W4,WS6,,,,,,,,
Biology,Record,29MO201903,PEL,4,126439,1,,112,halfcm,255,gr,91,M,W5,WS6,,,,,,,,
Biology,Record,29MO201903,PEL,4,126439,1,,82,halfcm,256,gr,90,M,W4,WS6,,,,,,,,
Biology,Record,29MO201903,PEL,4,126439,1,,90,halfcm,256,gr,94,M,W4,WS6,,,,,,,,
Biology,Record,29MO201903,PEL,4,126439,1,,116,halfcm,256,gr,69,M,W5,WS6,,,,,,,,
Biology,Record,29MO201903,PEL,4,126439,1,,97,halfcm,257,gr,92,M,W5,WS6,,,,,,,,
Biology,Record,29MO201903,PEL,4,126439,1,,89,halfcm,258,gr,81,F,W2,WS6,,,,,,,,
Biology,Record,29MO201903,PEL,4,126439,1,,108,halfcm,258,gr,92,M,W4,WS6,,,,,,,,
Biology,Record,29MO201903,PEL,4,126439,1,,110,halfcm,258,gr,92,M,W4,WS6,,,,,,,,
Biology,Record,29MO201903,PEL,4,126439,1,,102,halfcm,259,gr,87,M,W4,WS6,,,,,,,,
Biology,Record,29MO201903,PEL,4,126439,1,,119,halfcm,261,gr,86,M,W5,WS6,,,,,,,,
Biology,Record,29MO201903,PEL,4,126439,1,,87,halfcm,263,gr,86,F,W5,WS6,,,,,,,,
Biology,Record,29MO201903,PEL,4,126439,1,,94,halfcm,264,gr,103,M,W4,WS6,,,,,,,,
Biology,Record,29MO201903,PEL,4,126439,1,,105,halfcm,264,gr,97,M,W4,WS6,,,,,,,,
Biology,Record,29MO201903,PEL,4,126439,1,,113,halfcm,264,gr,86,M,W6,WS6,,,,,,,,
Biology,Record,29MO201903,PEL,4,126439,1,,96,halfcm,266,gr,104,F,W6,WS6,,,,,,,,
Biology,Record,29MO201903,PEL,4,126439,1,,120,halfcm,266,gr,95,M,W4,WS6,,,,,,,,
Biology,Record,29MO201903,PEL,4,126439,1,,107,halfcm,269,gr,90,M,W5,WS6,,,,,,,,
Biology,Record,29MO201903,PEL,4,126439,1,,86,halfcm,272,gr,108,M,W4,WS6,,,,,,,,
Biology,Record,29MO201903,PEL,4,126439,1,,83,halfcm,273,gr,115,M,W5,WS6,,,,,,,,
Biology,Record,29MO201903,PEL,4,126439,1,,91,halfcm,273,gr,93,M,W4,WS6,,,,,,,,
Biology,Record,29MO201903,PEL,4,126439,1,,81,halfcm,276,gr,98,F,W5,WS6,,,,,,,,
Biology,Record,29MO201903,PEL,4,126439,1,,93,halfcm,276,gr,90,F,W5,WS6,,,,,,,,
Biology,Record,29MO201903,PEL,4,126439,1,,92,halfcm,277,gr,107,F,W2,WS6,,,,,,,,
Biology,Record,29MO201903,PEL,4,126439,1,,109,halfcm,280,gr,105,F,W5,WS6,,,,,,,,
Biology,Record,29MO201903,PEL,4,126439,1,,88,halfcm,282,gr,117,F,W5,WS6,,,,,,,,
Biology,Record,29MO201903,PEL,4,126439,1,,95,halfcm,285,gr,105,F,W6,WS6,,,,,,,,
Biology,Record,29MO201903,PEL,4,126439,1,,100,halfcm,285,gr,107,F,W5,WS6,,,,,,,,
Biology,Record,29MO201903,PEL,5,126439,1,,143,halfcm,255,gr,83,M,W4,WS6,,,,,,,,
Biology,Record,29MO201903,PEL,5,126439,1,,160,halfcm,260,gr,86,M,W5,WS6,,,,,,,,
Biology,Record,29MO201903,PEL,5,126439,1,,124,halfcm,262,gr,92,M,W5,WS6,,,,,,,,
Biology,Record,29MO201903,PEL,5,126439,1,,137,halfcm,263,gr,104,M,W4,WS6,,,,,,,,
Biology,Record,29MO201903,PEL,5,126439,1,,149,halfcm,265,gr,98,M,W5,WS6,,,,,,,,
Biology,Record,29MO201903,PEL,5,126439,1,,134,halfcm,266,gr,87,M,W5,WS6,,,,,,,,
Biology,Record,29MO201903,PEL,5,126439,1,,141,halfcm,267,gr,102,M,W5,WS6,,,,,,,,
Biology,Record,29MO201903,PEL,5,126439,1,,144,halfcm,267,gr,86,M,W5,WS6,,,,,,,,
Biology,Record,29MO201903,PEL,5,126439,1,,133,halfcm,268,gr,109,M,W4,WS6,,,,,,,,
Biology,Record,29MO201903,PEL,5,126439,1,,146,halfcm,270,gr,96,M,W5,WS6,,,,,,,,
Biology,Record,29MO201903,PEL,5,126439,1,,145,halfcm,271,gr,88,M,W4,WS6,,,,,,,,
Biology,Record,29MO201903,PEL,5,126439,1,,158,halfcm,271,gr,102,M,W5,WS6,,,,,,,,
Biology,Record,29MO201903,PEL,5,126439,1,,148,halfcm,273,gr,110,M,W5,WS6,,,,,,,,
Biology,Record,29MO201903,PEL,5,126439,1,,136,halfcm,274,gr,99,M,W5,WS6,,,,,,,,
Biology,Record,29MO201903,PEL,5,126439,1,,126,halfcm,275,gr,107,M,W5,WS6,,,,,,,,
Biology,Record,29MO201903,PEL,5,126439,1,,147,halfcm,275,gr,111,M,W4,WS6,,,,,,,,
Biology,Record,29MO201903,PEL,5,126439,1,,150,halfcm,275,gr,95,M,W5,WS6,,,,,,,,
Biology,Record,29MO201903,PEL,5,126439,1,,140,halfcm,277,gr,111,M,W5,WS6,,,,,,,,
Biology,Record,29MO201903,PEL,5,126439,1,,155,halfcm,281,gr,121,M,W5,WS6,,,,,,,,
Biology,Record,29MO201903,PEL,5,126439,1,,125,halfcm,283,gr,112,M,W4,WS6,,,,,,,,
Biology,Record,29MO201903,PEL,5,126439,1,,130,halfcm,284,gr,121,M,W5,WS6,,,,,,,,
Biology,Record,29MO201903,PEL,5,126439,1,,121,halfcm,285,gr,119,M,W5,WS6,,,,,,,,
Biology,Record,29MO201903,PEL,5,126439,1,,129,halfcm,285,gr,105,F,W5,WS6,,,,,,,,
Biology,Record,29MO201903,PEL,5,126439,1,,156,halfcm,285,gr,126,M,W5,WS6,,,,,,,,
Biology,Record,29MO201903,PEL,5,126439,1,,128,halfcm,287,gr,129,M,W4,WS6,,,,,,,,
Biology,Record,29MO201903,PEL,5,126439,1,,152,halfcm,287,gr,106,F,W5,WS6,,,,,,,,
Biology,Record,29MO201903,PEL,5,126439,1,,153,halfcm,289,gr,114,M,W4,WS6,,,,,,,,
Biology,Record,29MO201903,PEL,5,126439,1,,157,halfcm,289,gr,105,F,W5,WS6,,,,,,,,
Biology,Record,29MO201903,PEL,5,126439,1,,122,halfcm,295,gr,138,M,W5,WS6,,,,,,,,
Biology,Record,29MO201903,PEL,5,126439,1,,135,halfcm,296,gr,119,F,W5,WS6,,,,,,,,
Biology,Record,29MO201903,PEL,5,126439,1,,142,halfcm,296,gr,125,M,W5,WS6,,,,,,,,
Biology,Record,29MO201903,PEL,5,126439,1,,154,halfcm,296,gr,126,M,W5,WS6,,,,,,,,
Biology,Record,29MO201903,PEL,5,126439,1,,151,halfcm,297,gr,124,M,W5,WS6,,,,,,,,
Biology,Record,29MO201903,PEL,5,126439,1,,131,halfcm,304,gr,138,M,W5,WS6,,,,,,,,
Biology,Record,29MO201903,PEL,5,126439,1,,139,halfcm,306,gr,116,F,W5,WS6,,,,,,,,
Biology,Record,29MO201903,PEL,5,126439,1,,123,halfcm,310,gr,145,M,W4,WS6,,,,,,,,
Biology,Record,29MO201903,PEL,5,126439,1,,132,halfcm,312,gr,140,M,W5,WS6,,,,,,,,
Biology,Record,29MO201903,PEL,5,126439,1,,159,halfcm,315,gr,153,M,W5,WS6,,,,,,,,
Biology,Record,29MO201903,PEL,5,126439,1,,127,halfcm,331,gr,189,M,W4,WS6,,,,,,,,
Biology,Record,29MO201903,PEL,5,126439,1,,138,halfcm,356,gr,183,F,W5,WS6,,,,,,,,

