﻿Instrument,Header,InstrumentFrequency,InstrumentTransducerLocation,InstrumentTransducerManufacturer,InstrumentTransducerModel,InstrumentTransducerSerial,InstrumentTransducerBeamType,InstrumentTransducerDepth,InstrumentTransducerOrientation,InstrumentTransducerPSI,InstrumentTransducerBeamAngleMajor,InstrumentTransducerBeamAngleMinor,InstrumentTransceiverManufacturer,InstrumentTransceiverModel,InstrumentTransceiverSerial,InstrumentTransceiverFirmware,InstrumentComments,InstrumentID
Instrument,Record,38,AD,Simrad,ES38B,,S2,5.4,elevation 45° azimuth 90° rotation 270°,-20.6,6.9,7.1,Simrad,GPT,0090720596ec,2.4.3,,I1
Calibration,Header,CalibrationDate,CalibrationAcquisitionMethod,CalibrationProcessingMethod,CalibrationAccuracyEstimate,CalibrationReport,CalibrationComments,CalibrationID
Calibration,Record,2019-03-14,SS,calibration.exe,0.18,,,C1
DataAcquisition,Header,DataAcquisitionSoftwareName,DataAcquisitionSoftwareVersion,DataAcquisitionStoredDataFormat,DataAcquisitionPingDutyCycle,DataAcquisitionComments,DataAcquisitionID
DataAcquisition,Record,ER60,2.4.3,RAW,continuous pinging at maximum ping rate,,DA1
DataProcessing,Header,DataProcessingSoftwareName,DataProcessingSoftwareVersion,DataProcessingTriwaveCorrection,DataProcessingChannelID,DataProcessingBandwidth,DataProcessingFrequency,DataProcessingTransceiverPower,DataProcessingTransmitPulseLength,DataProcessingOnAxisGain,DataProcessingOnAxisGainUnit,DataProcessingSaCorrection,DataProcessingAbsorption,DataProcessingAbsorptionDescription,DataProcessingSoundSpeed,DataProcessingSoundSpeedDescription,DataProcessingTransducerPSI,DataProcessingComments,DataProcessingID
DataProcessing,Record,Echoview,9.0.338.36015,NA,,2.43,38,2000,1024,24.68,dB,-0.54,9.42,estimated by ER60,1506.4,measured at calibration,3,,DP1
EchoType,Header,EchoTypeStratum,EchoTypeComments,EchoTypeSpeciesCode,EchoTypeSpeciesCategory,EchoTypeID
Cruise,Header,CruiseSurvey,CruiseCountry,CruisePlatform,CruiseStartDate,CruiseEndDate,CruiseOrganisation,CruiseLocalID
Cruise,Record,IBWSS,ES,29MO,2019-03-18,2019-03-21,1404,29MO201903
Data,Header,LogDistance,LogTime,LogLatitude,LogLongitude,LogOrigin,LogLatitude2,LogLongitude2,LogOrigin2,LogValidity,LogBottomDepth,SampleChannelDepthUpper,SampleChannelDepthLower,SamplePingAxisInterval,SamplePingAxisIntervalType,SamplePingAxisIntervalUnit,SampleSvThreshold,InstrumentID,CalibrationID,DataAcquisitionID,DataProcessingID,SamplePingAxisIntervalOrigin,DataSaCategory,EchoTypeID,DataType,DataUnit,DataValue,CruiseLocalID
Data,Record,2,2019-03-18T20:52:02,52.3117,-13.01229,start,,,,V,,0,600,1,distance,nmi,-70,I1,C1,DA1,DP1,start,MAV,,C,m2nmi-2,60.60098,29MO201903
Data,Record,2,2019-03-18T20:52:02,52.3117,-13.01229,start,,,,V,,0,600,1,distance,nmi,-70,I1,C1,DA1,DP1,start,WHB,,C,m2nmi-2,12.61844,29MO201903
Data,Record,3,2019-03-18T20:58:14,52.31225,-12.98506,start,,,,V,,0,600,1,distance,nmi,-70,I1,C1,DA1,DP1,start,MAV,,C,m2nmi-2,118.1157,29MO201903
Data,Record,3,2019-03-18T20:58:14,52.31225,-12.98506,start,,,,V,,0,600,1,distance,nmi,-70,I1,C1,DA1,DP1,start,WHB,,C,m2nmi-2,83.67156,29MO201903
Data,Record,4,2019-03-18T21:04:01,52.31242,-12.95792,start,,,,V,,0,600,1,distance,nmi,-70,I1,C1,DA1,DP1,start,MAV,,C,m2nmi-2,439.3523,29MO201903
Data,Record,4,2019-03-18T21:04:01,52.31242,-12.95792,start,,,,V,,0,600,1,distance,nmi,-70,I1,C1,DA1,DP1,start,WHB,,C,m2nmi-2,163.4102,29MO201903
Data,Record,5,2019-03-18T21:09:55,52.31262,-12.93067,start,,,,V,,0,600,1,distance,nmi,-70,I1,C1,DA1,DP1,start,MAV,,C,m2nmi-2,227.0897,29MO201903
Data,Record,5,2019-03-18T21:09:55,52.31262,-12.93067,start,,,,V,,0,600,1,distance,nmi,-70,I1,C1,DA1,DP1,start,WHB,,C,m2nmi-2,158.3642,29MO201903
Data,Record,6,2019-03-18T21:15:48,52.31269,-12.90348,start,,,,V,,0,600,1,distance,nmi,-70,I1,C1,DA1,DP1,start,MAV,,C,m2nmi-2,104.3944,29MO201903
Data,Record,6,2019-03-18T21:15:48,52.31269,-12.90348,start,,,,V,,0,600,1,distance,nmi,-70,I1,C1,DA1,DP1,start,WHB,,C,m2nmi-2,109.9167,29MO201903
Data,Record,7,2019-03-18T21:21:37,52.31285,-12.87633,start,,,,V,,0,600,1,distance,nmi,-70,I1,C1,DA1,DP1,start,MAV,,C,m2nmi-2,181.7927,29MO201903
Data,Record,7,2019-03-18T21:21:37,52.31285,-12.87633,start,,,,V,,0,600,1,distance,nmi,-70,I1,C1,DA1,DP1,start,WHB,,C,m2nmi-2,100.1931,29MO201903
Data,Record,8,2019-03-18T21:27:26,52.31298,-12.84916,start,,,,V,,0,600,1,distance,nmi,-70,I1,C1,DA1,DP1,start,MAV,,C,m2nmi-2,618.6789,29MO201903
Data,Record,8,2019-03-18T21:27:26,52.31298,-12.84916,start,,,,V,,0,600,1,distance,nmi,-70,I1,C1,DA1,DP1,start,WHB,,C,m2nmi-2,122.9808,29MO201903
Data,Record,9,2019-03-18T21:33:14,52.31307,-12.82198,start,,,,V,,0,600,1,distance,nmi,-70,I1,C1,DA1,DP1,start,MAV,,C,m2nmi-2,357.2483,29MO201903
Data,Record,9,2019-03-18T21:33:14,52.31307,-12.82198,start,,,,V,,0,600,1,distance,nmi,-70,I1,C1,DA1,DP1,start,WHB,,C,m2nmi-2,143.5462,29MO201903
Data,Record,10,2019-03-18T21:39:00,52.31321,-12.79476,start,,,,V,,0,600,1,distance,nmi,-70,I1,C1,DA1,DP1,start,MAV,,C,m2nmi-2,145.2396,29MO201903
Data,Record,10,2019-03-18T21:39:00,52.31321,-12.79476,start,,,,V,,0,600,1,distance,nmi,-70,I1,C1,DA1,DP1,start,WHB,,C,m2nmi-2,146.1447,29MO201903
Data,Record,11,2019-03-18T21:44:46,52.31331,-12.7676,start,,,,V,,0,600,1,distance,nmi,-70,I1,C1,DA1,DP1,start,MAV,,C,m2nmi-2,216.4431,29MO201903
Data,Record,11,2019-03-18T21:44:46,52.31331,-12.7676,start,,,,V,,0,600,1,distance,nmi,-70,I1,C1,DA1,DP1,start,WHB,,C,m2nmi-2,153.9368,29MO201903
Data,Record,12,2019-03-18T21:50:33,52.31342,-12.74035,start,,,,V,,0,600,1,distance,nmi,-70,I1,C1,DA1,DP1,start,MAV,,C,m2nmi-2,302.0158,29MO201903
Data,Record,12,2019-03-18T21:50:33,52.31342,-12.74035,start,,,,V,,0,600,1,distance,nmi,-70,I1,C1,DA1,DP1,start,WHB,,C,m2nmi-2,282.6379,29MO201903
Data,Record,13,2019-03-18T21:56:12,52.31351,-12.71314,start,,,,V,,0,600,1,distance,nmi,-70,I1,C1,DA1,DP1,start,MAV,,C,m2nmi-2,191.3688,29MO201903
Data,Record,13,2019-03-18T21:56:12,52.31351,-12.71314,start,,,,V,,0,600,1,distance,nmi,-70,I1,C1,DA1,DP1,start,WHB,,C,m2nmi-2,355.2673,29MO201903
Data,Record,14,2019-03-18T22:01:53,52.31359,-12.6859,start,,,,V,,0,600,1,distance,nmi,-70,I1,C1,DA1,DP1,start,MAV,,C,m2nmi-2,425.4539,29MO201903
Data,Record,14,2019-03-18T22:01:53,52.31359,-12.6859,start,,,,V,,0,600,1,distance,nmi,-70,I1,C1,DA1,DP1,start,WHB,,C,m2nmi-2,229.328,29MO201903
Data,Record,15,2019-03-18T22:07:30,52.3137,-12.65884,start,,,,V,,0,600,1,distance,nmi,-70,I1,C1,DA1,DP1,start,MAV,,C,m2nmi-2,209.4388,29MO201903
Data,Record,15,2019-03-18T22:07:30,52.3137,-12.65884,start,,,,V,,0,600,1,distance,nmi,-70,I1,C1,DA1,DP1,start,WHB,,C,m2nmi-2,281.3846,29MO201903
Data,Record,16,2019-03-18T22:13:11,52.31377,-12.63161,start,,,,V,,0,600,1,distance,nmi,-70,I1,C1,DA1,DP1,start,MAV,,C,m2nmi-2,25.79584,29MO201903
Data,Record,16,2019-03-18T22:13:11,52.31377,-12.63161,start,,,,V,,0,600,1,distance,nmi,-70,I1,C1,DA1,DP1,start,WHB,,C,m2nmi-2,268.1347,29MO201903
Data,Record,17,2019-03-18T22:18:54,52.31385,-12.60442,start,,,,V,,0,600,1,distance,nmi,-70,I1,C1,DA1,DP1,start,MAV,,C,m2nmi-2,114.83,29MO201903
Data,Record,17,2019-03-18T22:18:54,52.31385,-12.60442,start,,,,V,,0,600,1,distance,nmi,-70,I1,C1,DA1,DP1,start,WHB,,C,m2nmi-2,81.28919,29MO201903
Data,Record,20,2019-03-18T23:14:46,52.31382,-12.58451,start,,,,V,,0,600,1,distance,nmi,-70,I1,C1,DA1,DP1,start,MAV,,C,m2nmi-2,202.9093,29MO201903
Data,Record,20,2019-03-18T23:14:46,52.31382,-12.58451,start,,,,V,,0,600,1,distance,nmi,-70,I1,C1,DA1,DP1,start,WHB,,C,m2nmi-2,82.74306,29MO201903
Data,Record,21,2019-03-18T23:20:27,52.31396,-12.55721,start,,,,V,,0,600,1,distance,nmi,-70,I1,C1,DA1,DP1,start,MAV,,C,m2nmi-2,147.9115,29MO201903
Data,Record,21,2019-03-18T23:20:27,52.31396,-12.55721,start,,,,V,,0,600,1,distance,nmi,-70,I1,C1,DA1,DP1,start,WHB,,C,m2nmi-2,55.26152,29MO201903
Data,Record,22,2019-03-18T23:26:08,52.31401,-12.53008,start,,,,V,,0,600,1,distance,nmi,-70,I1,C1,DA1,DP1,start,MAV,,C,m2nmi-2,471.5154,29MO201903
Data,Record,22,2019-03-18T23:26:08,52.31401,-12.53008,start,,,,V,,0,600,1,distance,nmi,-70,I1,C1,DA1,DP1,start,WHB,,C,m2nmi-2,93.08929,29MO201903
Data,Record,23,2019-03-18T23:31:46,52.31404,-12.50286,start,,,,V,,0,600,1,distance,nmi,-70,I1,C1,DA1,DP1,start,MAV,,C,m2nmi-2,299.0818,29MO201903
Data,Record,23,2019-03-18T23:31:46,52.31404,-12.50286,start,,,,V,,0,600,1,distance,nmi,-70,I1,C1,DA1,DP1,start,WHB,,C,m2nmi-2,85.84057,29MO201903
Data,Record,24,2019-03-18T23:37:29,52.31411,-12.47556,start,,,,V,,0,600,1,distance,nmi,-70,I1,C1,DA1,DP1,start,MAV,,C,m2nmi-2,490.3636,29MO201903
Data,Record,24,2019-03-18T23:37:29,52.31411,-12.47556,start,,,,V,,0,600,1,distance,nmi,-70,I1,C1,DA1,DP1,start,WHB,,C,m2nmi-2,77.21909,29MO201903
Data,Record,25,2019-03-18T23:43:09,52.31416,-12.44842,start,,,,V,,0,600,1,distance,nmi,-70,I1,C1,DA1,DP1,start,MAV,,C,m2nmi-2,183.5475,29MO201903
Data,Record,25,2019-03-18T23:43:09,52.31416,-12.44842,start,,,,V,,0,600,1,distance,nmi,-70,I1,C1,DA1,DP1,start,WHB,,C,m2nmi-2,103.0435,29MO201903
Data,Record,26,2019-03-18T23:48:52,52.31416,-12.42124,start,,,,V,,0,600,1,distance,nmi,-70,I1,C1,DA1,DP1,start,MAV,,C,m2nmi-2,86.70791,29MO201903
Data,Record,26,2019-03-18T23:48:52,52.31416,-12.42124,start,,,,V,,0,600,1,distance,nmi,-70,I1,C1,DA1,DP1,start,WHB,,C,m2nmi-2,63.82812,29MO201903
Data,Record,27,2019-03-18T23:54:40,52.31419,-12.39393,start,,,,V,,0,600,1,distance,nmi,-70,I1,C1,DA1,DP1,start,MAV,,C,m2nmi-2,166.8523,29MO201903
Data,Record,27,2019-03-18T23:54:40,52.31419,-12.39393,start,,,,V,,0,600,1,distance,nmi,-70,I1,C1,DA1,DP1,start,WHB,,C,m2nmi-2,58.59436,29MO201903
Data,Record,28,2019-03-19T00:00:23,52.3142,-12.36685,start,,,,V,,0,600,1,distance,nmi,-70,I1,C1,DA1,DP1,start,MAV,,C,m2nmi-2,167.0234,29MO201903
Data,Record,28,2019-03-19T00:00:23,52.3142,-12.36685,start,,,,V,,0,600,1,distance,nmi,-70,I1,C1,DA1,DP1,start,WHB,,C,m2nmi-2,70.50381,29MO201903
Data,Record,29,2019-03-19T00:06:08,52.31422,-12.33967,start,,,,V,,0,600,1,distance,nmi,-70,I1,C1,DA1,DP1,start,MAV,,C,m2nmi-2,62.99428,29MO201903
Data,Record,29,2019-03-19T00:06:08,52.31422,-12.33967,start,,,,V,,0,600,1,distance,nmi,-70,I1,C1,DA1,DP1,start,WHB,,C,m2nmi-2,86.52126,29MO201903
Data,Record,30,2019-03-19T00:11:52,52.31424,-12.3124,start,,,,V,,0,600,1,distance,nmi,-70,I1,C1,DA1,DP1,start,MAV,,C,m2nmi-2,226.2493,29MO201903
Data,Record,30,2019-03-19T00:11:52,52.31424,-12.3124,start,,,,V,,0,600,1,distance,nmi,-70,I1,C1,DA1,DP1,start,WHB,,C,m2nmi-2,115.3544,29MO201903
Data,Record,31,2019-03-19T00:17:37,52.31423,-12.28524,start,,,,V,,0,600,1,distance,nmi,-70,I1,C1,DA1,DP1,start,MAV,,C,m2nmi-2,50.97112,29MO201903
Data,Record,31,2019-03-19T00:17:37,52.31423,-12.28524,start,,,,V,,0,600,1,distance,nmi,-70,I1,C1,DA1,DP1,start,WHB,,C,m2nmi-2,150.2137,29MO201903
Data,Record,32,2019-03-19T00:23:19,52.31424,-12.25805,start,,,,V,,0,600,1,distance,nmi,-70,I1,C1,DA1,DP1,start,MAV,,C,m2nmi-2,279.2491,29MO201903
Data,Record,32,2019-03-19T00:23:19,52.31424,-12.25805,start,,,,V,,0,600,1,distance,nmi,-70,I1,C1,DA1,DP1,start,WHB,,C,m2nmi-2,208.5012,29MO201903
Data,Record,33,2019-03-19T00:29:02,52.31421,-12.23076,start,,,,V,,0,600,1,distance,nmi,-70,I1,C1,DA1,DP1,start,MAV,,C,m2nmi-2,37.13037,29MO201903
Data,Record,33,2019-03-19T00:29:02,52.31421,-12.23076,start,,,,V,,0,600,1,distance,nmi,-70,I1,C1,DA1,DP1,start,WHB,,C,m2nmi-2,353.1216,29MO201903
Data,Record,34,2019-03-19T00:34:46,52.31422,-12.20357,start,,,,V,,0,600,1,distance,nmi,-70,I1,C1,DA1,DP1,start,MAV,,C,m2nmi-2,13.83212,29MO201903
Data,Record,34,2019-03-19T00:34:46,52.31422,-12.20357,start,,,,V,,0,600,1,distance,nmi,-70,I1,C1,DA1,DP1,start,WHB,,C,m2nmi-2,115.7047,29MO201903
Data,Record,35,2019-03-19T00:40:29,52.31416,-12.17639,start,,,,V,,0,600,1,distance,nmi,-70,I1,C1,DA1,DP1,start,MAV,,C,m2nmi-2,46.55822,29MO201903
Data,Record,35,2019-03-19T00:40:29,52.31416,-12.17639,start,,,,V,,0,600,1,distance,nmi,-70,I1,C1,DA1,DP1,start,WHB,,C,m2nmi-2,41.47103,29MO201903
Data,Record,37,2019-03-19T01:25:30,52.3129,-12.16244,start,,,,V,,0,600,1,distance,nmi,-70,I1,C1,DA1,DP1,start,MAV,,C,m2nmi-2,7.855436,29MO201903
Data,Record,37,2019-03-19T01:25:30,52.3129,-12.16244,start,,,,V,,0,600,1,distance,nmi,-70,I1,C1,DA1,DP1,start,WHB,,C,m2nmi-2,3.621225,29MO201903
Data,Record,38,2019-03-19T01:33:05,52.31416,-12.15888,start,,,,V,,0,600,1,distance,nmi,-70,I1,C1,DA1,DP1,start,MAV,,C,m2nmi-2,60.80186,29MO201903
Data,Record,38,2019-03-19T01:33:05,52.31416,-12.15888,start,,,,V,,0,600,1,distance,nmi,-70,I1,C1,DA1,DP1,start,WHB,,C,m2nmi-2,52.04615,29MO201903
Data,Record,39,2019-03-19T01:38:42,52.31411,-12.13166,start,,,,V,,0,600,1,distance,nmi,-70,I1,C1,DA1,DP1,start,MAV,,C,m2nmi-2,31.5468,29MO201903
Data,Record,39,2019-03-19T01:38:42,52.31411,-12.13166,start,,,,V,,0,600,1,distance,nmi,-70,I1,C1,DA1,DP1,start,WHB,,C,m2nmi-2,352.5983,29MO201903
Data,Record,40,2019-03-19T01:44:18,52.31409,-12.10452,start,,,,V,,0,600,1,distance,nmi,-70,I1,C1,DA1,DP1,start,MAV,,C,m2nmi-2,2.706792,29MO201903
Data,Record,40,2019-03-19T01:44:18,52.31409,-12.10452,start,,,,V,,0,600,1,distance,nmi,-70,I1,C1,DA1,DP1,start,WHB,,C,m2nmi-2,61.01361,29MO201903
Data,Record,41,2019-03-19T01:50:03,52.31403,-12.07728,start,,,,V,,0,600,1,distance,nmi,-70,I1,C1,DA1,DP1,start,MAV,,C,m2nmi-2,3.065072,29MO201903
Data,Record,41,2019-03-19T01:50:03,52.31403,-12.07728,start,,,,V,,0,600,1,distance,nmi,-70,I1,C1,DA1,DP1,start,WHB,,C,m2nmi-2,92.1639,29MO201903
Data,Record,42,2019-03-19T01:55:36,52.31398,-12.0501,start,,,,V,,0,600,1,distance,nmi,-70,I1,C1,DA1,DP1,start,MAV,,C,m2nmi-2,6.765224,29MO201903
Data,Record,42,2019-03-19T01:55:36,52.31398,-12.0501,start,,,,V,,0,600,1,distance,nmi,-70,I1,C1,DA1,DP1,start,WHB,,C,m2nmi-2,80.99748,29MO201903
Data,Record,43,2019-03-19T02:01:03,52.31393,-12.02285,start,,,,V,,0,600,1,distance,nmi,-70,I1,C1,DA1,DP1,start,MAV,,C,m2nmi-2,27.64651,29MO201903
Data,Record,43,2019-03-19T02:01:03,52.31393,-12.02285,start,,,,V,,0,600,1,distance,nmi,-70,I1,C1,DA1,DP1,start,WHB,,C,m2nmi-2,36.7697,29MO201903
Data,Record,44,2019-03-19T02:06:32,52.31384,-11.99564,start,,,,V,,0,600,1,distance,nmi,-70,I1,C1,DA1,DP1,start,MAV,,C,m2nmi-2,24.7535,29MO201903
Data,Record,44,2019-03-19T02:06:32,52.31384,-11.99564,start,,,,V,,0,600,1,distance,nmi,-70,I1,C1,DA1,DP1,start,WHB,,C,m2nmi-2,18.35314,29MO201903
Data,Record,45,2019-03-19T02:12:01,52.31377,-11.96844,start,,,,V,,0,600,1,distance,nmi,-70,I1,C1,DA1,DP1,start,MAV,,C,m2nmi-2,170.229,29MO201903
Data,Record,45,2019-03-19T02:12:01,52.31377,-11.96844,start,,,,V,,0,600,1,distance,nmi,-70,I1,C1,DA1,DP1,start,WHB,,C,m2nmi-2,105.5504,29MO201903
Data,Record,46,2019-03-19T02:17:33,52.31369,-11.94115,start,,,,V,,0,600,1,distance,nmi,-70,I1,C1,DA1,DP1,start,MAV,,C,m2nmi-2,6.340397,29MO201903
Data,Record,46,2019-03-19T02:17:33,52.31369,-11.94115,start,,,,V,,0,600,1,distance,nmi,-70,I1,C1,DA1,DP1,start,WHB,,C,m2nmi-2,185.8279,29MO201903
Data,Record,47,2019-03-19T02:23:04,52.31358,-11.91395,start,,,,V,,0,600,1,distance,nmi,-70,I1,C1,DA1,DP1,start,MAV,,C,m2nmi-2,34.35925,29MO201903
Data,Record,47,2019-03-19T02:23:04,52.31358,-11.91395,start,,,,V,,0,600,1,distance,nmi,-70,I1,C1,DA1,DP1,start,WHB,,C,m2nmi-2,92.65254,29MO201903
Data,Record,48,2019-03-19T02:28:33,52.31351,-11.88681,start,,,,V,,0,600,1,distance,nmi,-70,I1,C1,DA1,DP1,start,MAV,,C,m2nmi-2,98.05376,29MO201903
Data,Record,48,2019-03-19T02:28:33,52.31351,-11.88681,start,,,,V,,0,600,1,distance,nmi,-70,I1,C1,DA1,DP1,start,WHB,,C,m2nmi-2,27.74119,29MO201903
Data,Record,49,2019-03-19T02:34:04,52.31343,-11.85964,start,,,,V,,0,600,1,distance,nmi,-70,I1,C1,DA1,DP1,start,MAV,,C,m2nmi-2,10.75078,29MO201903
Data,Record,49,2019-03-19T02:34:04,52.31343,-11.85964,start,,,,V,,0,600,1,distance,nmi,-70,I1,C1,DA1,DP1,start,WHB,,C,m2nmi-2,14.47054,29MO201903
Data,Record,50,2019-03-19T02:39:36,52.31329,-11.83233,start,,,,V,,0,600,1,distance,nmi,-70,I1,C1,DA1,DP1,start,MAV,,C,m2nmi-2,40.93974,29MO201903
Data,Record,50,2019-03-19T02:39:36,52.31329,-11.83233,start,,,,V,,0,600,1,distance,nmi,-70,I1,C1,DA1,DP1,start,WHB,,C,m2nmi-2,14.39053,29MO201903
Data,Record,51,2019-03-19T02:45:12,52.3132,-11.80516,start,,,,V,,0,600,1,distance,nmi,-70,I1,C1,DA1,DP1,start,MAV,,C,m2nmi-2,42.42464,29MO201903
Data,Record,51,2019-03-19T02:45:12,52.3132,-11.80516,start,,,,V,,0,600,1,distance,nmi,-70,I1,C1,DA1,DP1,start,WHB,,C,m2nmi-2,17.94688,29MO201903
Data,Record,52,2019-03-19T02:50:48,52.3131,-11.77802,start,,,,V,,0,600,1,distance,nmi,-70,I1,C1,DA1,DP1,start,MAV,,C,m2nmi-2,2.853108,29MO201903
Data,Record,52,2019-03-19T02:50:48,52.3131,-11.77802,start,,,,V,,0,600,1,distance,nmi,-70,I1,C1,DA1,DP1,start,WHB,,C,m2nmi-2,23.24826,29MO201903
Data,Record,55,2019-03-19T03:41:49,52.31145,-11.73712,start,,,,V,,0,600,1,distance,nmi,-70,I1,C1,DA1,DP1,start,MAV,,C,m2nmi-2,0,29MO201903
Data,Record,55,2019-03-19T03:41:49,52.31145,-11.73712,start,,,,V,,0,600,1,distance,nmi,-70,I1,C1,DA1,DP1,start,WHB,,C,m2nmi-2,0,29MO201903
Data,Record,56,2019-03-19T03:49:10,52.31303,-11.74026,start,,,,V,,0,600,1,distance,nmi,-70,I1,C1,DA1,DP1,start,MAV,,C,m2nmi-2,0,29MO201903
Data,Record,56,2019-03-19T03:49:10,52.31303,-11.74026,start,,,,V,,0,600,1,distance,nmi,-70,I1,C1,DA1,DP1,start,WHB,,C,m2nmi-2,94.91826,29MO201903
Data,Record,57,2019-03-19T03:54:41,52.31282,-11.7131,start,,,,V,,0,600,1,distance,nmi,-70,I1,C1,DA1,DP1,start,MAV,,C,m2nmi-2,0,29MO201903
Data,Record,57,2019-03-19T03:54:41,52.31282,-11.7131,start,,,,V,,0,600,1,distance,nmi,-70,I1,C1,DA1,DP1,start,WHB,,C,m2nmi-2,200.4824,29MO201903
Data,Record,58,2019-03-19T04:00:07,52.31261,-11.6859,start,,,,V,,0,600,1,distance,nmi,-70,I1,C1,DA1,DP1,start,MAV,,C,m2nmi-2,0,29MO201903
Data,Record,58,2019-03-19T04:00:07,52.31261,-11.6859,start,,,,V,,0,600,1,distance,nmi,-70,I1,C1,DA1,DP1,start,WHB,,C,m2nmi-2,53.82845,29MO201903
Data,Record,59,2019-03-19T04:05:34,52.31252,-11.65866,start,,,,V,,0,600,1,distance,nmi,-70,I1,C1,DA1,DP1,start,MAV,,C,m2nmi-2,0,29MO201903
Data,Record,59,2019-03-19T04:05:34,52.31252,-11.65866,start,,,,V,,0,600,1,distance,nmi,-70,I1,C1,DA1,DP1,start,WHB,,C,m2nmi-2,27.8142,29MO201903
Data,Record,60,2019-03-19T04:10:58,52.31234,-11.6314,start,,,,V,,0,600,1,distance,nmi,-70,I1,C1,DA1,DP1,start,MAV,,C,m2nmi-2,0,29MO201903
Data,Record,60,2019-03-19T04:10:58,52.31234,-11.6314,start,,,,V,,0,600,1,distance,nmi,-70,I1,C1,DA1,DP1,start,WHB,,C,m2nmi-2,17.4763,29MO201903
Data,Record,84,2019-03-19T07:12:19,51.98221,-11.36026,start,,,,V,,0,600,1,distance,nmi,-70,I1,C1,DA1,DP1,start,MAV,,C,m2nmi-2,0,29MO201903
Data,Record,84,2019-03-19T07:12:19,51.98221,-11.36026,start,,,,V,,0,600,1,distance,nmi,-70,I1,C1,DA1,DP1,start,WHB,,C,m2nmi-2,0,29MO201903
Data,Record,85,2019-03-19T07:19:44,51.97882,-11.37173,start,,,,V,,0,600,1,distance,nmi,-70,I1,C1,DA1,DP1,start,MAV,,C,m2nmi-2,0.949845,29MO201903
Data,Record,85,2019-03-19T07:19:44,51.97882,-11.37173,start,,,,V,,0,600,1,distance,nmi,-70,I1,C1,DA1,DP1,start,WHB,,C,m2nmi-2,0,29MO201903
Data,Record,86,2019-03-19T07:26:44,51.97904,-11.39869,start,,,,V,,0,600,1,distance,nmi,-70,I1,C1,DA1,DP1,start,MAV,,C,m2nmi-2,10.19565,29MO201903
Data,Record,86,2019-03-19T07:26:44,51.97904,-11.39869,start,,,,V,,0,600,1,distance,nmi,-70,I1,C1,DA1,DP1,start,WHB,,C,m2nmi-2,0,29MO201903
Data,Record,87,2019-03-19T07:33:40,51.97923,-11.42576,start,,,,V,,0,600,1,distance,nmi,-70,I1,C1,DA1,DP1,start,MAV,,C,m2nmi-2,19.37271,29MO201903
Data,Record,87,2019-03-19T07:33:40,51.97923,-11.42576,start,,,,V,,0,600,1,distance,nmi,-70,I1,C1,DA1,DP1,start,WHB,,C,m2nmi-2,0,29MO201903
Data,Record,88,2019-03-19T07:40:35,51.97943,-11.45266,start,,,,V,,0,600,1,distance,nmi,-70,I1,C1,DA1,DP1,start,MAV,,C,m2nmi-2,31.16323,29MO201903
Data,Record,88,2019-03-19T07:40:35,51.97943,-11.45266,start,,,,V,,0,600,1,distance,nmi,-70,I1,C1,DA1,DP1,start,WHB,,C,m2nmi-2,0,29MO201903
Data,Record,89,2019-03-19T07:47:25,51.97955,-11.47964,start,,,,V,,0,600,1,distance,nmi,-70,I1,C1,DA1,DP1,start,MAV,,C,m2nmi-2,110.398,29MO201903
Data,Record,89,2019-03-19T07:47:25,51.97955,-11.47964,start,,,,V,,0,600,1,distance,nmi,-70,I1,C1,DA1,DP1,start,WHB,,C,m2nmi-2,0,29MO201903
Data,Record,90,2019-03-19T07:54:19,51.97972,-11.50663,start,,,,V,,0,600,1,distance,nmi,-70,I1,C1,DA1,DP1,start,MAV,,C,m2nmi-2,60.60349,29MO201903
Data,Record,90,2019-03-19T07:54:19,51.97972,-11.50663,start,,,,V,,0,600,1,distance,nmi,-70,I1,C1,DA1,DP1,start,WHB,,C,m2nmi-2,0,29MO201903
Data,Record,91,2019-03-19T08:01:26,51.97987,-11.53358,start,,,,V,,0,600,1,distance,nmi,-70,I1,C1,DA1,DP1,start,MAV,,C,m2nmi-2,23.68824,29MO201903
Data,Record,91,2019-03-19T08:01:26,51.97987,-11.53358,start,,,,V,,0,600,1,distance,nmi,-70,I1,C1,DA1,DP1,start,WHB,,C,m2nmi-2,0,29MO201903
Data,Record,92,2019-03-19T08:08:37,51.97999,-11.56053,start,,,,V,,0,600,1,distance,nmi,-70,I1,C1,DA1,DP1,start,MAV,,C,m2nmi-2,30.50687,29MO201903
Data,Record,92,2019-03-19T08:08:37,51.97999,-11.56053,start,,,,V,,0,600,1,distance,nmi,-70,I1,C1,DA1,DP1,start,WHB,,C,m2nmi-2,0,29MO201903
Data,Record,93,2019-03-19T08:15:39,51.98015,-11.58754,start,,,,V,,0,600,1,distance,nmi,-70,I1,C1,DA1,DP1,start,MAV,,C,m2nmi-2,53.66542,29MO201903
Data,Record,93,2019-03-19T08:15:39,51.98015,-11.58754,start,,,,V,,0,600,1,distance,nmi,-70,I1,C1,DA1,DP1,start,WHB,,C,m2nmi-2,18.97631,29MO201903
Data,Record,94,2019-03-19T08:22:22,51.9803,-11.61454,start,,,,V,,0,600,1,distance,nmi,-70,I1,C1,DA1,DP1,start,MAV,,C,m2nmi-2,123.7748,29MO201903
Data,Record,94,2019-03-19T08:22:22,51.9803,-11.61454,start,,,,V,,0,600,1,distance,nmi,-70,I1,C1,DA1,DP1,start,WHB,,C,m2nmi-2,222.661,29MO201903
Data,Record,95,2019-03-19T08:29:09,51.98043,-11.64151,start,,,,V,,0,600,1,distance,nmi,-70,I1,C1,DA1,DP1,start,MAV,,C,m2nmi-2,140.2191,29MO201903
Data,Record,95,2019-03-19T08:29:09,51.98043,-11.64151,start,,,,V,,0,600,1,distance,nmi,-70,I1,C1,DA1,DP1,start,WHB,,C,m2nmi-2,193.9067,29MO201903
Data,Record,96,2019-03-19T08:35:52,51.98051,-11.66859,start,,,,V,,0,600,1,distance,nmi,-70,I1,C1,DA1,DP1,start,MAV,,C,m2nmi-2,334.2369,29MO201903
Data,Record,96,2019-03-19T08:35:52,51.98051,-11.66859,start,,,,V,,0,600,1,distance,nmi,-70,I1,C1,DA1,DP1,start,WHB,,C,m2nmi-2,115.6396,29MO201903
Data,Record,97,2019-03-19T08:42:48,51.98069,-11.69549,start,,,,V,,0,600,1,distance,nmi,-70,I1,C1,DA1,DP1,start,MAV,,C,m2nmi-2,163.3407,29MO201903
Data,Record,97,2019-03-19T08:42:48,51.98069,-11.69549,start,,,,V,,0,600,1,distance,nmi,-70,I1,C1,DA1,DP1,start,WHB,,C,m2nmi-2,132.2707,29MO201903
Data,Record,100,2019-03-19T09:56:59,51.9806,-11.71248,start,,,,V,,0,600,1,distance,nmi,-70,I1,C1,DA1,DP1,start,MAV,,C,m2nmi-2,246.3133,29MO201903
Data,Record,100,2019-03-19T09:56:59,51.9806,-11.71248,start,,,,V,,0,600,1,distance,nmi,-70,I1,C1,DA1,DP1,start,WHB,,C,m2nmi-2,105.7612,29MO201903
Data,Record,101,2019-03-19T10:04:18,51.98083,-11.73943,start,,,,V,,0,600,1,distance,nmi,-70,I1,C1,DA1,DP1,start,MAV,,C,m2nmi-2,322.5267,29MO201903
Data,Record,101,2019-03-19T10:04:18,51.98083,-11.73943,start,,,,V,,0,600,1,distance,nmi,-70,I1,C1,DA1,DP1,start,WHB,,C,m2nmi-2,818.6396,29MO201903
Data,Record,102,2019-03-19T10:11:23,51.98091,-11.76633,start,,,,V,,0,600,1,distance,nmi,-70,I1,C1,DA1,DP1,start,MAV,,C,m2nmi-2,133.7135,29MO201903
Data,Record,102,2019-03-19T10:11:23,51.98091,-11.76633,start,,,,V,,0,600,1,distance,nmi,-70,I1,C1,DA1,DP1,start,WHB,,C,m2nmi-2,1013.019,29MO201903
Data,Record,103,2019-03-19T10:18:37,51.98099,-11.79335,start,,,,V,,0,600,1,distance,nmi,-70,I1,C1,DA1,DP1,start,MAV,,C,m2nmi-2,60.80548,29MO201903
Data,Record,103,2019-03-19T10:18:37,51.98099,-11.79335,start,,,,V,,0,600,1,distance,nmi,-70,I1,C1,DA1,DP1,start,WHB,,C,m2nmi-2,955.8759,29MO201903
Data,Record,104,2019-03-19T10:25:52,51.98109,-11.82028,start,,,,V,,0,600,1,distance,nmi,-70,I1,C1,DA1,DP1,start,MAV,,C,m2nmi-2,70.82582,29MO201903
Data,Record,104,2019-03-19T10:25:52,51.98109,-11.82028,start,,,,V,,0,600,1,distance,nmi,-70,I1,C1,DA1,DP1,start,WHB,,C,m2nmi-2,367.0228,29MO201903
Data,Record,105,2019-03-19T10:32:38,51.98118,-11.84732,start,,,,V,,0,600,1,distance,nmi,-70,I1,C1,DA1,DP1,start,MAV,,C,m2nmi-2,180.2421,29MO201903
Data,Record,105,2019-03-19T10:32:38,51.98118,-11.84732,start,,,,V,,0,600,1,distance,nmi,-70,I1,C1,DA1,DP1,start,WHB,,C,m2nmi-2,434.276,29MO201903
Data,Record,106,2019-03-19T10:39:44,51.98126,-11.87431,start,,,,V,,0,600,1,distance,nmi,-70,I1,C1,DA1,DP1,start,MAV,,C,m2nmi-2,53.15874,29MO201903
Data,Record,106,2019-03-19T10:39:44,51.98126,-11.87431,start,,,,V,,0,600,1,distance,nmi,-70,I1,C1,DA1,DP1,start,WHB,,C,m2nmi-2,252.4443,29MO201903
Data,Record,107,2019-03-19T10:46:57,51.98131,-11.90133,start,,,,V,,0,600,1,distance,nmi,-70,I1,C1,DA1,DP1,start,MAV,,C,m2nmi-2,149.8464,29MO201903
Data,Record,107,2019-03-19T10:46:57,51.98131,-11.90133,start,,,,V,,0,600,1,distance,nmi,-70,I1,C1,DA1,DP1,start,WHB,,C,m2nmi-2,205.1164,29MO201903
Data,Record,108,2019-03-19T10:54:00,51.98138,-11.92825,start,,,,V,,0,600,1,distance,nmi,-70,I1,C1,DA1,DP1,start,MAV,,C,m2nmi-2,116.9985,29MO201903
Data,Record,108,2019-03-19T10:54:00,51.98138,-11.92825,start,,,,V,,0,600,1,distance,nmi,-70,I1,C1,DA1,DP1,start,WHB,,C,m2nmi-2,1021.311,29MO201903
Data,Record,109,2019-03-19T11:00:59,51.98143,-11.95523,start,,,,V,,0,600,1,distance,nmi,-70,I1,C1,DA1,DP1,start,MAV,,C,m2nmi-2,85.76222,29MO201903
Data,Record,109,2019-03-19T11:00:59,51.98143,-11.95523,start,,,,V,,0,600,1,distance,nmi,-70,I1,C1,DA1,DP1,start,WHB,,C,m2nmi-2,436.8491,29MO201903
Data,Record,110,2019-03-19T11:07:48,51.98148,-11.98221,start,,,,V,,0,600,1,distance,nmi,-70,I1,C1,DA1,DP1,start,MAV,,C,m2nmi-2,71.20625,29MO201903
Data,Record,110,2019-03-19T11:07:48,51.98148,-11.98221,start,,,,V,,0,600,1,distance,nmi,-70,I1,C1,DA1,DP1,start,WHB,,C,m2nmi-2,459.4329,29MO201903
Data,Record,111,2019-03-19T11:14:39,51.98153,-12.00927,start,,,,V,,0,600,1,distance,nmi,-70,I1,C1,DA1,DP1,start,MAV,,C,m2nmi-2,192.9691,29MO201903
Data,Record,111,2019-03-19T11:14:39,51.98153,-12.00927,start,,,,V,,0,600,1,distance,nmi,-70,I1,C1,DA1,DP1,start,WHB,,C,m2nmi-2,307.0517,29MO201903
Data,Record,112,2019-03-19T11:21:29,51.98158,-12.03624,start,,,,V,,0,600,1,distance,nmi,-70,I1,C1,DA1,DP1,start,MAV,,C,m2nmi-2,172.6326,29MO201903
Data,Record,112,2019-03-19T11:21:29,51.98158,-12.03624,start,,,,V,,0,600,1,distance,nmi,-70,I1,C1,DA1,DP1,start,WHB,,C,m2nmi-2,713.822,29MO201903
Data,Record,113,2019-03-19T11:28:19,51.98161,-12.06338,start,,,,V,,0,600,1,distance,nmi,-70,I1,C1,DA1,DP1,start,MAV,,C,m2nmi-2,247.009,29MO201903
Data,Record,113,2019-03-19T11:28:19,51.98161,-12.06338,start,,,,V,,0,600,1,distance,nmi,-70,I1,C1,DA1,DP1,start,WHB,,C,m2nmi-2,954.9522,29MO201903
Data,Record,114,2019-03-19T11:35:23,51.98164,-12.09014,start,,,,V,,0,600,1,distance,nmi,-70,I1,C1,DA1,DP1,start,MAV,,C,m2nmi-2,170.8829,29MO201903
Data,Record,114,2019-03-19T11:35:23,51.98164,-12.09014,start,,,,V,,0,600,1,distance,nmi,-70,I1,C1,DA1,DP1,start,WHB,,C,m2nmi-2,905.9044,29MO201903
Data,Record,115,2019-03-19T11:42:35,51.98163,-12.11713,start,,,,V,,0,600,1,distance,nmi,-70,I1,C1,DA1,DP1,start,MAV,,C,m2nmi-2,174.7761,29MO201903
Data,Record,115,2019-03-19T11:42:35,51.98163,-12.11713,start,,,,V,,0,600,1,distance,nmi,-70,I1,C1,DA1,DP1,start,WHB,,C,m2nmi-2,1229.553,29MO201903
Data,Record,116,2019-03-19T11:49:39,51.98165,-12.14418,start,,,,V,,0,600,1,distance,nmi,-70,I1,C1,DA1,DP1,start,MAV,,C,m2nmi-2,14.72808,29MO201903
Data,Record,116,2019-03-19T11:49:39,51.98165,-12.14418,start,,,,V,,0,600,1,distance,nmi,-70,I1,C1,DA1,DP1,start,WHB,,C,m2nmi-2,24.96901,29MO201903
Data,Record,130,2019-03-19T15:18:16,51.98164,-12.12364,start,,,,V,,0,600,1,distance,nmi,-70,I1,C1,DA1,DP1,start,MAV,,C,m2nmi-2,7.38571,29MO201903
Data,Record,130,2019-03-19T15:18:16,51.98164,-12.12364,start,,,,V,,0,600,1,distance,nmi,-70,I1,C1,DA1,DP1,start,WHB,,C,m2nmi-2,33.16631,29MO201903
Data,Record,131,2019-03-19T15:25:30,51.98165,-12.15055,start,,,,V,,0,600,1,distance,nmi,-70,I1,C1,DA1,DP1,start,MAV,,C,m2nmi-2,128.0459,29MO201903
Data,Record,131,2019-03-19T15:25:30,51.98165,-12.15055,start,,,,V,,0,600,1,distance,nmi,-70,I1,C1,DA1,DP1,start,WHB,,C,m2nmi-2,1018.071,29MO201903
Data,Record,132,2019-03-19T15:32:58,51.98166,-12.1776,start,,,,V,,0,600,1,distance,nmi,-70,I1,C1,DA1,DP1,start,MAV,,C,m2nmi-2,39.51254,29MO201903
Data,Record,132,2019-03-19T15:32:58,51.98166,-12.1776,start,,,,V,,0,600,1,distance,nmi,-70,I1,C1,DA1,DP1,start,WHB,,C,m2nmi-2,882.8699,29MO201903
Data,Record,133,2019-03-19T15:40:40,51.98166,-12.20453,start,,,,V,,0,600,1,distance,nmi,-70,I1,C1,DA1,DP1,start,MAV,,C,m2nmi-2,55.18791,29MO201903
Data,Record,133,2019-03-19T15:40:40,51.98166,-12.20453,start,,,,V,,0,600,1,distance,nmi,-70,I1,C1,DA1,DP1,start,WHB,,C,m2nmi-2,440.0261,29MO201903
Data,Record,134,2019-03-19T15:47:44,51.98167,-12.23158,start,,,,V,,0,600,1,distance,nmi,-70,I1,C1,DA1,DP1,start,MAV,,C,m2nmi-2,176.481,29MO201903
Data,Record,134,2019-03-19T15:47:44,51.98167,-12.23158,start,,,,V,,0,600,1,distance,nmi,-70,I1,C1,DA1,DP1,start,WHB,,C,m2nmi-2,292.6132,29MO201903
Data,Record,135,2019-03-19T15:54:37,51.98166,-12.25848,start,,,,V,,0,600,1,distance,nmi,-70,I1,C1,DA1,DP1,start,MAV,,C,m2nmi-2,373.4473,29MO201903
Data,Record,135,2019-03-19T15:54:37,51.98166,-12.25848,start,,,,V,,0,600,1,distance,nmi,-70,I1,C1,DA1,DP1,start,WHB,,C,m2nmi-2,267.9911,29MO201903
Data,Record,136,2019-03-19T16:01:50,51.98159,-12.28551,start,,,,V,,0,600,1,distance,nmi,-70,I1,C1,DA1,DP1,start,MAV,,C,m2nmi-2,595.5953,29MO201903
Data,Record,136,2019-03-19T16:01:50,51.98159,-12.28551,start,,,,V,,0,600,1,distance,nmi,-70,I1,C1,DA1,DP1,start,WHB,,C,m2nmi-2,905.2795,29MO201903
Data,Record,137,2019-03-19T16:09:10,51.98159,-12.31254,start,,,,V,,0,600,1,distance,nmi,-70,I1,C1,DA1,DP1,start,MAV,,C,m2nmi-2,529.6383,29MO201903
Data,Record,137,2019-03-19T16:09:10,51.98159,-12.31254,start,,,,V,,0,600,1,distance,nmi,-70,I1,C1,DA1,DP1,start,WHB,,C,m2nmi-2,171.1759,29MO201903
Data,Record,138,2019-03-19T16:16:22,51.98158,-12.33947,start,,,,V,,0,600,1,distance,nmi,-70,I1,C1,DA1,DP1,start,MAV,,C,m2nmi-2,294.9926,29MO201903
Data,Record,138,2019-03-19T16:16:22,51.98158,-12.33947,start,,,,V,,0,600,1,distance,nmi,-70,I1,C1,DA1,DP1,start,WHB,,C,m2nmi-2,866.1702,29MO201903
Data,Record,139,2019-03-19T16:24:02,51.9815,-12.36649,start,,,,V,,0,600,1,distance,nmi,-70,I1,C1,DA1,DP1,start,MAV,,C,m2nmi-2,673.2114,29MO201903
Data,Record,139,2019-03-19T16:24:02,51.9815,-12.36649,start,,,,V,,0,600,1,distance,nmi,-70,I1,C1,DA1,DP1,start,WHB,,C,m2nmi-2,2778.582,29MO201903
Data,Record,140,2019-03-19T16:31:20,51.98146,-12.3934,start,,,,V,,0,600,1,distance,nmi,-70,I1,C1,DA1,DP1,start,MAV,,C,m2nmi-2,724.8812,29MO201903
Data,Record,140,2019-03-19T16:31:20,51.98146,-12.3934,start,,,,V,,0,600,1,distance,nmi,-70,I1,C1,DA1,DP1,start,WHB,,C,m2nmi-2,610.9875,29MO201903
Data,Record,141,2019-03-19T16:38:33,51.98143,-12.4204,start,,,,V,,0,600,1,distance,nmi,-70,I1,C1,DA1,DP1,start,MAV,,C,m2nmi-2,287.4356,29MO201903
Data,Record,141,2019-03-19T16:38:33,51.98143,-12.4204,start,,,,V,,0,600,1,distance,nmi,-70,I1,C1,DA1,DP1,start,WHB,,C,m2nmi-2,633.7954,29MO201903
Data,Record,142,2019-03-19T16:45:56,51.98137,-12.44748,start,,,,V,,0,600,1,distance,nmi,-70,I1,C1,DA1,DP1,start,MAV,,C,m2nmi-2,263.3788,29MO201903
Data,Record,142,2019-03-19T16:45:56,51.98137,-12.44748,start,,,,V,,0,600,1,distance,nmi,-70,I1,C1,DA1,DP1,start,WHB,,C,m2nmi-2,2199.053,29MO201903
Data,Record,152,2019-03-19T18:34:53,51.98124,-12.49162,start,,,,V,,0,600,1,distance,nmi,-70,I1,C1,DA1,DP1,start,MAV,,C,m2nmi-2,169.5259,29MO201903
Data,Record,152,2019-03-19T18:34:53,51.98124,-12.49162,start,,,,V,,0,600,1,distance,nmi,-70,I1,C1,DA1,DP1,start,WHB,,C,m2nmi-2,987.6593,29MO201903
Data,Record,153,2019-03-19T18:41:57,51.98118,-12.51862,start,,,,V,,0,600,1,distance,nmi,-70,I1,C1,DA1,DP1,start,MAV,,C,m2nmi-2,196.909,29MO201903
Data,Record,153,2019-03-19T18:41:57,51.98118,-12.51862,start,,,,V,,0,600,1,distance,nmi,-70,I1,C1,DA1,DP1,start,WHB,,C,m2nmi-2,2030.927,29MO201903
Data,Record,154,2019-03-19T18:48:31,51.98108,-12.54561,start,,,,V,,0,600,1,distance,nmi,-70,I1,C1,DA1,DP1,start,MAV,,C,m2nmi-2,117.9789,29MO201903
Data,Record,154,2019-03-19T18:48:31,51.98108,-12.54561,start,,,,V,,0,600,1,distance,nmi,-70,I1,C1,DA1,DP1,start,WHB,,C,m2nmi-2,1300.599,29MO201903
Data,Record,156,2019-03-19T19:34:32,51.97941,-12.55427,start,,,,V,,0,600,1,distance,nmi,-70,I1,C1,DA1,DP1,start,MAV,,C,m2nmi-2,9.597349,29MO201903
Data,Record,156,2019-03-19T19:34:32,51.97941,-12.55427,start,,,,V,,0,600,1,distance,nmi,-70,I1,C1,DA1,DP1,start,WHB,,C,m2nmi-2,252.6601,29MO201903
Data,Record,157,2019-03-19T19:42:17,51.981,-12.57965,start,,,,V,,0,600,1,distance,nmi,-70,I1,C1,DA1,DP1,start,MAV,,C,m2nmi-2,580.1578,29MO201903
Data,Record,157,2019-03-19T19:42:17,51.981,-12.57965,start,,,,V,,0,600,1,distance,nmi,-70,I1,C1,DA1,DP1,start,WHB,,C,m2nmi-2,851.8412,29MO201903
Data,Record,158,2019-03-19T19:49:08,51.98091,-12.60668,start,,,,V,,0,600,1,distance,nmi,-70,I1,C1,DA1,DP1,start,MAV,,C,m2nmi-2,426.5365,29MO201903
Data,Record,158,2019-03-19T19:49:08,51.98091,-12.60668,start,,,,V,,0,600,1,distance,nmi,-70,I1,C1,DA1,DP1,start,WHB,,C,m2nmi-2,657.3324,29MO201903
Data,Record,159,2019-03-19T19:56:00,51.9808,-12.63356,start,,,,V,,0,600,1,distance,nmi,-70,I1,C1,DA1,DP1,start,MAV,,C,m2nmi-2,302.773,29MO201903
Data,Record,159,2019-03-19T19:56:00,51.9808,-12.63356,start,,,,V,,0,600,1,distance,nmi,-70,I1,C1,DA1,DP1,start,WHB,,C,m2nmi-2,270.2441,29MO201903
Data,Record,160,2019-03-19T20:02:51,51.98068,-12.66052,start,,,,V,,0,600,1,distance,nmi,-70,I1,C1,DA1,DP1,start,MAV,,C,m2nmi-2,371.9431,29MO201903
Data,Record,160,2019-03-19T20:02:51,51.98068,-12.66052,start,,,,V,,0,600,1,distance,nmi,-70,I1,C1,DA1,DP1,start,WHB,,C,m2nmi-2,1634.169,29MO201903
Data,Record,161,2019-03-19T20:09:36,51.98059,-12.68759,start,,,,V,,0,600,1,distance,nmi,-70,I1,C1,DA1,DP1,start,MAV,,C,m2nmi-2,566.6325,29MO201903
Data,Record,161,2019-03-19T20:09:36,51.98059,-12.68759,start,,,,V,,0,600,1,distance,nmi,-70,I1,C1,DA1,DP1,start,WHB,,C,m2nmi-2,2147.843,29MO201903
Data,Record,162,2019-03-19T20:16:22,51.98046,-12.71458,start,,,,V,,0,600,1,distance,nmi,-70,I1,C1,DA1,DP1,start,MAV,,C,m2nmi-2,59.15358,29MO201903
Data,Record,162,2019-03-19T20:16:22,51.98046,-12.71458,start,,,,V,,0,600,1,distance,nmi,-70,I1,C1,DA1,DP1,start,WHB,,C,m2nmi-2,553.7309,29MO201903
Data,Record,163,2019-03-19T20:23:12,51.98035,-12.74149,start,,,,V,,0,600,1,distance,nmi,-70,I1,C1,DA1,DP1,start,MAV,,C,m2nmi-2,81.73913,29MO201903
Data,Record,163,2019-03-19T20:23:12,51.98035,-12.74149,start,,,,V,,0,600,1,distance,nmi,-70,I1,C1,DA1,DP1,start,WHB,,C,m2nmi-2,665.4374,29MO201903
Data,Record,164,2019-03-19T20:30:12,51.9802,-12.76864,start,,,,V,,0,600,1,distance,nmi,-70,I1,C1,DA1,DP1,start,MAV,,C,m2nmi-2,79.73845,29MO201903
Data,Record,164,2019-03-19T20:30:12,51.9802,-12.76864,start,,,,V,,0,600,1,distance,nmi,-70,I1,C1,DA1,DP1,start,WHB,,C,m2nmi-2,1867.803,29MO201903
Data,Record,165,2019-03-19T20:37:10,51.98007,-12.79543,start,,,,V,,0,600,1,distance,nmi,-70,I1,C1,DA1,DP1,start,MAV,,C,m2nmi-2,412.0738,29MO201903
Data,Record,165,2019-03-19T20:37:10,51.98007,-12.79543,start,,,,V,,0,600,1,distance,nmi,-70,I1,C1,DA1,DP1,start,WHB,,C,m2nmi-2,1380.345,29MO201903
Data,Record,166,2019-03-19T20:44:00,51.97993,-12.82252,start,,,,V,,0,600,1,distance,nmi,-70,I1,C1,DA1,DP1,start,MAV,,C,m2nmi-2,365.0229,29MO201903
Data,Record,166,2019-03-19T20:44:00,51.97993,-12.82252,start,,,,V,,0,600,1,distance,nmi,-70,I1,C1,DA1,DP1,start,WHB,,C,m2nmi-2,1226.668,29MO201903
Data,Record,167,2019-03-19T20:50:38,51.97977,-12.84944,start,,,,V,,0,600,1,distance,nmi,-70,I1,C1,DA1,DP1,start,MAV,,C,m2nmi-2,387.3298,29MO201903
Data,Record,167,2019-03-19T20:50:38,51.97977,-12.84944,start,,,,V,,0,600,1,distance,nmi,-70,I1,C1,DA1,DP1,start,WHB,,C,m2nmi-2,465.8574,29MO201903
Data,Record,168,2019-03-19T20:57:27,51.9796,-12.87638,start,,,,V,,0,600,1,distance,nmi,-70,I1,C1,DA1,DP1,start,MAV,,C,m2nmi-2,121.7979,29MO201903
Data,Record,168,2019-03-19T20:57:27,51.9796,-12.87638,start,,,,V,,0,600,1,distance,nmi,-70,I1,C1,DA1,DP1,start,WHB,,C,m2nmi-2,433.063,29MO201903
Data,Record,169,2019-03-19T21:04:05,51.97945,-12.90344,start,,,,V,,0,600,1,distance,nmi,-70,I1,C1,DA1,DP1,start,MAV,,C,m2nmi-2,124.662,29MO201903
Data,Record,169,2019-03-19T21:04:05,51.97945,-12.90344,start,,,,V,,0,600,1,distance,nmi,-70,I1,C1,DA1,DP1,start,WHB,,C,m2nmi-2,457.2993,29MO201903
Data,Record,170,2019-03-19T21:10:51,51.97929,-12.93043,start,,,,V,,0,600,1,distance,nmi,-70,I1,C1,DA1,DP1,start,MAV,,C,m2nmi-2,118.8676,29MO201903
Data,Record,170,2019-03-19T21:10:51,51.97929,-12.93043,start,,,,V,,0,600,1,distance,nmi,-70,I1,C1,DA1,DP1,start,WHB,,C,m2nmi-2,538.3526,29MO201903
Data,Record,171,2019-03-19T21:17:24,51.97913,-12.95735,start,,,,V,,0,600,1,distance,nmi,-70,I1,C1,DA1,DP1,start,MAV,,C,m2nmi-2,361.9618,29MO201903
Data,Record,171,2019-03-19T21:17:24,51.97913,-12.95735,start,,,,V,,0,600,1,distance,nmi,-70,I1,C1,DA1,DP1,start,WHB,,C,m2nmi-2,363.99,29MO201903
Data,Record,172,2019-03-19T21:24:18,51.97894,-12.98438,start,,,,V,,0,600,1,distance,nmi,-70,I1,C1,DA1,DP1,start,MAV,,C,m2nmi-2,14.85844,29MO201903
Data,Record,172,2019-03-19T21:24:18,51.97894,-12.98438,start,,,,V,,0,600,1,distance,nmi,-70,I1,C1,DA1,DP1,start,WHB,,C,m2nmi-2,32.62016,29MO201903
Data,Record,193,2019-03-20T00:00:43,51.6457,-13.0017,start,,,,V,,0,600,1,distance,nmi,-70,I1,C1,DA1,DP1,start,MAV,,C,m2nmi-2,1.603621,29MO201903
Data,Record,193,2019-03-20T00:00:43,51.6457,-13.0017,start,,,,V,,0,600,1,distance,nmi,-70,I1,C1,DA1,DP1,start,WHB,,C,m2nmi-2,47.92273,29MO201903
Data,Record,194,2019-03-20T00:37:12,51.6456,-12.98555,start,,,,V,,0,600,1,distance,nmi,-70,I1,C1,DA1,DP1,start,MAV,,C,m2nmi-2,97.0518,29MO201903
Data,Record,194,2019-03-20T00:37:12,51.6456,-12.98555,start,,,,V,,0,600,1,distance,nmi,-70,I1,C1,DA1,DP1,start,WHB,,C,m2nmi-2,445.0287,29MO201903
Data,Record,195,2019-03-20T00:43:06,51.6458,-12.9586,start,,,,V,,0,600,1,distance,nmi,-70,I1,C1,DA1,DP1,start,MAV,,C,m2nmi-2,151.0727,29MO201903
Data,Record,195,2019-03-20T00:43:06,51.6458,-12.9586,start,,,,V,,0,600,1,distance,nmi,-70,I1,C1,DA1,DP1,start,WHB,,C,m2nmi-2,242.5268,29MO201903
Data,Record,196,2019-03-20T00:48:52,51.64599,-12.93186,start,,,,V,,0,600,1,distance,nmi,-70,I1,C1,DA1,DP1,start,MAV,,C,m2nmi-2,128.3845,29MO201903
Data,Record,196,2019-03-20T00:48:52,51.64599,-12.93186,start,,,,V,,0,600,1,distance,nmi,-70,I1,C1,DA1,DP1,start,WHB,,C,m2nmi-2,1249.674,29MO201903
Data,Record,197,2019-03-20T00:54:35,51.64616,-12.90493,start,,,,V,,0,600,1,distance,nmi,-70,I1,C1,DA1,DP1,start,MAV,,C,m2nmi-2,243.624,29MO201903
Data,Record,197,2019-03-20T00:54:35,51.64616,-12.90493,start,,,,V,,0,600,1,distance,nmi,-70,I1,C1,DA1,DP1,start,WHB,,C,m2nmi-2,1979.147,29MO201903
Data,Record,198,2019-03-20T01:00:16,51.64633,-12.87822,start,,,,V,,0,600,1,distance,nmi,-70,I1,C1,DA1,DP1,start,MAV,,C,m2nmi-2,236.6825,29MO201903
Data,Record,198,2019-03-20T01:00:16,51.64633,-12.87822,start,,,,V,,0,600,1,distance,nmi,-70,I1,C1,DA1,DP1,start,WHB,,C,m2nmi-2,28746.03,29MO201903
Data,Record,199,2019-03-20T01:06:01,51.64648,-12.85144,start,,,,V,,0,600,1,distance,nmi,-70,I1,C1,DA1,DP1,start,MAV,,C,m2nmi-2,494.3306,29MO201903
Data,Record,199,2019-03-20T01:06:01,51.64648,-12.85144,start,,,,V,,0,600,1,distance,nmi,-70,I1,C1,DA1,DP1,start,WHB,,C,m2nmi-2,29352.3,29MO201903
Data,Record,200,2019-03-20T01:11:47,51.64664,-12.82454,start,,,,V,,0,600,1,distance,nmi,-70,I1,C1,DA1,DP1,start,MAV,,C,m2nmi-2,150.5202,29MO201903
Data,Record,200,2019-03-20T01:11:47,51.64664,-12.82454,start,,,,V,,0,600,1,distance,nmi,-70,I1,C1,DA1,DP1,start,WHB,,C,m2nmi-2,10492.6,29MO201903
Data,Record,201,2019-03-20T01:17:30,51.64679,-12.79782,start,,,,V,,0,600,1,distance,nmi,-70,I1,C1,DA1,DP1,start,MAV,,C,m2nmi-2,15.24021,29MO201903
Data,Record,201,2019-03-20T01:17:30,51.64679,-12.79782,start,,,,V,,0,600,1,distance,nmi,-70,I1,C1,DA1,DP1,start,WHB,,C,m2nmi-2,155.1673,29MO201903
Data,Record,202,2019-03-20T01:23:19,51.64693,-12.77087,start,,,,V,,0,600,1,distance,nmi,-70,I1,C1,DA1,DP1,start,MAV,,C,m2nmi-2,91.08163,29MO201903
Data,Record,202,2019-03-20T01:23:19,51.64693,-12.77087,start,,,,V,,0,600,1,distance,nmi,-70,I1,C1,DA1,DP1,start,WHB,,C,m2nmi-2,1078.791,29MO201903
Data,Record,203,2019-03-20T01:29:05,51.64706,-12.744,start,,,,V,,0,600,1,distance,nmi,-70,I1,C1,DA1,DP1,start,MAV,,C,m2nmi-2,92.62876,29MO201903
Data,Record,203,2019-03-20T01:29:05,51.64706,-12.744,start,,,,V,,0,600,1,distance,nmi,-70,I1,C1,DA1,DP1,start,WHB,,C,m2nmi-2,128.5843,29MO201903
Data,Record,204,2019-03-20T01:34:50,51.64721,-12.71721,start,,,,V,,0,600,1,distance,nmi,-70,I1,C1,DA1,DP1,start,MAV,,C,m2nmi-2,60.51266,29MO201903
Data,Record,204,2019-03-20T01:34:50,51.64721,-12.71721,start,,,,V,,0,600,1,distance,nmi,-70,I1,C1,DA1,DP1,start,WHB,,C,m2nmi-2,0,29MO201903
Data,Record,205,2019-03-20T01:40:36,51.64732,-12.69042,start,,,,V,,0,600,1,distance,nmi,-70,I1,C1,DA1,DP1,start,MAV,,C,m2nmi-2,39.00402,29MO201903
Data,Record,205,2019-03-20T01:40:36,51.64732,-12.69042,start,,,,V,,0,600,1,distance,nmi,-70,I1,C1,DA1,DP1,start,WHB,,C,m2nmi-2,1714.515,29MO201903
Data,Record,206,2019-03-20T01:46:22,51.64746,-12.66365,start,,,,V,,0,600,1,distance,nmi,-70,I1,C1,DA1,DP1,start,MAV,,C,m2nmi-2,866.5886,29MO201903
Data,Record,206,2019-03-20T01:46:22,51.64746,-12.66365,start,,,,V,,0,600,1,distance,nmi,-70,I1,C1,DA1,DP1,start,WHB,,C,m2nmi-2,1702.189,29MO201903
Data,Record,207,2019-03-20T01:52:08,51.64755,-12.63688,start,,,,V,,0,600,1,distance,nmi,-70,I1,C1,DA1,DP1,start,MAV,,C,m2nmi-2,2054.091,29MO201903
Data,Record,207,2019-03-20T01:52:08,51.64755,-12.63688,start,,,,V,,0,600,1,distance,nmi,-70,I1,C1,DA1,DP1,start,WHB,,C,m2nmi-2,18929.83,29MO201903
Data,Record,208,2019-03-20T01:57:56,51.64767,-12.60998,start,,,,V,,0,600,1,distance,nmi,-70,I1,C1,DA1,DP1,start,MAV,,C,m2nmi-2,208.7433,29MO201903
Data,Record,208,2019-03-20T01:57:56,51.64767,-12.60998,start,,,,V,,0,600,1,distance,nmi,-70,I1,C1,DA1,DP1,start,WHB,,C,m2nmi-2,7608.281,29MO201903
Data,Record,210,2019-03-20T02:40:42,51.64578,-12.58531,start,,,,V,,0,600,1,distance,nmi,-70,I1,C1,DA1,DP1,start,MAV,,C,m2nmi-2,55.04424,29MO201903
Data,Record,210,2019-03-20T02:40:42,51.64578,-12.58531,start,,,,V,,0,600,1,distance,nmi,-70,I1,C1,DA1,DP1,start,WHB,,C,m2nmi-2,36.3466,29MO201903
Data,Record,211,2019-03-20T02:47:26,51.64784,-12.56355,start,,,,V,,0,600,1,distance,nmi,-70,I1,C1,DA1,DP1,start,MAV,,C,m2nmi-2,355.4275,29MO201903
Data,Record,211,2019-03-20T02:47:26,51.64784,-12.56355,start,,,,V,,0,600,1,distance,nmi,-70,I1,C1,DA1,DP1,start,WHB,,C,m2nmi-2,125.3471,29MO201903
Data,Record,212,2019-03-20T02:53:02,51.64792,-12.53665,start,,,,V,,0,600,1,distance,nmi,-70,I1,C1,DA1,DP1,start,MAV,,C,m2nmi-2,381.1109,29MO201903
Data,Record,212,2019-03-20T02:53:02,51.64792,-12.53665,start,,,,V,,0,600,1,distance,nmi,-70,I1,C1,DA1,DP1,start,WHB,,C,m2nmi-2,411.7592,29MO201903
Data,Record,213,2019-03-20T02:58:32,51.64801,-12.50992,start,,,,V,,0,600,1,distance,nmi,-70,I1,C1,DA1,DP1,start,MAV,,C,m2nmi-2,534.6781,29MO201903
Data,Record,213,2019-03-20T02:58:32,51.64801,-12.50992,start,,,,V,,0,600,1,distance,nmi,-70,I1,C1,DA1,DP1,start,WHB,,C,m2nmi-2,1601.808,29MO201903
Data,Record,214,2019-03-20T03:04:02,51.64811,-12.48313,start,,,,V,,0,600,1,distance,nmi,-70,I1,C1,DA1,DP1,start,MAV,,C,m2nmi-2,69.37733,29MO201903
Data,Record,214,2019-03-20T03:04:02,51.64811,-12.48313,start,,,,V,,0,600,1,distance,nmi,-70,I1,C1,DA1,DP1,start,WHB,,C,m2nmi-2,0,29MO201903
Data,Record,215,2019-03-20T03:09:37,51.64817,-12.45599,start,,,,V,,0,600,1,distance,nmi,-70,I1,C1,DA1,DP1,start,MAV,,C,m2nmi-2,53.80465,29MO201903
Data,Record,215,2019-03-20T03:09:37,51.64817,-12.45599,start,,,,V,,0,600,1,distance,nmi,-70,I1,C1,DA1,DP1,start,WHB,,C,m2nmi-2,0,29MO201903
Data,Record,216,2019-03-20T03:15:07,51.64824,-12.42934,start,,,,V,,0,600,1,distance,nmi,-70,I1,C1,DA1,DP1,start,MAV,,C,m2nmi-2,185.1931,29MO201903
Data,Record,216,2019-03-20T03:15:07,51.64824,-12.42934,start,,,,V,,0,600,1,distance,nmi,-70,I1,C1,DA1,DP1,start,WHB,,C,m2nmi-2,190.39,29MO201903
Data,Record,217,2019-03-20T03:20:37,51.6483,-12.40268,start,,,,V,,0,600,1,distance,nmi,-70,I1,C1,DA1,DP1,start,MAV,,C,m2nmi-2,33.56072,29MO201903
Data,Record,217,2019-03-20T03:20:37,51.6483,-12.40268,start,,,,V,,0,600,1,distance,nmi,-70,I1,C1,DA1,DP1,start,WHB,,C,m2nmi-2,21060.38,29MO201903
Data,Record,218,2019-03-20T03:26:10,51.64834,-12.37564,start,,,,V,,0,600,1,distance,nmi,-70,I1,C1,DA1,DP1,start,MAV,,C,m2nmi-2,121.2,29MO201903
Data,Record,218,2019-03-20T03:26:10,51.64834,-12.37564,start,,,,V,,0,600,1,distance,nmi,-70,I1,C1,DA1,DP1,start,WHB,,C,m2nmi-2,2941.852,29MO201903
Data,Record,219,2019-03-20T03:31:40,51.6484,-12.3489,start,,,,V,,0,600,1,distance,nmi,-70,I1,C1,DA1,DP1,start,MAV,,C,m2nmi-2,324.9398,29MO201903
Data,Record,219,2019-03-20T03:31:40,51.6484,-12.3489,start,,,,V,,0,600,1,distance,nmi,-70,I1,C1,DA1,DP1,start,WHB,,C,m2nmi-2,3058.203,29MO201903
Data,Record,220,2019-03-20T03:37:07,51.64843,-12.32224,start,,,,V,,0,600,1,distance,nmi,-70,I1,C1,DA1,DP1,start,MAV,,C,m2nmi-2,57.99667,29MO201903
Data,Record,220,2019-03-20T03:37:07,51.64843,-12.32224,start,,,,V,,0,600,1,distance,nmi,-70,I1,C1,DA1,DP1,start,WHB,,C,m2nmi-2,1964.059,29MO201903
Data,Record,221,2019-03-20T03:42:37,51.64847,-12.29524,start,,,,V,,0,600,1,distance,nmi,-70,I1,C1,DA1,DP1,start,MAV,,C,m2nmi-2,529.88,29MO201903
Data,Record,221,2019-03-20T03:42:37,51.64847,-12.29524,start,,,,V,,0,600,1,distance,nmi,-70,I1,C1,DA1,DP1,start,WHB,,C,m2nmi-2,2609.191,29MO201903
Data,Record,222,2019-03-20T03:48:04,51.64852,-12.26858,start,,,,V,,0,600,1,distance,nmi,-70,I1,C1,DA1,DP1,start,MAV,,C,m2nmi-2,207.0288,29MO201903
Data,Record,222,2019-03-20T03:48:04,51.64852,-12.26858,start,,,,V,,0,600,1,distance,nmi,-70,I1,C1,DA1,DP1,start,WHB,,C,m2nmi-2,0,29MO201903
Data,Record,223,2019-03-20T03:53:34,51.64854,-12.24171,start,,,,V,,0,600,1,distance,nmi,-70,I1,C1,DA1,DP1,start,MAV,,C,m2nmi-2,43.8828,29MO201903
Data,Record,223,2019-03-20T03:53:34,51.64854,-12.24171,start,,,,V,,0,600,1,distance,nmi,-70,I1,C1,DA1,DP1,start,WHB,,C,m2nmi-2,16.72977,29MO201903
Data,Record,262,2019-03-20T09:41:09,51.65644,-12.64921,start,,,,V,,0,600,1,distance,nmi,-70,I1,C1,DA1,DP1,start,MAV,,C,m2nmi-2,73.8157,29MO201903
Data,Record,262,2019-03-20T09:41:09,51.65644,-12.64921,start,,,,V,,0,600,1,distance,nmi,-70,I1,C1,DA1,DP1,start,WHB,,C,m2nmi-2,229.9215,29MO201903
Data,Record,263,2019-03-20T09:49:30,51.64754,-12.62972,start,,,,V,,0,600,1,distance,nmi,-70,I1,C1,DA1,DP1,start,MAV,,C,m2nmi-2,637.8682,29MO201903
Data,Record,263,2019-03-20T09:49:30,51.64754,-12.62972,start,,,,V,,0,600,1,distance,nmi,-70,I1,C1,DA1,DP1,start,WHB,,C,m2nmi-2,1902.888,29MO201903
Data,Record,264,2019-03-20T09:54:58,51.64772,-12.6029,start,,,,V,,0,600,1,distance,nmi,-70,I1,C1,DA1,DP1,start,MAV,,C,m2nmi-2,270.5087,29MO201903
Data,Record,264,2019-03-20T09:54:58,51.64772,-12.6029,start,,,,V,,0,600,1,distance,nmi,-70,I1,C1,DA1,DP1,start,WHB,,C,m2nmi-2,975.4037,29MO201903
Data,Record,265,2019-03-20T10:00:29,51.64778,-12.57612,start,,,,V,,0,600,1,distance,nmi,-70,I1,C1,DA1,DP1,start,MAV,,C,m2nmi-2,53.52658,29MO201903
Data,Record,265,2019-03-20T10:00:29,51.64778,-12.57612,start,,,,V,,0,600,1,distance,nmi,-70,I1,C1,DA1,DP1,start,WHB,,C,m2nmi-2,3289.892,29MO201903
Data,Record,266,2019-03-20T10:06:29,51.6479,-12.54915,start,,,,V,,0,600,1,distance,nmi,-70,I1,C1,DA1,DP1,start,MAV,,C,m2nmi-2,99.15968,29MO201903
Data,Record,266,2019-03-20T10:06:29,51.6479,-12.54915,start,,,,V,,0,600,1,distance,nmi,-70,I1,C1,DA1,DP1,start,WHB,,C,m2nmi-2,2085.675,29MO201903
Data,Record,267,2019-03-20T10:12:29,51.64797,-12.52225,start,,,,V,,0,600,1,distance,nmi,-70,I1,C1,DA1,DP1,start,MAV,,C,m2nmi-2,634.2291,29MO201903
Data,Record,267,2019-03-20T10:12:29,51.64797,-12.52225,start,,,,V,,0,600,1,distance,nmi,-70,I1,C1,DA1,DP1,start,WHB,,C,m2nmi-2,184.5042,29MO201903
Data,Record,268,2019-03-20T10:18:29,51.64805,-12.49548,start,,,,V,,0,600,1,distance,nmi,-70,I1,C1,DA1,DP1,start,MAV,,C,m2nmi-2,78.34697,29MO201903
Data,Record,268,2019-03-20T10:18:29,51.64805,-12.49548,start,,,,V,,0,600,1,distance,nmi,-70,I1,C1,DA1,DP1,start,WHB,,C,m2nmi-2,112.8272,29MO201903
Data,Record,269,2019-03-20T10:24:29,51.64812,-12.46882,start,,,,V,,0,600,1,distance,nmi,-70,I1,C1,DA1,DP1,start,MAV,,C,m2nmi-2,517.2523,29MO201903
Data,Record,269,2019-03-20T10:24:29,51.64812,-12.46882,start,,,,V,,0,600,1,distance,nmi,-70,I1,C1,DA1,DP1,start,WHB,,C,m2nmi-2,341.9838,29MO201903
Data,Record,270,2019-03-20T10:30:29,51.6482,-12.44204,start,,,,V,,0,600,1,distance,nmi,-70,I1,C1,DA1,DP1,start,MAV,,C,m2nmi-2,674.9766,29MO201903
Data,Record,270,2019-03-20T10:30:29,51.6482,-12.44204,start,,,,V,,0,600,1,distance,nmi,-70,I1,C1,DA1,DP1,start,WHB,,C,m2nmi-2,81.10843,29MO201903
Data,Record,271,2019-03-20T10:36:29,51.64828,-12.41509,start,,,,V,,0,600,1,distance,nmi,-70,I1,C1,DA1,DP1,start,MAV,,C,m2nmi-2,359.5636,29MO201903
Data,Record,271,2019-03-20T10:36:29,51.64828,-12.41509,start,,,,V,,0,600,1,distance,nmi,-70,I1,C1,DA1,DP1,start,WHB,,C,m2nmi-2,17.22452,29MO201903
Data,Record,272,2019-03-20T10:42:25,51.64833,-12.38838,start,,,,V,,0,600,1,distance,nmi,-70,I1,C1,DA1,DP1,start,MAV,,C,m2nmi-2,610.3963,29MO201903
Data,Record,272,2019-03-20T10:42:25,51.64833,-12.38838,start,,,,V,,0,600,1,distance,nmi,-70,I1,C1,DA1,DP1,start,WHB,,C,m2nmi-2,20739.2,29MO201903
Data,Record,273,2019-03-20T10:48:23,51.64838,-12.36156,start,,,,V,,0,600,1,distance,nmi,-70,I1,C1,DA1,DP1,start,MAV,,C,m2nmi-2,386.0609,29MO201903
Data,Record,273,2019-03-20T10:48:23,51.64838,-12.36156,start,,,,V,,0,600,1,distance,nmi,-70,I1,C1,DA1,DP1,start,WHB,,C,m2nmi-2,3780.783,29MO201903
Data,Record,274,2019-03-20T10:54:19,51.64842,-12.33477,start,,,,V,,0,600,1,distance,nmi,-70,I1,C1,DA1,DP1,start,MAV,,C,m2nmi-2,444.3484,29MO201903
Data,Record,274,2019-03-20T10:54:19,51.64842,-12.33477,start,,,,V,,0,600,1,distance,nmi,-70,I1,C1,DA1,DP1,start,WHB,,C,m2nmi-2,1390.722,29MO201903
Data,Record,275,2019-03-20T11:00:15,51.64845,-12.30794,start,,,,V,,0,600,1,distance,nmi,-70,I1,C1,DA1,DP1,start,MAV,,C,m2nmi-2,439.7114,29MO201903
Data,Record,275,2019-03-20T11:00:15,51.64845,-12.30794,start,,,,V,,0,600,1,distance,nmi,-70,I1,C1,DA1,DP1,start,WHB,,C,m2nmi-2,5688.222,29MO201903
Data,Record,276,2019-03-20T11:06:15,51.64857,-12.28103,start,,,,V,,0,600,1,distance,nmi,-70,I1,C1,DA1,DP1,start,MAV,,C,m2nmi-2,101.2,29MO201903
Data,Record,276,2019-03-20T11:06:15,51.64857,-12.28103,start,,,,V,,0,600,1,distance,nmi,-70,I1,C1,DA1,DP1,start,WHB,,C,m2nmi-2,54.23145,29MO201903
Data,Record,277,2019-03-20T11:12:13,51.64851,-12.25433,start,,,,V,,0,600,1,distance,nmi,-70,I1,C1,DA1,DP1,start,MAV,,C,m2nmi-2,625.4934,29MO201903
Data,Record,277,2019-03-20T11:12:13,51.64851,-12.25433,start,,,,V,,0,600,1,distance,nmi,-70,I1,C1,DA1,DP1,start,WHB,,C,m2nmi-2,94.00155,29MO201903
Data,Record,278,2019-03-20T11:18:07,51.64854,-12.22766,start,,,,V,,0,600,1,distance,nmi,-70,I1,C1,DA1,DP1,start,MAV,,C,m2nmi-2,341.5949,29MO201903
Data,Record,278,2019-03-20T11:18:07,51.64854,-12.22766,start,,,,V,,0,600,1,distance,nmi,-70,I1,C1,DA1,DP1,start,WHB,,C,m2nmi-2,19.97894,29MO201903
Data,Record,279,2019-03-20T11:24:05,51.64854,-12.20066,start,,,,V,,0,600,1,distance,nmi,-70,I1,C1,DA1,DP1,start,MAV,,C,m2nmi-2,418.414,29MO201903
Data,Record,279,2019-03-20T11:24:05,51.64854,-12.20066,start,,,,V,,0,600,1,distance,nmi,-70,I1,C1,DA1,DP1,start,WHB,,C,m2nmi-2,121.1935,29MO201903
Data,Record,280,2019-03-20T11:30:00,51.64857,-12.17404,start,,,,V,,0,600,1,distance,nmi,-70,I1,C1,DA1,DP1,start,MAV,,C,m2nmi-2,92.25388,29MO201903
Data,Record,280,2019-03-20T11:30:00,51.64857,-12.17404,start,,,,V,,0,600,1,distance,nmi,-70,I1,C1,DA1,DP1,start,WHB,,C,m2nmi-2,232.6842,29MO201903
Data,Record,282,2019-03-20T12:12:40,51.64767,-12.15724,start,,,,V,,0,600,1,distance,nmi,-70,I1,C1,DA1,DP1,start,MAV,,C,m2nmi-2,130.8261,29MO201903
Data,Record,282,2019-03-20T12:12:40,51.64767,-12.15724,start,,,,V,,0,600,1,distance,nmi,-70,I1,C1,DA1,DP1,start,WHB,,C,m2nmi-2,68.23204,29MO201903
Data,Record,283,2019-03-20T12:19:13,51.64854,-12.13091,start,,,,V,,0,600,1,distance,nmi,-70,I1,C1,DA1,DP1,start,MAV,,C,m2nmi-2,117.2258,29MO201903
Data,Record,283,2019-03-20T12:19:13,51.64854,-12.13091,start,,,,V,,0,600,1,distance,nmi,-70,I1,C1,DA1,DP1,start,WHB,,C,m2nmi-2,324.0818,29MO201903
Data,Record,284,2019-03-20T12:24:55,51.64855,-12.10423,start,,,,V,,0,600,1,distance,nmi,-70,I1,C1,DA1,DP1,start,MAV,,C,m2nmi-2,758.6296,29MO201903
Data,Record,284,2019-03-20T12:24:55,51.64855,-12.10423,start,,,,V,,0,600,1,distance,nmi,-70,I1,C1,DA1,DP1,start,WHB,,C,m2nmi-2,63.22107,29MO201903
Data,Record,285,2019-03-20T12:30:47,51.64856,-12.07741,start,,,,V,,0,600,1,distance,nmi,-70,I1,C1,DA1,DP1,start,MAV,,C,m2nmi-2,95.43668,29MO201903
Data,Record,285,2019-03-20T12:30:47,51.64856,-12.07741,start,,,,V,,0,600,1,distance,nmi,-70,I1,C1,DA1,DP1,start,WHB,,C,m2nmi-2,245.4247,29MO201903
Data,Record,286,2019-03-20T12:36:44,51.64853,-12.05045,start,,,,V,,0,600,1,distance,nmi,-70,I1,C1,DA1,DP1,start,MAV,,C,m2nmi-2,117.5676,29MO201903
Data,Record,286,2019-03-20T12:36:44,51.64853,-12.05045,start,,,,V,,0,600,1,distance,nmi,-70,I1,C1,DA1,DP1,start,WHB,,C,m2nmi-2,389.8264,29MO201903
Data,Record,287,2019-03-20T12:42:34,51.64854,-12.02369,start,,,,V,,0,600,1,distance,nmi,-70,I1,C1,DA1,DP1,start,MAV,,C,m2nmi-2,211.9,29MO201903
Data,Record,287,2019-03-20T12:42:34,51.64854,-12.02369,start,,,,V,,0,600,1,distance,nmi,-70,I1,C1,DA1,DP1,start,WHB,,C,m2nmi-2,27.23887,29MO201903
Data,Record,288,2019-03-20T12:48:20,51.64847,-11.997,start,,,,V,,0,600,1,distance,nmi,-70,I1,C1,DA1,DP1,start,MAV,,C,m2nmi-2,107.5539,29MO201903
Data,Record,288,2019-03-20T12:48:20,51.64847,-11.997,start,,,,V,,0,600,1,distance,nmi,-70,I1,C1,DA1,DP1,start,WHB,,C,m2nmi-2,167.2206,29MO201903
Data,Record,289,2019-03-20T12:54:09,51.64844,-11.97015,start,,,,V,,0,600,1,distance,nmi,-70,I1,C1,DA1,DP1,start,MAV,,C,m2nmi-2,187.3581,29MO201903
Data,Record,289,2019-03-20T12:54:09,51.64844,-11.97015,start,,,,V,,0,600,1,distance,nmi,-70,I1,C1,DA1,DP1,start,WHB,,C,m2nmi-2,112.6603,29MO201903
Data,Record,290,2019-03-20T12:59:54,51.64839,-11.94343,start,,,,V,,0,600,1,distance,nmi,-70,I1,C1,DA1,DP1,start,MAV,,C,m2nmi-2,293.9129,29MO201903
Data,Record,290,2019-03-20T12:59:54,51.64839,-11.94343,start,,,,V,,0,600,1,distance,nmi,-70,I1,C1,DA1,DP1,start,WHB,,C,m2nmi-2,72.07278,29MO201903
Data,Record,291,2019-03-20T13:05:43,51.64836,-11.91659,start,,,,V,,0,600,1,distance,nmi,-70,I1,C1,DA1,DP1,start,MAV,,C,m2nmi-2,143.2898,29MO201903
Data,Record,291,2019-03-20T13:05:43,51.64836,-11.91659,start,,,,V,,0,600,1,distance,nmi,-70,I1,C1,DA1,DP1,start,WHB,,C,m2nmi-2,201.9753,29MO201903
Data,Record,292,2019-03-20T13:11:29,51.64827,-11.88987,start,,,,V,,0,600,1,distance,nmi,-70,I1,C1,DA1,DP1,start,MAV,,C,m2nmi-2,345.9042,29MO201903
Data,Record,292,2019-03-20T13:11:29,51.64827,-11.88987,start,,,,V,,0,600,1,distance,nmi,-70,I1,C1,DA1,DP1,start,WHB,,C,m2nmi-2,536.3691,29MO201903
Data,Record,293,2019-03-20T13:17:18,51.64825,-11.86292,start,,,,V,,0,600,1,distance,nmi,-70,I1,C1,DA1,DP1,start,MAV,,C,m2nmi-2,145.0221,29MO201903
Data,Record,293,2019-03-20T13:17:18,51.64825,-11.86292,start,,,,V,,0,600,1,distance,nmi,-70,I1,C1,DA1,DP1,start,WHB,,C,m2nmi-2,221.8802,29MO201903
Data,Record,294,2019-03-20T13:23:04,51.64816,-11.83608,start,,,,V,,0,600,1,distance,nmi,-70,I1,C1,DA1,DP1,start,MAV,,C,m2nmi-2,124.2403,29MO201903
Data,Record,294,2019-03-20T13:23:04,51.64816,-11.83608,start,,,,V,,0,600,1,distance,nmi,-70,I1,C1,DA1,DP1,start,WHB,,C,m2nmi-2,357.5475,29MO201903
Data,Record,295,2019-03-20T13:28:53,51.64807,-11.80947,start,,,,V,,0,600,1,distance,nmi,-70,I1,C1,DA1,DP1,start,MAV,,C,m2nmi-2,61.63522,29MO201903
Data,Record,295,2019-03-20T13:28:53,51.64807,-11.80947,start,,,,V,,0,600,1,distance,nmi,-70,I1,C1,DA1,DP1,start,WHB,,C,m2nmi-2,562.4188,29MO201903
Data,Record,296,2019-03-20T13:34:46,51.64799,-11.78258,start,,,,V,,0,600,1,distance,nmi,-70,I1,C1,DA1,DP1,start,MAV,,C,m2nmi-2,100.1607,29MO201903
Data,Record,296,2019-03-20T13:34:46,51.64799,-11.78258,start,,,,V,,0,600,1,distance,nmi,-70,I1,C1,DA1,DP1,start,WHB,,C,m2nmi-2,157.5833,29MO201903
Data,Record,297,2019-03-20T13:40:40,51.6479,-11.75577,start,,,,V,,0,600,1,distance,nmi,-70,I1,C1,DA1,DP1,start,MAV,,C,m2nmi-2,89.15473,29MO201903
Data,Record,297,2019-03-20T13:40:40,51.6479,-11.75577,start,,,,V,,0,600,1,distance,nmi,-70,I1,C1,DA1,DP1,start,WHB,,C,m2nmi-2,702.4825,29MO201903
Data,Record,299,2019-03-20T14:22:13,51.64544,-11.7389,start,,,,V,,0,600,1,distance,nmi,-70,I1,C1,DA1,DP1,start,MAV,,C,m2nmi-2,42.83088,29MO201903
Data,Record,299,2019-03-20T14:22:13,51.64544,-11.7389,start,,,,V,,0,600,1,distance,nmi,-70,I1,C1,DA1,DP1,start,WHB,,C,m2nmi-2,131.9569,29MO201903
Data,Record,300,2019-03-20T14:29:02,51.64775,-11.71584,start,,,,V,,0,600,1,distance,nmi,-70,I1,C1,DA1,DP1,start,MAV,,C,m2nmi-2,239.5258,29MO201903
Data,Record,300,2019-03-20T14:29:02,51.64775,-11.71584,start,,,,V,,0,600,1,distance,nmi,-70,I1,C1,DA1,DP1,start,WHB,,C,m2nmi-2,339.9444,29MO201903
Data,Record,301,2019-03-20T14:34:43,51.6477,-11.68917,start,,,,V,,0,600,1,distance,nmi,-70,I1,C1,DA1,DP1,start,MAV,,C,m2nmi-2,552.8737,29MO201903
Data,Record,301,2019-03-20T14:34:43,51.6477,-11.68917,start,,,,V,,0,600,1,distance,nmi,-70,I1,C1,DA1,DP1,start,WHB,,C,m2nmi-2,645.6707,29MO201903
Data,Record,302,2019-03-20T14:40:31,51.64753,-11.66221,start,,,,V,,0,600,1,distance,nmi,-70,I1,C1,DA1,DP1,start,MAV,,C,m2nmi-2,478.881,29MO201903
Data,Record,302,2019-03-20T14:40:31,51.64753,-11.66221,start,,,,V,,0,600,1,distance,nmi,-70,I1,C1,DA1,DP1,start,WHB,,C,m2nmi-2,712.2167,29MO201903
Data,Record,303,2019-03-20T14:46:14,51.64744,-11.63546,start,,,,V,,0,600,1,distance,nmi,-70,I1,C1,DA1,DP1,start,MAV,,C,m2nmi-2,210.0686,29MO201903
Data,Record,303,2019-03-20T14:46:14,51.64744,-11.63546,start,,,,V,,0,600,1,distance,nmi,-70,I1,C1,DA1,DP1,start,WHB,,C,m2nmi-2,580.0611,29MO201903
Data,Record,304,2019-03-20T14:51:58,51.64731,-11.60875,start,,,,V,,0,600,1,distance,nmi,-70,I1,C1,DA1,DP1,start,MAV,,C,m2nmi-2,291.4436,29MO201903
Data,Record,304,2019-03-20T14:51:58,51.64731,-11.60875,start,,,,V,,0,600,1,distance,nmi,-70,I1,C1,DA1,DP1,start,WHB,,C,m2nmi-2,592.406,29MO201903
Data,Record,305,2019-03-20T14:57:43,51.6472,-11.58189,start,,,,V,,0,600,1,distance,nmi,-70,I1,C1,DA1,DP1,start,MAV,,C,m2nmi-2,887.1248,29MO201903
Data,Record,305,2019-03-20T14:57:43,51.6472,-11.58189,start,,,,V,,0,600,1,distance,nmi,-70,I1,C1,DA1,DP1,start,WHB,,C,m2nmi-2,736.0802,29MO201903
Data,Record,306,2019-03-20T15:03:26,51.64706,-11.55505,start,,,,V,,0,600,1,distance,nmi,-70,I1,C1,DA1,DP1,start,MAV,,C,m2nmi-2,58.53257,29MO201903
Data,Record,306,2019-03-20T15:03:26,51.64706,-11.55505,start,,,,V,,0,600,1,distance,nmi,-70,I1,C1,DA1,DP1,start,WHB,,C,m2nmi-2,143.6718,29MO201903
Data,Record,317,2019-03-20T17:49:18,51.64826,-11.56888,start,,,,V,,0,600,1,distance,nmi,-70,I1,C1,DA1,DP1,start,MAV,,C,m2nmi-2,8.500052,29MO201903
Data,Record,317,2019-03-20T17:49:18,51.64826,-11.56888,start,,,,V,,0,600,1,distance,nmi,-70,I1,C1,DA1,DP1,start,WHB,,C,m2nmi-2,0,29MO201903
Data,Record,318,2019-03-20T17:55:09,51.64703,-11.54243,start,,,,V,,0,600,1,distance,nmi,-70,I1,C1,DA1,DP1,start,MAV,,C,m2nmi-2,147.7849,29MO201903
Data,Record,318,2019-03-20T17:55:09,51.64703,-11.54243,start,,,,V,,0,600,1,distance,nmi,-70,I1,C1,DA1,DP1,start,WHB,,C,m2nmi-2,0,29MO201903
Data,Record,319,2019-03-20T18:00:52,51.64687,-11.51562,start,,,,V,,0,600,1,distance,nmi,-70,I1,C1,DA1,DP1,start,MAV,,C,m2nmi-2,114.1221,29MO201903
Data,Record,319,2019-03-20T18:00:52,51.64687,-11.51562,start,,,,V,,0,600,1,distance,nmi,-70,I1,C1,DA1,DP1,start,WHB,,C,m2nmi-2,0,29MO201903
Data,Record,320,2019-03-20T18:06:38,51.64671,-11.48895,start,,,,V,,0,600,1,distance,nmi,-70,I1,C1,DA1,DP1,start,MAV,,C,m2nmi-2,38.88393,29MO201903
Data,Record,320,2019-03-20T18:06:38,51.64671,-11.48895,start,,,,V,,0,600,1,distance,nmi,-70,I1,C1,DA1,DP1,start,WHB,,C,m2nmi-2,0,29MO201903
Data,Record,321,2019-03-20T18:12:26,51.64658,-11.46221,start,,,,V,,0,600,1,distance,nmi,-70,I1,C1,DA1,DP1,start,MAV,,C,m2nmi-2,0,29MO201903
Data,Record,321,2019-03-20T18:12:26,51.64658,-11.46221,start,,,,V,,0,600,1,distance,nmi,-70,I1,C1,DA1,DP1,start,WHB,,C,m2nmi-2,0,29MO201903
Data,Record,322,2019-03-20T18:18:12,51.6464,-11.43536,start,,,,V,,0,600,1,distance,nmi,-70,I1,C1,DA1,DP1,start,MAV,,C,m2nmi-2,0,29MO201903
Data,Record,322,2019-03-20T18:18:12,51.6464,-11.43536,start,,,,V,,0,600,1,distance,nmi,-70,I1,C1,DA1,DP1,start,WHB,,C,m2nmi-2,0,29MO201903
Data,Record,323,2019-03-20T18:23:58,51.64625,-11.40851,start,,,,V,,0,600,1,distance,nmi,-70,I1,C1,DA1,DP1,start,MAV,,C,m2nmi-2,0,29MO201903
Data,Record,323,2019-03-20T18:23:58,51.64625,-11.40851,start,,,,V,,0,600,1,distance,nmi,-70,I1,C1,DA1,DP1,start,WHB,,C,m2nmi-2,0,29MO201903
Data,Record,324,2019-03-20T18:29:46,51.64606,-11.3818,start,,,,V,,0,600,1,distance,nmi,-70,I1,C1,DA1,DP1,start,MAV,,C,m2nmi-2,0,29MO201903
Data,Record,324,2019-03-20T18:29:46,51.64606,-11.3818,start,,,,V,,0,600,1,distance,nmi,-70,I1,C1,DA1,DP1,start,WHB,,C,m2nmi-2,0,29MO201903
Data,Record,325,2019-03-20T18:35:40,51.64588,-11.35503,start,,,,V,,0,600,1,distance,nmi,-70,I1,C1,DA1,DP1,start,MAV,,C,m2nmi-2,0,29MO201903
Data,Record,325,2019-03-20T18:35:40,51.64588,-11.35503,start,,,,V,,0,600,1,distance,nmi,-70,I1,C1,DA1,DP1,start,WHB,,C,m2nmi-2,0,29MO201903
Data,Record,326,2019-03-20T18:41:31,51.64567,-11.3282,start,,,,V,,0,600,1,distance,nmi,-70,I1,C1,DA1,DP1,start,MAV,,C,m2nmi-2,0,29MO201903
Data,Record,326,2019-03-20T18:41:31,51.64567,-11.3282,start,,,,V,,0,600,1,distance,nmi,-70,I1,C1,DA1,DP1,start,WHB,,C,m2nmi-2,0,29MO201903
Data,Record,348,2019-03-20T21:33:56,51.31221,-11.30579,start,,,,V,,0,600,1,distance,nmi,-70,I1,C1,DA1,DP1,start,MAV,,C,m2nmi-2,0,29MO201903
Data,Record,348,2019-03-20T21:33:56,51.31221,-11.30579,start,,,,V,,0,600,1,distance,nmi,-70,I1,C1,DA1,DP1,start,WHB,,C,m2nmi-2,0,29MO201903
Data,Record,349,2019-03-20T21:40:51,51.31245,-11.33245,start,,,,V,,0,600,1,distance,nmi,-70,I1,C1,DA1,DP1,start,MAV,,C,m2nmi-2,1.499176,29MO201903
Data,Record,349,2019-03-20T21:40:51,51.31245,-11.33245,start,,,,V,,0,600,1,distance,nmi,-70,I1,C1,DA1,DP1,start,WHB,,C,m2nmi-2,0,29MO201903
Data,Record,350,2019-03-20T21:47:25,51.31256,-11.35898,start,,,,V,,0,600,1,distance,nmi,-70,I1,C1,DA1,DP1,start,MAV,,C,m2nmi-2,17.207,29MO201903
Data,Record,350,2019-03-20T21:47:25,51.31256,-11.35898,start,,,,V,,0,600,1,distance,nmi,-70,I1,C1,DA1,DP1,start,WHB,,C,m2nmi-2,0,29MO201903
Data,Record,351,2019-03-20T21:54:17,51.31276,-11.38568,start,,,,V,,0,600,1,distance,nmi,-70,I1,C1,DA1,DP1,start,MAV,,C,m2nmi-2,0,29MO201903
Data,Record,351,2019-03-20T21:54:17,51.31276,-11.38568,start,,,,V,,0,600,1,distance,nmi,-70,I1,C1,DA1,DP1,start,WHB,,C,m2nmi-2,0,29MO201903
Data,Record,352,2019-03-20T22:01:04,51.3129,-11.41212,start,,,,V,,0,600,1,distance,nmi,-70,I1,C1,DA1,DP1,start,MAV,,C,m2nmi-2,15.72553,29MO201903
Data,Record,352,2019-03-20T22:01:04,51.3129,-11.41212,start,,,,V,,0,600,1,distance,nmi,-70,I1,C1,DA1,DP1,start,WHB,,C,m2nmi-2,0,29MO201903
Data,Record,353,2019-03-20T22:07:59,51.31448,-11.43844,start,,,,V,,0,600,1,distance,nmi,-70,I1,C1,DA1,DP1,start,MAV,,C,m2nmi-2,60.96043,29MO201903
Data,Record,353,2019-03-20T22:07:59,51.31448,-11.43844,start,,,,V,,0,600,1,distance,nmi,-70,I1,C1,DA1,DP1,start,WHB,,C,m2nmi-2,0,29MO201903
Data,Record,354,2019-03-20T22:14:49,51.31822,-11.46438,start,,,,V,,0,600,1,distance,nmi,-70,I1,C1,DA1,DP1,start,MAV,,C,m2nmi-2,80.49617,29MO201903
Data,Record,354,2019-03-20T22:14:49,51.31822,-11.46438,start,,,,V,,0,600,1,distance,nmi,-70,I1,C1,DA1,DP1,start,WHB,,C,m2nmi-2,0,29MO201903
Data,Record,355,2019-03-20T22:21:44,51.3224,-11.49013,start,,,,V,,0,600,1,distance,nmi,-70,I1,C1,DA1,DP1,start,MAV,,C,m2nmi-2,671.0203,29MO201903
Data,Record,355,2019-03-20T22:21:44,51.3224,-11.49013,start,,,,V,,0,600,1,distance,nmi,-70,I1,C1,DA1,DP1,start,WHB,,C,m2nmi-2,0,29MO201903
Data,Record,356,2019-03-20T22:28:52,51.32626,-11.51604,start,,,,V,,0,600,1,distance,nmi,-70,I1,C1,DA1,DP1,start,MAV,,C,m2nmi-2,539.5698,29MO201903
Data,Record,356,2019-03-20T22:28:52,51.32626,-11.51604,start,,,,V,,0,600,1,distance,nmi,-70,I1,C1,DA1,DP1,start,WHB,,C,m2nmi-2,0,29MO201903
Data,Record,357,2019-03-20T22:36:06,51.32787,-11.54241,start,,,,V,,0,600,1,distance,nmi,-70,I1,C1,DA1,DP1,start,MAV,,C,m2nmi-2,643.431,29MO201903
Data,Record,357,2019-03-20T22:36:06,51.32787,-11.54241,start,,,,V,,0,600,1,distance,nmi,-70,I1,C1,DA1,DP1,start,WHB,,C,m2nmi-2,0,29MO201903
Data,Record,358,2019-03-20T22:43:06,51.32106,-11.56655,start,,,,V,,0,600,1,distance,nmi,-70,I1,C1,DA1,DP1,start,MAV,,C,m2nmi-2,45.77901,29MO201903
Data,Record,358,2019-03-20T22:43:06,51.32106,-11.56655,start,,,,V,,0,600,1,distance,nmi,-70,I1,C1,DA1,DP1,start,WHB,,C,m2nmi-2,0,29MO201903
Data,Record,359,2019-03-20T22:49:53,51.31425,-11.59054,start,,,,V,,0,600,1,distance,nmi,-70,I1,C1,DA1,DP1,start,MAV,,C,m2nmi-2,164.2047,29MO201903
Data,Record,359,2019-03-20T22:49:53,51.31425,-11.59054,start,,,,V,,0,600,1,distance,nmi,-70,I1,C1,DA1,DP1,start,WHB,,C,m2nmi-2,0,29MO201903
Data,Record,360,2019-03-20T22:57:01,51.31403,-11.61719,start,,,,V,,0,600,1,distance,nmi,-70,I1,C1,DA1,DP1,start,MAV,,C,m2nmi-2,121.9771,29MO201903
Data,Record,360,2019-03-20T22:57:01,51.31403,-11.61719,start,,,,V,,0,600,1,distance,nmi,-70,I1,C1,DA1,DP1,start,WHB,,C,m2nmi-2,0,29MO201903
Data,Record,361,2019-03-20T23:03:37,51.31414,-11.64362,start,,,,V,,0,600,1,distance,nmi,-70,I1,C1,DA1,DP1,start,MAV,,C,m2nmi-2,128.7697,29MO201903
Data,Record,361,2019-03-20T23:03:37,51.31414,-11.64362,start,,,,V,,0,600,1,distance,nmi,-70,I1,C1,DA1,DP1,start,WHB,,C,m2nmi-2,0,29MO201903
Data,Record,362,2019-03-20T23:10:35,51.31424,-11.67032,start,,,,V,,0,600,1,distance,nmi,-70,I1,C1,DA1,DP1,start,MAV,,C,m2nmi-2,165.2732,29MO201903
Data,Record,362,2019-03-20T23:10:35,51.31424,-11.67032,start,,,,V,,0,600,1,distance,nmi,-70,I1,C1,DA1,DP1,start,WHB,,C,m2nmi-2,0,29MO201903
Data,Record,363,2019-03-20T23:17:41,51.31438,-11.69687,start,,,,V,,0,600,1,distance,nmi,-70,I1,C1,DA1,DP1,start,MAV,,C,m2nmi-2,84.01807,29MO201903
Data,Record,363,2019-03-20T23:17:41,51.31438,-11.69687,start,,,,V,,0,600,1,distance,nmi,-70,I1,C1,DA1,DP1,start,WHB,,C,m2nmi-2,0,29MO201903
Data,Record,365,2019-03-21T00:03:34,51.31166,-11.72226,start,,,,V,,0,600,1,distance,nmi,-70,I1,C1,DA1,DP1,start,MAV,,C,m2nmi-2,50.26696,29MO201903
Data,Record,365,2019-03-21T00:03:34,51.31166,-11.72226,start,,,,V,,0,600,1,distance,nmi,-70,I1,C1,DA1,DP1,start,WHB,,C,m2nmi-2,23.34359,29MO201903
Data,Record,366,2019-03-21T00:11:38,51.31448,-11.73935,start,,,,V,,0,600,1,distance,nmi,-70,I1,C1,DA1,DP1,start,MAV,,C,m2nmi-2,304.9695,29MO201903
Data,Record,366,2019-03-21T00:11:38,51.31448,-11.73935,start,,,,V,,0,600,1,distance,nmi,-70,I1,C1,DA1,DP1,start,WHB,,C,m2nmi-2,124.2266,29MO201903
Data,Record,367,2019-03-21T00:18:38,51.31461,-11.76591,start,,,,V,,0,600,1,distance,nmi,-70,I1,C1,DA1,DP1,start,MAV,,C,m2nmi-2,25.02182,29MO201903
Data,Record,367,2019-03-21T00:18:38,51.31461,-11.76591,start,,,,V,,0,600,1,distance,nmi,-70,I1,C1,DA1,DP1,start,WHB,,C,m2nmi-2,152.1167,29MO201903
Data,Record,368,2019-03-21T00:25:26,51.31469,-11.79267,start,,,,V,,0,600,1,distance,nmi,-70,I1,C1,DA1,DP1,start,MAV,,C,m2nmi-2,8.039589,29MO201903
Data,Record,368,2019-03-21T00:25:26,51.31469,-11.79267,start,,,,V,,0,600,1,distance,nmi,-70,I1,C1,DA1,DP1,start,WHB,,C,m2nmi-2,280.7845,29MO201903
Data,Record,369,2019-03-21T00:32:16,51.3148,-11.81906,start,,,,V,,0,600,1,distance,nmi,-70,I1,C1,DA1,DP1,start,MAV,,C,m2nmi-2,4.696515,29MO201903
Data,Record,369,2019-03-21T00:32:16,51.3148,-11.81906,start,,,,V,,0,600,1,distance,nmi,-70,I1,C1,DA1,DP1,start,WHB,,C,m2nmi-2,405.3546,29MO201903
Data,Record,370,2019-03-21T00:39:04,51.31487,-11.84585,start,,,,V,,0,600,1,distance,nmi,-70,I1,C1,DA1,DP1,start,MAV,,C,m2nmi-2,343.4199,29MO201903
Data,Record,370,2019-03-21T00:39:04,51.31487,-11.84585,start,,,,V,,0,600,1,distance,nmi,-70,I1,C1,DA1,DP1,start,WHB,,C,m2nmi-2,788.8007,29MO201903
Data,Record,371,2019-03-21T00:45:55,51.31491,-11.87241,start,,,,V,,0,600,1,distance,nmi,-70,I1,C1,DA1,DP1,start,MAV,,C,m2nmi-2,127.0196,29MO201903
Data,Record,371,2019-03-21T00:45:55,51.31491,-11.87241,start,,,,V,,0,600,1,distance,nmi,-70,I1,C1,DA1,DP1,start,WHB,,C,m2nmi-2,391.4462,29MO201903
Data,Record,372,2019-03-21T00:53:01,51.31498,-11.89893,start,,,,V,,0,600,1,distance,nmi,-70,I1,C1,DA1,DP1,start,MAV,,C,m2nmi-2,50.53314,29MO201903
Data,Record,372,2019-03-21T00:53:01,51.31498,-11.89893,start,,,,V,,0,600,1,distance,nmi,-70,I1,C1,DA1,DP1,start,WHB,,C,m2nmi-2,519.8854,29MO201903
Data,Record,373,2019-03-21T00:59:52,51.31504,-11.92559,start,,,,V,,0,600,1,distance,nmi,-70,I1,C1,DA1,DP1,start,MAV,,C,m2nmi-2,92.58046,29MO201903
Data,Record,373,2019-03-21T00:59:52,51.31504,-11.92559,start,,,,V,,0,600,1,distance,nmi,-70,I1,C1,DA1,DP1,start,WHB,,C,m2nmi-2,534.5536,29MO201903
Data,Record,374,2019-03-21T01:07:01,51.31506,-11.95204,start,,,,V,,0,600,1,distance,nmi,-70,I1,C1,DA1,DP1,start,MAV,,C,m2nmi-2,84.21828,29MO201903
Data,Record,374,2019-03-21T01:07:01,51.31506,-11.95204,start,,,,V,,0,600,1,distance,nmi,-70,I1,C1,DA1,DP1,start,WHB,,C,m2nmi-2,351.5709,29MO201903
Data,Record,375,2019-03-21T01:14:10,51.31511,-11.97865,start,,,,V,,0,600,1,distance,nmi,-70,I1,C1,DA1,DP1,start,MAV,,C,m2nmi-2,136.9658,29MO201903
Data,Record,375,2019-03-21T01:14:10,51.31511,-11.97865,start,,,,V,,0,600,1,distance,nmi,-70,I1,C1,DA1,DP1,start,WHB,,C,m2nmi-2,286.1496,29MO201903
Data,Record,376,2019-03-21T01:21:07,51.31515,-12.00516,start,,,,V,,0,600,1,distance,nmi,-70,I1,C1,DA1,DP1,start,MAV,,C,m2nmi-2,91.90782,29MO201903
Data,Record,376,2019-03-21T01:21:07,51.31515,-12.00516,start,,,,V,,0,600,1,distance,nmi,-70,I1,C1,DA1,DP1,start,WHB,,C,m2nmi-2,410.3098,29MO201903
Data,Record,377,2019-03-21T01:27:58,51.31517,-12.03198,start,,,,V,,0,600,1,distance,nmi,-70,I1,C1,DA1,DP1,start,MAV,,C,m2nmi-2,10.28208,29MO201903
Data,Record,377,2019-03-21T01:27:58,51.31517,-12.03198,start,,,,V,,0,600,1,distance,nmi,-70,I1,C1,DA1,DP1,start,WHB,,C,m2nmi-2,287.7917,29MO201903
Data,Record,378,2019-03-21T01:34:52,51.31521,-12.05836,start,,,,V,,0,600,1,distance,nmi,-70,I1,C1,DA1,DP1,start,MAV,,C,m2nmi-2,156.0402,29MO201903
Data,Record,378,2019-03-21T01:34:52,51.31521,-12.05836,start,,,,V,,0,600,1,distance,nmi,-70,I1,C1,DA1,DP1,start,WHB,,C,m2nmi-2,220.6849,29MO201903
Data,Record,379,2019-03-21T01:42:01,51.31522,-12.08496,start,,,,V,,0,600,1,distance,nmi,-70,I1,C1,DA1,DP1,start,MAV,,C,m2nmi-2,99.22742,29MO201903
Data,Record,379,2019-03-21T01:42:01,51.31522,-12.08496,start,,,,V,,0,600,1,distance,nmi,-70,I1,C1,DA1,DP1,start,WHB,,C,m2nmi-2,298.7147,29MO201903
Data,Record,380,2019-03-21T01:49:07,51.31524,-12.11149,start,,,,V,,0,600,1,distance,nmi,-70,I1,C1,DA1,DP1,start,MAV,,C,m2nmi-2,30.48888,29MO201903
Data,Record,380,2019-03-21T01:49:07,51.31524,-12.11149,start,,,,V,,0,600,1,distance,nmi,-70,I1,C1,DA1,DP1,start,WHB,,C,m2nmi-2,441.5066,29MO201903
Data,Record,381,2019-03-21T01:56:07,51.31523,-12.13805,start,,,,V,,0,600,1,distance,nmi,-70,I1,C1,DA1,DP1,start,MAV,,C,m2nmi-2,7.020308,29MO201903
Data,Record,381,2019-03-21T01:56:07,51.31523,-12.13805,start,,,,V,,0,600,1,distance,nmi,-70,I1,C1,DA1,DP1,start,WHB,,C,m2nmi-2,37.3072,29MO201903
Data,Record,382,2019-03-21T02:28:37,51.31519,-12.1495,start,,,,V,,0,600,1,distance,nmi,-70,I1,C1,DA1,DP1,start,MAV,,C,m2nmi-2,5.256962,29MO201903
Data,Record,382,2019-03-21T02:28:37,51.31519,-12.1495,start,,,,V,,0,600,1,distance,nmi,-70,I1,C1,DA1,DP1,start,WHB,,C,m2nmi-2,47.86617,29MO201903
Data,Record,383,2019-03-21T02:42:50,51.31527,-12.15682,start,,,,V,,0,600,1,distance,nmi,-70,I1,C1,DA1,DP1,start,MAV,,C,m2nmi-2,13.92335,29MO201903
Data,Record,383,2019-03-21T02:42:50,51.31527,-12.15682,start,,,,V,,0,600,1,distance,nmi,-70,I1,C1,DA1,DP1,start,WHB,,C,m2nmi-2,135.989,29MO201903
Data,Record,384,2019-03-21T02:49:49,51.3152,-12.18336,start,,,,V,,0,600,1,distance,nmi,-70,I1,C1,DA1,DP1,start,MAV,,C,m2nmi-2,28.70627,29MO201903
Data,Record,384,2019-03-21T02:49:49,51.3152,-12.18336,start,,,,V,,0,600,1,distance,nmi,-70,I1,C1,DA1,DP1,start,WHB,,C,m2nmi-2,112.5834,29MO201903
Data,Record,385,2019-03-21T02:56:54,51.31522,-12.21001,start,,,,V,,0,600,1,distance,nmi,-70,I1,C1,DA1,DP1,start,MAV,,C,m2nmi-2,207.7996,29MO201903
Data,Record,385,2019-03-21T02:56:54,51.31522,-12.21001,start,,,,V,,0,600,1,distance,nmi,-70,I1,C1,DA1,DP1,start,WHB,,C,m2nmi-2,75.37675,29MO201903
Data,Record,386,2019-03-21T03:04:07,51.3152,-12.2366,start,,,,V,,0,600,1,distance,nmi,-70,I1,C1,DA1,DP1,start,MAV,,C,m2nmi-2,356.0438,29MO201903
Data,Record,386,2019-03-21T03:04:07,51.3152,-12.2366,start,,,,V,,0,600,1,distance,nmi,-70,I1,C1,DA1,DP1,start,WHB,,C,m2nmi-2,81.83991,29MO201903
Data,Record,387,2019-03-21T03:11:10,51.3152,-12.26315,start,,,,V,,0,600,1,distance,nmi,-70,I1,C1,DA1,DP1,start,MAV,,C,m2nmi-2,432.1147,29MO201903
Data,Record,387,2019-03-21T03:11:10,51.3152,-12.26315,start,,,,V,,0,600,1,distance,nmi,-70,I1,C1,DA1,DP1,start,WHB,,C,m2nmi-2,173.8927,29MO201903
Data,Record,388,2019-03-21T03:18:03,51.31518,-12.28976,start,,,,V,,0,600,1,distance,nmi,-70,I1,C1,DA1,DP1,start,MAV,,C,m2nmi-2,752.652,29MO201903
Data,Record,388,2019-03-21T03:18:03,51.31518,-12.28976,start,,,,V,,0,600,1,distance,nmi,-70,I1,C1,DA1,DP1,start,WHB,,C,m2nmi-2,121.0077,29MO201903
Data,Record,389,2019-03-21T03:25:16,51.31511,-12.31635,start,,,,V,,0,600,1,distance,nmi,-70,I1,C1,DA1,DP1,start,MAV,,C,m2nmi-2,166.0836,29MO201903
Data,Record,389,2019-03-21T03:25:16,51.31511,-12.31635,start,,,,V,,0,600,1,distance,nmi,-70,I1,C1,DA1,DP1,start,WHB,,C,m2nmi-2,391.5622,29MO201903
Data,Record,390,2019-03-21T03:32:27,51.31511,-12.34286,start,,,,V,,0,600,1,distance,nmi,-70,I1,C1,DA1,DP1,start,MAV,,C,m2nmi-2,1.439658,29MO201903
Data,Record,390,2019-03-21T03:32:27,51.31511,-12.34286,start,,,,V,,0,600,1,distance,nmi,-70,I1,C1,DA1,DP1,start,WHB,,C,m2nmi-2,64.76065,29MO201903
Data,Record,430,2019-03-21T10:34:34,51.31505,-13.00303,start,,,,V,,0,600,1,distance,nmi,-70,I1,C1,DA1,DP1,start,MAV,,C,m2nmi-2,14.0009,29MO201903
Data,Record,430,2019-03-21T10:34:34,51.31505,-13.00303,start,,,,V,,0,600,1,distance,nmi,-70,I1,C1,DA1,DP1,start,WHB,,C,m2nmi-2,714.4775,29MO201903
Data,Record,431,2019-03-21T10:41:36,51.31218,-12.99164,start,,,,V,,0,600,1,distance,nmi,-70,I1,C1,DA1,DP1,start,MAV,,C,m2nmi-2,108.7286,29MO201903
Data,Record,431,2019-03-21T10:41:36,51.31218,-12.99164,start,,,,V,,0,600,1,distance,nmi,-70,I1,C1,DA1,DP1,start,WHB,,C,m2nmi-2,3629.064,29MO201903
Data,Record,432,2019-03-21T10:47:22,51.31242,-12.965,start,,,,V,,0,600,1,distance,nmi,-70,I1,C1,DA1,DP1,start,MAV,,C,m2nmi-2,392.4106,29MO201903
Data,Record,432,2019-03-21T10:47:22,51.31242,-12.965,start,,,,V,,0,600,1,distance,nmi,-70,I1,C1,DA1,DP1,start,WHB,,C,m2nmi-2,4155.506,29MO201903
Data,Record,433,2019-03-21T10:53:03,51.3126,-12.93835,start,,,,V,,0,600,1,distance,nmi,-70,I1,C1,DA1,DP1,start,MAV,,C,m2nmi-2,506.5659,29MO201903
Data,Record,433,2019-03-21T10:53:03,51.3126,-12.93835,start,,,,V,,0,600,1,distance,nmi,-70,I1,C1,DA1,DP1,start,WHB,,C,m2nmi-2,5725.635,29MO201903
Data,Record,434,2019-03-21T10:58:45,51.31277,-12.91178,start,,,,V,,0,600,1,distance,nmi,-70,I1,C1,DA1,DP1,start,MAV,,C,m2nmi-2,580.7943,29MO201903
Data,Record,434,2019-03-21T10:58:45,51.31277,-12.91178,start,,,,V,,0,600,1,distance,nmi,-70,I1,C1,DA1,DP1,start,WHB,,C,m2nmi-2,3961.572,29MO201903
Data,Record,435,2019-03-21T11:04:26,51.31297,-12.88506,start,,,,V,,0,600,1,distance,nmi,-70,I1,C1,DA1,DP1,start,MAV,,C,m2nmi-2,83.11224,29MO201903
Data,Record,435,2019-03-21T11:04:26,51.31297,-12.88506,start,,,,V,,0,600,1,distance,nmi,-70,I1,C1,DA1,DP1,start,WHB,,C,m2nmi-2,3124.151,29MO201903
Data,Record,436,2019-03-21T11:10:06,51.31311,-12.85853,start,,,,V,,0,600,1,distance,nmi,-70,I1,C1,DA1,DP1,start,MAV,,C,m2nmi-2,184.3896,29MO201903
Data,Record,436,2019-03-21T11:10:06,51.31311,-12.85853,start,,,,V,,0,600,1,distance,nmi,-70,I1,C1,DA1,DP1,start,WHB,,C,m2nmi-2,3565.358,29MO201903
Data,Record,437,2019-03-21T11:15:47,51.31326,-12.83188,start,,,,V,,0,600,1,distance,nmi,-70,I1,C1,DA1,DP1,start,MAV,,C,m2nmi-2,138.8643,29MO201903
Data,Record,437,2019-03-21T11:15:47,51.31326,-12.83188,start,,,,V,,0,600,1,distance,nmi,-70,I1,C1,DA1,DP1,start,WHB,,C,m2nmi-2,3843.004,29MO201903
Data,Record,438,2019-03-21T11:21:22,51.3134,-12.80533,start,,,,V,,0,600,1,distance,nmi,-70,I1,C1,DA1,DP1,start,MAV,,C,m2nmi-2,328.7524,29MO201903
Data,Record,438,2019-03-21T11:21:22,51.3134,-12.80533,start,,,,V,,0,600,1,distance,nmi,-70,I1,C1,DA1,DP1,start,WHB,,C,m2nmi-2,4319.975,29MO201903
Data,Record,439,2019-03-21T11:26:55,51.31355,-12.77863,start,,,,V,,0,600,1,distance,nmi,-70,I1,C1,DA1,DP1,start,MAV,,C,m2nmi-2,101.8754,29MO201903
Data,Record,439,2019-03-21T11:26:55,51.31355,-12.77863,start,,,,V,,0,600,1,distance,nmi,-70,I1,C1,DA1,DP1,start,WHB,,C,m2nmi-2,6158.097,29MO201903
Data,Record,440,2019-03-21T11:32:32,51.3137,-12.752,start,,,,V,,0,600,1,distance,nmi,-70,I1,C1,DA1,DP1,start,MAV,,C,m2nmi-2,376.8333,29MO201903
Data,Record,440,2019-03-21T11:32:32,51.3137,-12.752,start,,,,V,,0,600,1,distance,nmi,-70,I1,C1,DA1,DP1,start,WHB,,C,m2nmi-2,5064.643,29MO201903
Data,Record,441,2019-03-21T11:38:10,51.31383,-12.72536,start,,,,V,,0,600,1,distance,nmi,-70,I1,C1,DA1,DP1,start,MAV,,C,m2nmi-2,84.68102,29MO201903
Data,Record,441,2019-03-21T11:38:10,51.31383,-12.72536,start,,,,V,,0,600,1,distance,nmi,-70,I1,C1,DA1,DP1,start,WHB,,C,m2nmi-2,10820.04,29MO201903
Data,Record,442,2019-03-21T11:43:53,51.31397,-12.69864,start,,,,V,,0,600,1,distance,nmi,-70,I1,C1,DA1,DP1,start,MAV,,C,m2nmi-2,323.4543,29MO201903
Data,Record,442,2019-03-21T11:43:53,51.31397,-12.69864,start,,,,V,,0,600,1,distance,nmi,-70,I1,C1,DA1,DP1,start,WHB,,C,m2nmi-2,6808.791,29MO201903
Data,Record,443,2019-03-21T11:49:34,51.31411,-12.67198,start,,,,V,,0,600,1,distance,nmi,-70,I1,C1,DA1,DP1,start,MAV,,C,m2nmi-2,514.8628,29MO201903
Data,Record,443,2019-03-21T11:49:34,51.31411,-12.67198,start,,,,V,,0,600,1,distance,nmi,-70,I1,C1,DA1,DP1,start,WHB,,C,m2nmi-2,2958.146,29MO201903
Data,Record,444,2019-03-21T11:55:12,51.31419,-12.64535,start,,,,V,,0,600,1,distance,nmi,-70,I1,C1,DA1,DP1,start,MAV,,C,m2nmi-2,172.0661,29MO201903
Data,Record,444,2019-03-21T11:55:12,51.31419,-12.64535,start,,,,V,,0,600,1,distance,nmi,-70,I1,C1,DA1,DP1,start,WHB,,C,m2nmi-2,2990.621,29MO201903
Data,Record,445,2019-03-21T12:00:47,51.31432,-12.61875,start,,,,V,,0,600,1,distance,nmi,-70,I1,C1,DA1,DP1,start,MAV,,C,m2nmi-2,69.37435,29MO201903
Data,Record,445,2019-03-21T12:00:47,51.31432,-12.61875,start,,,,V,,0,600,1,distance,nmi,-70,I1,C1,DA1,DP1,start,WHB,,C,m2nmi-2,1661.35,29MO201903
Data,Record,446,2019-03-21T12:06:25,51.3144,-12.59204,start,,,,V,,0,600,1,distance,nmi,-70,I1,C1,DA1,DP1,start,MAV,,C,m2nmi-2,132.2152,29MO201903
Data,Record,446,2019-03-21T12:06:25,51.3144,-12.59204,start,,,,V,,0,600,1,distance,nmi,-70,I1,C1,DA1,DP1,start,WHB,,C,m2nmi-2,179.7691,29MO201903
Data,Record,447,2019-03-21T12:12:00,51.31449,-12.56544,start,,,,V,,0,600,1,distance,nmi,-70,I1,C1,DA1,DP1,start,MAV,,C,m2nmi-2,194.3915,29MO201903
Data,Record,447,2019-03-21T12:12:00,51.31449,-12.56544,start,,,,V,,0,600,1,distance,nmi,-70,I1,C1,DA1,DP1,start,WHB,,C,m2nmi-2,28.91702,29MO201903
Data,Record,448,2019-03-21T12:17:35,51.31459,-12.53891,start,,,,V,,0,600,1,distance,nmi,-70,I1,C1,DA1,DP1,start,MAV,,C,m2nmi-2,292.0166,29MO201903
Data,Record,448,2019-03-21T12:17:35,51.31459,-12.53891,start,,,,V,,0,600,1,distance,nmi,-70,I1,C1,DA1,DP1,start,WHB,,C,m2nmi-2,43.47227,29MO201903
Data,Record,449,2019-03-21T12:23:10,51.31466,-12.51218,start,,,,V,,0,600,1,distance,nmi,-70,I1,C1,DA1,DP1,start,MAV,,C,m2nmi-2,142.3864,29MO201903
Data,Record,449,2019-03-21T12:23:10,51.31466,-12.51218,start,,,,V,,0,600,1,distance,nmi,-70,I1,C1,DA1,DP1,start,WHB,,C,m2nmi-2,27.22873,29MO201903
Data,Record,450,2019-03-21T12:28:45,51.31476,-12.48551,start,,,,V,,0,600,1,distance,nmi,-70,I1,C1,DA1,DP1,start,MAV,,C,m2nmi-2,326.0346,29MO201903
Data,Record,450,2019-03-21T12:28:45,51.31476,-12.48551,start,,,,V,,0,600,1,distance,nmi,-70,I1,C1,DA1,DP1,start,WHB,,C,m2nmi-2,2214.703,29MO201903
Data,Record,451,2019-03-21T12:34:15,51.31486,-12.45908,start,,,,V,,0,600,1,distance,nmi,-70,I1,C1,DA1,DP1,start,MAV,,C,m2nmi-2,505.8078,29MO201903
Data,Record,451,2019-03-21T12:34:15,51.31486,-12.45908,start,,,,V,,0,600,1,distance,nmi,-70,I1,C1,DA1,DP1,start,WHB,,C,m2nmi-2,12.6768,29MO201903
Data,Record,452,2019-03-21T12:39:50,51.3149,-12.4323,start,,,,V,,0,600,1,distance,nmi,-70,I1,C1,DA1,DP1,start,MAV,,C,m2nmi-2,68.25712,29MO201903
Data,Record,452,2019-03-21T12:39:50,51.3149,-12.4323,start,,,,V,,0,600,1,distance,nmi,-70,I1,C1,DA1,DP1,start,WHB,,C,m2nmi-2,65.33047,29MO201903
Data,Record,453,2019-03-21T12:45:28,51.31498,-12.40569,start,,,,V,,0,600,1,distance,nmi,-70,I1,C1,DA1,DP1,start,MAV,,C,m2nmi-2,48.21762,29MO201903
Data,Record,453,2019-03-21T12:45:28,51.31498,-12.40569,start,,,,V,,0,600,1,distance,nmi,-70,I1,C1,DA1,DP1,start,WHB,,C,m2nmi-2,46.50706,29MO201903
Data,Record,454,2019-03-21T12:51:06,51.31501,-12.37914,start,,,,V,,0,600,1,distance,nmi,-70,I1,C1,DA1,DP1,start,MAV,,C,m2nmi-2,32.80028,29MO201903
Data,Record,454,2019-03-21T12:51:06,51.31501,-12.37914,start,,,,V,,0,600,1,distance,nmi,-70,I1,C1,DA1,DP1,start,WHB,,C,m2nmi-2,116.3948,29MO201903
Data,Record,455,2019-03-21T12:56:46,51.31505,-12.35246,start,,,,V,,0,600,1,distance,nmi,-70,I1,C1,DA1,DP1,start,MAV,,C,m2nmi-2,13.29834,29MO201903
Data,Record,455,2019-03-21T12:56:46,51.31505,-12.35246,start,,,,V,,0,600,1,distance,nmi,-70,I1,C1,DA1,DP1,start,WHB,,C,m2nmi-2,59.53485,29MO201903
Data,Record,456,2019-03-21T13:02:51,51.30734,-12.33208,start,,,,V,,0,600,1,distance,nmi,-70,I1,C1,DA1,DP1,start,MAV,,C,m2nmi-2,0,29MO201903
Data,Record,456,2019-03-21T13:02:51,51.30734,-12.33208,start,,,,V,,0,600,1,distance,nmi,-70,I1,C1,DA1,DP1,start,WHB,,C,m2nmi-2,0,29MO201903
