﻿Cruise,Header,CruiseSurvey,CruiseCountry,CruisePlatform,CruiseStartDate,CruiseEndDate,CruiseOrganisation,CruiseLocalID
Cruise,Record,IBWSS,ES,29VE,2022-02-25,2022-03-10,1404,29VE202202
Haul,Header,CruiseLocalID,HaulGear,HaulNumber,HaulStationName,HaulStartTime,HaulDuration,HaulValidity,HaulStartLatitude,HaulStartLongitude,HaulStopLatitude,HaulStopLongitude,HaulStatisticalRectangle,HaulMinTrawlDepth,HaulMaxTrawlDepth,HaulBottomDepth,HaulDistance,HaulNetopening,HaulCodendMesh,HaulSweepLength,HaulGearExceptions,HaulDoorType,HaulWarpLength,HaulWarpDiameter,HaulWarpDensity,HaulDoorSurface,HaulDoorWeight,HaulDoorSpread,HaulWingSpread,HaulBuoyancy,HaulKiteArea,HaulGroundRopeWeight,HaulRigging,HaulTickler,HaulHydrographicStationID,HaulTowDirection,HaulSpeedGround,HaulSpeedWater,HaulWindDirection,HaulWindSpeed,HaulSwellDirection,HaulSwellHeight,HaulLogDistance,HaulStratum
Haul,Record,29VE202202,PEL,1,1,2022-03-02T12:21,29,V,51.238003,-11.668833,51.239334,-11.720166,,438,496,1076,,22,,,,,,,,,,150,,,,,,,,,,,258,9,180,2.5,,
Haul,Record,29VE202202,PEL,2,2,2022-03-04T11:30,43,V,51.968166,-12.179499,51.969,-12.179499,,507,509,830,,20,,,,,,,,,,164,,,,,,,,,,,196,2,270,1.5,,
Catch,Header,CruiseLocalID,HaulGear,HaulNumber,CatchDataType,CatchSpeciesCode,CatchSpeciesValidity,CatchSpeciesCategory,CatchSpeciesCategoryNumber,CatchWeightUnit,CatchSpeciesCategoryWeight,CatchSpeciesSex,CatchSubsampledNumber,CatchSubsamplingFactor,CatchSubsampleWeight,CatchLengthCode,CatchLengthClass,CatchLengthType,CatchNumberAtLength,CatchWeightAtLength
Catch,Record,29VE202202,PEL,1,R,126439,1,1,1952,kg,,,40,,,,,,,
Catch,Record,29VE202202,PEL,2,R,126439,1,1,11868,kg,,,40,,,,,,,
Biology,Header,CruiseLocalID,HaulGear,HaulNumber,CatchSpeciesCode,CatchSpeciesCategory,BiologyStockCode,BiologyFishID,BiologyLengthCode,BiologyLengthClass,BiologyWeightUnit,BiologyIndividualWeight,BiologyIndividualSex,BiologyIndividualMaturity,BiologyMaturityScale,BiologyIndividualAge,BiologyIndividualGrowthRings,BiologyAgePlusGroup,BiologyAgeSource,BiologyGeneticSamplingFlag,BiologyStomachSamplingFlag,BiologyParasiteSamplingFlag,BiologyIndividualVertebraeCount
Biology,Record,29VE202202,PEL,1,126439,1,,28,cm,21,gr,44,M,W3,WS6,2,,,Otolith,,,,
Biology,Record,29VE202202,PEL,1,126439,1,,29,cm,21,gr,49,M,W3,WS6,2,,,Otolith,,,,
Biology,Record,29VE202202,PEL,1,126439,1,,31,cm,21,gr,49,M,W4,WS6,2,,,Otolith,,,,
Biology,Record,29VE202202,PEL,1,126439,1,,33,cm,21,gr,50,M,W3,WS6,2,,,Otolith,,,,
Biology,Record,29VE202202,PEL,1,126439,1,,1,cm,22,gr,57,F,W4,WS6,2,,,Otolith,,,,
Biology,Record,29VE202202,PEL,1,126439,1,,6,cm,22,gr,46,F,W3,WS6,2,,,Otolith,,,,
Biology,Record,29VE202202,PEL,1,126439,1,,20,cm,22,gr,50,M,W2,WS6,2,,,Otolith,,,,
Biology,Record,29VE202202,PEL,1,126439,1,,22,cm,22,gr,52,M,W3,WS6,2,,,Otolith,,,,
Biology,Record,29VE202202,PEL,1,126439,1,,23,cm,22,gr,65,M,W3,WS6,2,,,Otolith,,,,
Biology,Record,29VE202202,PEL,1,126439,1,,30,cm,22,gr,48,M,W2,WS6,2,,,Otolith,,,,
Biology,Record,29VE202202,PEL,1,126439,1,,37,cm,22,gr,49,M,W2,WS6,2,,,Otolith,,,,
Biology,Record,29VE202202,PEL,1,126439,1,,5,cm,23,gr,65,F,W3,WS6,2,,,Otolith,,,,
Biology,Record,29VE202202,PEL,1,126439,1,,9,cm,23,gr,62,F,W3,WS6,2,,,Otolith,,,,
Biology,Record,29VE202202,PEL,1,126439,1,,15,cm,23,gr,63,F,W3,WS6,2,,,Otolith,,,,
Biology,Record,29VE202202,PEL,1,126439,1,,19,cm,23,gr,63,F,W3,WS6,2,,,Otolith,,,,
Biology,Record,29VE202202,PEL,1,126439,1,,21,cm,23,gr,68,M,W3,WS6,2,,,Otolith,,,,
Biology,Record,29VE202202,PEL,1,126439,1,,24,cm,23,gr,64,M,W4,WS6,2,,,Otolith,,,,
Biology,Record,29VE202202,PEL,1,126439,1,,26,cm,23,gr,57,M,W2,WS6,2,,,Otolith,,,,
Biology,Record,29VE202202,PEL,1,126439,1,,32,cm,23,gr,59,M,W2,WS6,2,,,Otolith,,,,
Biology,Record,29VE202202,PEL,1,126439,1,,35,cm,23,gr,61,M,W3,WS6,2,,,Otolith,,,,
Biology,Record,29VE202202,PEL,1,126439,1,,36,cm,23,gr,63,M,W3,WS6,2,,,Otolith,,,,
Biology,Record,29VE202202,PEL,1,126439,1,,38,cm,23,gr,60,M,W2,WS6,3,,,Otolith,,,,
Biology,Record,29VE202202,PEL,1,126439,1,,39,cm,23,gr,66,M,W3,WS6,2,,,Otolith,,,,
Biology,Record,29VE202202,PEL,1,126439,1,,2,cm,24,gr,76,F,W5,WS6,2,,,Otolith,,,,
Biology,Record,29VE202202,PEL,1,126439,1,,10,cm,24,gr,74,F,W3,WS6,2,,,Otolith,,,,
Biology,Record,29VE202202,PEL,1,126439,1,,12,cm,24,gr,64,F,W4,WS6,2,,,Otolith,,,,
Biology,Record,29VE202202,PEL,1,126439,1,,13,cm,24,gr,75,F,W3,WS6,2,,,Otolith,,,,
Biology,Record,29VE202202,PEL,1,126439,1,,14,cm,24,gr,77,F,W2,WS6,2,,,Otolith,,,,
Biology,Record,29VE202202,PEL,1,126439,1,,27,cm,24,gr,74,M,W3,WS6,4,,,Otolith,,,,
Biology,Record,29VE202202,PEL,1,126439,1,,34,cm,24,gr,69,M,W3,WS6,5,,,Otolith,,,,
Biology,Record,29VE202202,PEL,1,126439,1,,40,cm,25,gr,76,M,W3,WS6,3,,,Otolith,,,,
Biology,Record,29VE202202,PEL,1,126439,1,,3,cm,26,gr,84,F,W3,WS6,3,,,Otolith,,,,
Biology,Record,29VE202202,PEL,1,126439,1,,4,cm,26,gr,82,F,W3,WS6,2,,,Otolith,,,,
Biology,Record,29VE202202,PEL,1,126439,1,,16,cm,26,gr,89,F,W2,WS6,3,,,Otolith,,,,
Biology,Record,29VE202202,PEL,1,126439,1,,17,cm,26,gr,83,F,W4,WS6,3,,,Otolith,,,,
Biology,Record,29VE202202,PEL,1,126439,1,,7,cm,27,gr,84,F,W4,WS6,3,,,Otolith,,,,
Biology,Record,29VE202202,PEL,1,126439,1,,8,cm,27,gr,69,F,W3,WS6,2,,,Otolith,,,,
Biology,Record,29VE202202,PEL,1,126439,1,,25,cm,27,gr,100,M,W3,WS6,3,,,Otolith,,,,
Biology,Record,29VE202202,PEL,1,126439,1,,18,cm,28,gr,99,F,W5,WS6,3,,,Otolith,,,,
Biology,Record,29VE202202,PEL,1,126439,1,,11,cm,29,gr,122,F,W5,WS6,3,,,Otolith,,,,
Biology,Record,29VE202202,PEL,2,126439,1,,72,cm,21,gr,49,M,W3,WS6,2,,,Otolith,,,,
Biology,Record,29VE202202,PEL,2,126439,1,,57,cm,22,gr,53,M,W2,WS6,2,,,Otolith,,,,
Biology,Record,29VE202202,PEL,2,126439,1,,69,cm,22,gr,53,M,W2,WS6,2,,,Otolith,,,,
Biology,Record,29VE202202,PEL,2,126439,1,,74,cm,22,gr,56,F,W3,WS6,2,,,Otolith,,,,
Biology,Record,29VE202202,PEL,2,126439,1,,76,cm,22,gr,62,M,W1,WS6,2,,,Otolith,,,,
Biology,Record,29VE202202,PEL,2,126439,1,,56,cm,23,gr,53,F,W4,WS6,2,,,Otolith,,,,
Biology,Record,29VE202202,PEL,2,126439,1,,59,cm,23,gr,56,F,W4,WS6,2,,,Otolith,,,,
Biology,Record,29VE202202,PEL,2,126439,1,,42,cm,24,gr,61,F,W3,WS6,2,,,Otolith,,,,
Biology,Record,29VE202202,PEL,2,126439,1,,46,cm,24,gr,68,F,W4,WS6,3,,,Otolith,,,,
Biology,Record,29VE202202,PEL,2,126439,1,,58,cm,25,gr,76,M,W2,WS6,3,,,Otolith,,,,
Biology,Record,29VE202202,PEL,2,126439,1,,63,cm,25,gr,78,M,W2,WS6,3,,,Otolith,,,,
Biology,Record,29VE202202,PEL,2,126439,1,,48,cm,26,gr,99,M,W3,WS6,3,,,Otolith,,,,
Biology,Record,29VE202202,PEL,2,126439,1,,66,cm,26,gr,62,M,W2,WS6,3,,,Otolith,,,,
Biology,Record,29VE202202,PEL,2,126439,1,,68,cm,26,gr,78,M,W2,WS6,5,,,Otolith,,,,
Biology,Record,29VE202202,PEL,2,126439,1,,70,cm,26,gr,88,M,W3,WS6,4,,,Otolith,,,,
Biology,Record,29VE202202,PEL,2,126439,1,,43,cm,27,gr,99,M,W2,WS6,4,,,Otolith,,,,
Biology,Record,29VE202202,PEL,2,126439,1,,50,cm,27,gr,96,F,W3,WS6,3,,,Otolith,,,,
Biology,Record,29VE202202,PEL,2,126439,1,,54,cm,27,gr,90,M,W3,WS6,4,,,Otolith,,,,
Biology,Record,29VE202202,PEL,2,126439,1,,60,cm,27,gr,101,M,W1,WS6,4,,,Otolith,,,,
Biology,Record,29VE202202,PEL,2,126439,1,,61,cm,27,gr,84,F,W4,WS6,4,,,Otolith,,,,
Biology,Record,29VE202202,PEL,2,126439,1,,71,cm,27,gr,104,F,W4,WS6,4,,,Otolith,,,,
Biology,Record,29VE202202,PEL,2,126439,1,,75,cm,27,gr,95,M,W2,WS6,3,,,Otolith,,,,
Biology,Record,29VE202202,PEL,2,126439,1,,41,cm,28,gr,107,F,W3,WS6,4,,,Otolith,,,,
Biology,Record,29VE202202,PEL,2,126439,1,,52,cm,28,gr,106,M,W1,WS6,3,,,Otolith,,,,
Biology,Record,29VE202202,PEL,2,126439,1,,51,cm,29,gr,92,M,W2,WS6,6,,,Otolith,,,,
Biology,Record,29VE202202,PEL,2,126439,1,,62,cm,29,gr,117,M,W2,WS6,4,,,Otolith,,,,
Biology,Record,29VE202202,PEL,2,126439,1,,65,cm,29,gr,128,M,W3,WS6,5,,,Otolith,,,,
Biology,Record,29VE202202,PEL,2,126439,1,,67,cm,29,gr,180,F,W4,WS6,5,,,Otolith,,,,
Biology,Record,29VE202202,PEL,2,126439,1,,80,cm,29,gr,112,F,W4,WS6,4,,,Otolith,,,,
Biology,Record,29VE202202,PEL,2,126439,1,,44,cm,30,gr,123,M,W2,WS6,7,,,Otolith,,,,
Biology,Record,29VE202202,PEL,2,126439,1,,47,cm,30,gr,143,F,W3,WS6,5,,,Otolith,,,,
Biology,Record,29VE202202,PEL,2,126439,1,,64,cm,30,gr,133,F,W3,WS6,3,,,Otolith,,,,
Biology,Record,29VE202202,PEL,2,126439,1,,73,cm,30,gr,129,F,W4,WS6,5,,,Otolith,,,,
Biology,Record,29VE202202,PEL,2,126439,1,,77,cm,31,gr,120,F,W4,WS6,8,,,Otolith,,,,
Biology,Record,29VE202202,PEL,2,126439,1,,55,cm,32,gr,149,F,W4,WS6,4,,,Otolith,,,,
Biology,Record,29VE202202,PEL,2,126439,1,,78,cm,33,gr,156,F,W4,WS6,6,,,Otolith,,,,
Biology,Record,29VE202202,PEL,2,126439,1,,45,cm,34,gr,196,F,W4,WS6,5,,,Otolith,,,,
Biology,Record,29VE202202,PEL,2,126439,1,,79,cm,34,gr,206,M,W4,WS6,6,,,Otolith,,,,
Biology,Record,29VE202202,PEL,2,126439,1,,53,cm,35,gr,223,F,W4,WS6,5,,,Otolith,,,,
Biology,Record,29VE202202,PEL,2,126439,1,,49,cm,46,gr,506,F,W3,WS6,10,,,Otolith,,,,

