﻿Cruise,Header,CruiseSurvey,CruiseCountry,CruisePlatform,CruiseStartDate,CruiseEndDate,CruiseOrganisation,CruiseLocalID
Cruise,Record,IBWSS,NO,58VK,2021-03-21,2021-04-08,612,2021818
Haul,Header,CruiseLocalID,HaulGear,HaulNumber,HaulStationName,HaulStartTime,HaulDuration,HaulValidity,HaulStartLatitude,HaulStartLongitude,HaulStopLatitude,HaulStopLongitude,HaulStatisticalRectangle,HaulMinTrawlDepth,HaulMaxTrawlDepth,HaulBottomDepth,HaulDistance,HaulNetopening,HaulCodendMesh,HaulSweepLength,HaulGearExceptions,HaulDoorType,HaulWarpLength,HaulWarpDiameter,HaulWarpDensity,HaulDoorSurface,HaulDoorWeight,HaulDoorSpread,HaulWingSpread,HaulBuoyancy,HaulKiteArea,HaulGroundRopeWeight,HaulRigging,HaulTickler,HaulHydrographicStationID,HaulTowDirection,HaulSpeedGround,HaulSpeedWater,HaulWindDirection,HaulWindSpeed,HaulSwellDirection,HaulSwellHeight,HaulLogDistance,HaulStratum
Haul,Record,2021818,PEL,37201,45,2021-03-25 04:40,10,I,54.56119,-10.939752,54.5656,-10.927813,38D9,619.7,635.2,,912,164.9,,,,,750,,,,,348.2,,,,,,,,56,,,,,,,,
Haul,Record,2021818,PEL,37202,46,2021-03-25 17:26,10,I,54.24471,-11.595685,54.25264,-11.59539,37D8,350,429,719.23,882,65,,,,,780,,,,,240,,,,,,,,20,,,,,,,,
Haul,Record,2021818,PEL,37203,47,2021-03-26 05:57,33,I,54.01196,-12.120845,54.00237,-12.079998,37D7,314,374,437.64,2874,40,,,,,732,,,,,238,,,,,,,,75,,,,,,,,
Haul,Record,2021818,PEL,37204,48,2021-03-29 10:56,9,I,56.19748,-9.281778,56.19842,-9.294,41E0,430,440,,763,9,,,,,770,,,,,100,,,,,,,,274,,,,,,,,
Haul,Record,2021818,PEL,37205,49,2021-03-30 20:43,12,I,57.21238,-9.38249,57.20441,-9.382893,43E0,398,413,594.38,886,40,,,,,731,,,,,240,,,,,,,,183,,,,,,,,
Haul,Record,2021818,PEL,37206,50,2021-03-31 05:39,21,I,57.87323,-9.56189,57.85889,-9.564508,44E0,263,296,411.53,1602,38,,,,,673,,,,,238,,,,,,,,184,,,,,,,,
Haul,Record,2021818,PEL,37207,51,2021-04-02 08:34,33,I,59.94201,-13.28645,59.9441,-13.349945,48D6,389,442,,3544,40,,,,,868,,,,,252,,,,,,,,287,,,,,,,,
Haul,Record,2021818,PEL,37208,52,2021-04-03 06:52,61,I,59.89379,-7.113892,59.89069,-7.01632,48E2,335,446,,5453,40,,,,,971,,,,,248,,,,,,,,95,,,,,,,,
Haul,Record,2021818,PEL,37209,53,2021-04-03 15:51,27,I,59.99526,-5.111697,60.00323,-5.061083,48E4,343,360,470.28,2950,40,,,,,733,,,,,237,,,,,,,,87,,,,,,,,
Catch,Header,CruiseLocalID,HaulGear,HaulNumber,CatchDataType,CatchSpeciesCode,CatchSpeciesValidity,CatchSpeciesCategory,CatchSpeciesCategoryNumber,CatchWeightUnit,CatchSpeciesCategoryWeight,CatchSpeciesSex,CatchSubsampledNumber,CatchSubsamplingFactor,CatchSubsampleWeight,CatchLengthCode,CatchLengthClass,CatchLengthType,CatchNumberAtLength,CatchWeightAtLength
Catch,Record,2021818,PEL,37201,R,10309,1,1,4,kg,0.014,,4,1,0.014,,,1,4,
Catch,Record,2021818,PEL,37201,R,126439,1,1,2999,kg,340,,100,29.99,11.338,,,1,100,
Catch,Record,2021818,PEL,37201,R,274967,1,1,2,kg,0.012,,2,1,0.012,,,1,2,
Catch,Record,2021818,PEL,37202,R,11760,1,1,6,kg,0.405,,1,6,0.066,,,1,1,
Catch,Record,2021818,PEL,37202,R,126439,1,1,3296,kg,368.894,,100,32.96,11.192,,,1,100,
Catch,Record,2021818,PEL,37202,R,126580,1,1,67,kg,0.11,,11,6.090909,0.018,,,1,11,
Catch,Record,2021818,PEL,37202,R,127312,1,1,128,kg,0.061,,21,6.095238,0.01,,,1,21,
Catch,Record,2021818,PEL,37202,R,274967,1,1,31,kg,0.129,,5,6.2,0.021,,,1,5,
Catch,Record,2021818,PEL,37203,R,10309,1,1,1181,kg,6.69,,30,39.36667,0.17,,,1,30,
Catch,Record,2021818,PEL,37203,R,106669,1,1,8,kg,0.02,,,,0,,,1,,
Catch,Record,2021818,PEL,37203,R,11707,1,1,6,kg,0.132,,3,2,0.066,,,1,3,
Catch,Record,2021818,PEL,37203,R,11760,1,1,4,kg,0.412,,2,2,0.206,,,1,2,
Catch,Record,2021818,PEL,37203,R,126352,1,1,4,kg,0.036,,2,2,0.018,,,1,2,
Catch,Record,2021818,PEL,37203,R,126435,1,1,4,kg,0.092,,2,2,0.046,,,1,2,
Catch,Record,2021818,PEL,37203,R,126439,1,1,634,kg,67.188,,100,6.34,10.594,,,1,100,
Catch,Record,2021818,PEL,37203,R,274967,1,1,14,kg,0.008,,7,2,0.004,,,1,7,
Catch,Record,2021818,PEL,37204,R,126439,1,1,3223,kg,420,,100,32.23,13.032,,,1,100,
Catch,Record,2021818,PEL,37205,R,126352,1,1,8,kg,0.064,,2,4,0.016,,,1,2,
Catch,Record,2021818,PEL,37205,R,126439,1,1,1659,kg,180,,100,16.59,10.848,,,1,100,
Catch,Record,2021818,PEL,37205,R,127312,1,1,4,kg,0.004,,1,4,0.001,,,1,1,
Catch,Record,2021818,PEL,37206,R,11760,1,1,5,kg,0.152,,1,5,0.028,,,1,1,
Catch,Record,2021818,PEL,37206,R,126352,1,1,16,kg,0.119,,3,5.333333,0.022,,,1,3,
Catch,Record,2021818,PEL,37206,R,126439,1,1,7152,kg,208.97,,100,71.52,2.922,,,1,100,
Catch,Record,2021818,PEL,37206,R,127312,1,1,6,kg,0.011,,1,6,0.002,,,1,1,
Catch,Record,2021818,PEL,37207,R,126439,1,1,4472,kg,760,,100,44.72,16.996,,,1,100,
Catch,Record,2021818,PEL,37207,R,126580,1,1,1100,kg,1.76,,30,36.666668,0.048,,,1,30,
Catch,Record,2021818,PEL,37207,R,127312,1,1,50,kg,0.025,,4,12.5,0.002,,,1,4,
Catch,Record,2021818,PEL,37208,R,1128,1,1,18034,kg,4.809,,,,0,,,1,,
Catch,Record,2021818,PEL,37208,R,11760,1,1,15,kg,4.364,,15,1,4.364,,,1,15,
Catch,Record,2021818,PEL,37208,R,126352,1,1,27,kg,0.267,,2,13.5,0.02,,,1,2,
Catch,Record,2021818,PEL,37208,R,127312,1,1,6111,kg,3.259,,30,203.7,0.016,,,1,30,
Catch,Record,2021818,PEL,37209,R,126439,1,1,15352,kg,494.944,,100,153.52,3.224,,,1,100,
Catch,Record,2021818,PEL,37209,R,127312,1,1,27,kg,0.0067,,2,13.5,0.0005,,,1,2,
Biology,Header,CruiseLocalID,HaulGear,HaulNumber,CatchSpeciesCode,CatchSpeciesCategory,BiologyStockCode,BiologyFishID,BiologyLengthCode,BiologyLengthClass,BiologyWeightUnit,BiologyIndividualWeight,BiologyIndividualSex,BiologyIndividualMaturity,BiologyMaturityScale,BiologyIndividualAge,BiologyIndividualGrowthRings,BiologyAgePlusGroup,BiologyAgeSource,BiologyGeneticSamplingFlag,BiologyStomachSamplingFlag,BiologyParasiteSamplingFlag,BiologyIndividualVertebraeCount
Biology,Record,2021818,PEL,37201,10309,1,,1,halfcm,45,gr,,,,M6,,,,Otolith,,,,
Biology,Record,2021818,PEL,37201,10309,1,,2,halfcm,65,gr,,,,M6,,,,Otolith,,,,
Biology,Record,2021818,PEL,37201,10309,1,,4,halfcm,80,gr,,,,M6,,,,Otolith,,,,
Biology,Record,2021818,PEL,37201,10309,1,,3,halfcm,85,gr,,,,M6,,,,Otolith,,,,
Biology,Record,2021818,PEL,37201,126439,1,,65,halfcm,235,gr,62,,,M6,,,,Otolith,,,,
Biology,Record,2021818,PEL,37201,126439,1,,83,halfcm,240,gr,60,,,M6,,,,Otolith,,,,
Biology,Record,2021818,PEL,37201,126439,1,,16,halfcm,245,gr,72,M,64,M6,2,,,Otolith,,,,
Biology,Record,2021818,PEL,37201,126439,1,,71,halfcm,245,gr,72,,,M6,,,,Otolith,,,,
Biology,Record,2021818,PEL,37201,126439,1,,90,halfcm,245,gr,82,,,M6,,,,Otolith,,,,
Biology,Record,2021818,PEL,37201,126439,1,,8,halfcm,250,gr,80,M,62,M6,3,,,Otolith,,,,
Biology,Record,2021818,PEL,37201,126439,1,,26,halfcm,250,gr,86,M,64,M6,2,,,Otolith,,,,
Biology,Record,2021818,PEL,37201,126439,1,,61,halfcm,250,gr,80,,,M6,,,,Otolith,,,,
Biology,Record,2021818,PEL,37201,126439,1,,70,halfcm,250,gr,74,,,M6,,,,Otolith,,,,
Biology,Record,2021818,PEL,37201,126439,1,,78,halfcm,250,gr,82,,,M6,,,,Otolith,,,,
Biology,Record,2021818,PEL,37201,126439,1,,89,halfcm,250,gr,82,,,M6,,,,Otolith,,,,
Biology,Record,2021818,PEL,37201,126439,1,,93,halfcm,250,gr,78,,,M6,,,,Otolith,,,,
Biology,Record,2021818,PEL,37201,126439,1,,99,halfcm,250,gr,78,,,M6,,,,Otolith,,,,
Biology,Record,2021818,PEL,37201,126439,1,,19,halfcm,255,gr,80,M,62,M6,4,,,Otolith,,,,
Biology,Record,2021818,PEL,37201,126439,1,,54,halfcm,255,gr,82,,,M6,,,,Otolith,,,,
Biology,Record,2021818,PEL,37201,126439,1,,81,halfcm,255,gr,78,,,M6,,,,Otolith,,,,
Biology,Record,2021818,PEL,37201,126439,1,,96,halfcm,255,gr,74,,,M6,,,,Otolith,,,,
Biology,Record,2021818,PEL,37201,126439,1,,4,halfcm,260,gr,80,F,64,M6,2,,,Otolith,,,,
Biology,Record,2021818,PEL,37201,126439,1,,10,halfcm,260,gr,84,M,64,M6,4,,,Otolith,,,,
Biology,Record,2021818,PEL,37201,126439,1,,59,halfcm,260,gr,90,,,M6,,,,Otolith,,,,
Biology,Record,2021818,PEL,37201,126439,1,,60,halfcm,260,gr,80,,,M6,,,,Otolith,,,,
Biology,Record,2021818,PEL,37201,126439,1,,73,halfcm,260,gr,96,,,M6,,,,Otolith,,,,
Biology,Record,2021818,PEL,37201,126439,1,,74,halfcm,260,gr,86,,,M6,,,,Otolith,,,,
Biology,Record,2021818,PEL,37201,126439,1,,79,halfcm,260,gr,100,,,M6,,,,Otolith,,,,
Biology,Record,2021818,PEL,37201,126439,1,,91,halfcm,260,gr,98,,,M6,,,,Otolith,,,,
Biology,Record,2021818,PEL,37201,126439,1,,9,halfcm,265,gr,86,F,62,M6,2,,,Otolith,,,,
Biology,Record,2021818,PEL,37201,126439,1,,25,halfcm,265,gr,88,F,64,M6,2,,,Otolith,,,,
Biology,Record,2021818,PEL,37201,126439,1,,39,halfcm,265,gr,86,,,M6,,,,Otolith,,,,
Biology,Record,2021818,PEL,37201,126439,1,,42,halfcm,265,gr,94,,,M6,,,,Otolith,,,,
Biology,Record,2021818,PEL,37201,126439,1,,46,halfcm,265,gr,84,,,M6,,,,Otolith,,,,
Biology,Record,2021818,PEL,37201,126439,1,,66,halfcm,265,gr,90,,,M6,,,,Otolith,,,,
Biology,Record,2021818,PEL,37201,126439,1,,72,halfcm,265,gr,82,,,M6,,,,Otolith,,,,
Biology,Record,2021818,PEL,37201,126439,1,,75,halfcm,265,gr,94,,,M6,,,,Otolith,,,,
Biology,Record,2021818,PEL,37201,126439,1,,77,halfcm,265,gr,86,,,M6,,,,Otolith,,,,
Biology,Record,2021818,PEL,37201,126439,1,,88,halfcm,265,gr,88,,,M6,,,,Otolith,,,,
Biology,Record,2021818,PEL,37201,126439,1,,7,halfcm,270,gr,100,M,64,M6,4,,,Otolith,,,,
Biology,Record,2021818,PEL,37201,126439,1,,13,halfcm,270,gr,120,F,62,M6,2,,,Otolith,,,,
Biology,Record,2021818,PEL,37201,126439,1,,15,halfcm,270,gr,92,F,64,M6,2,,,Otolith,,,,
Biology,Record,2021818,PEL,37201,126439,1,,43,halfcm,270,gr,106,,,M6,,,,Otolith,,,,
Biology,Record,2021818,PEL,37201,126439,1,,52,halfcm,270,gr,90,,,M6,,,,Otolith,,,,
Biology,Record,2021818,PEL,37201,126439,1,,67,halfcm,270,gr,86,,,M6,,,,Otolith,,,,
Biology,Record,2021818,PEL,37201,126439,1,,76,halfcm,270,gr,106,,,M6,,,,Otolith,,,,
Biology,Record,2021818,PEL,37201,126439,1,,20,halfcm,275,gr,98,F,64,M6,2,,,Otolith,,,,
Biology,Record,2021818,PEL,37201,126439,1,,34,halfcm,275,gr,110,,,M6,,,,Otolith,,,,
Biology,Record,2021818,PEL,37201,126439,1,,45,halfcm,275,gr,98,,,M6,,,,Otolith,,,,
Biology,Record,2021818,PEL,37201,126439,1,,49,halfcm,275,gr,96,,,M6,,,,Otolith,,,,
Biology,Record,2021818,PEL,37201,126439,1,,80,halfcm,275,gr,98,,,M6,,,,Otolith,,,,
Biology,Record,2021818,PEL,37201,126439,1,,6,halfcm,280,gr,110,F,62,M6,3,,,Otolith,,,,
Biology,Record,2021818,PEL,37201,126439,1,,22,halfcm,280,gr,122,F,64,M6,2,,,Otolith,,,,
Biology,Record,2021818,PEL,37201,126439,1,,24,halfcm,280,gr,100,F,64,M6,3,,,Otolith,,,,
Biology,Record,2021818,PEL,37201,126439,1,,41,halfcm,280,gr,104,,,M6,,,,Otolith,,,,
Biology,Record,2021818,PEL,37201,126439,1,,48,halfcm,280,gr,108,,,M6,,,,Otolith,,,,
Biology,Record,2021818,PEL,37201,126439,1,,57,halfcm,280,gr,106,,,M6,,,,Otolith,,,,
Biology,Record,2021818,PEL,37201,126439,1,,68,halfcm,280,gr,100,,,M6,,,,Otolith,,,,
Biology,Record,2021818,PEL,37201,126439,1,,82,halfcm,280,gr,122,,,M6,,,,Otolith,,,,
Biology,Record,2021818,PEL,37201,126439,1,,3,halfcm,285,gr,122,M,62,M6,6,,,Otolith,,,,
Biology,Record,2021818,PEL,37201,126439,1,,5,halfcm,285,gr,104,M,62,M6,4,,,Otolith,,,,
Biology,Record,2021818,PEL,37201,126439,1,,33,halfcm,285,gr,108,,,M6,,,,Otolith,,,,
Biology,Record,2021818,PEL,37201,126439,1,,84,halfcm,285,gr,118,,,M6,,,,Otolith,,,,
Biology,Record,2021818,PEL,37201,126439,1,,11,halfcm,290,gr,106,M,62,M6,7,,,Otolith,,,,
Biology,Record,2021818,PEL,37201,126439,1,,27,halfcm,290,gr,106,M,62,M6,5,,,Otolith,,,,
Biology,Record,2021818,PEL,37201,126439,1,,30,halfcm,290,gr,110,M,62,M6,4,,,Otolith,,,,
Biology,Record,2021818,PEL,37201,126439,1,,32,halfcm,290,gr,130,,,M6,,,,Otolith,,,,
Biology,Record,2021818,PEL,37201,126439,1,,53,halfcm,290,gr,120,,,M6,,,,Otolith,,,,
Biology,Record,2021818,PEL,37201,126439,1,,94,halfcm,290,gr,120,,,M6,,,,Otolith,,,,
Biology,Record,2021818,PEL,37201,126439,1,,98,halfcm,290,gr,126,,,M6,,,,Otolith,,,,
Biology,Record,2021818,PEL,37201,126439,1,,28,halfcm,295,gr,120,M,64,M6,7,,,Otolith,,,,
Biology,Record,2021818,PEL,37201,126439,1,,40,halfcm,295,gr,150,,,M6,,,,Otolith,,,,
Biology,Record,2021818,PEL,37201,126439,1,,12,halfcm,300,gr,132,M,62,M6,7,,,Otolith,,,,
Biology,Record,2021818,PEL,37201,126439,1,,31,halfcm,300,gr,122,,,M6,,,,Otolith,,,,
Biology,Record,2021818,PEL,37201,126439,1,,37,halfcm,300,gr,130,,,M6,,,,Otolith,,,,
Biology,Record,2021818,PEL,37201,126439,1,,44,halfcm,300,gr,126,,,M6,,,,Otolith,,,,
Biology,Record,2021818,PEL,37201,126439,1,,47,halfcm,300,gr,132,,,M6,,,,Otolith,,,,
Biology,Record,2021818,PEL,37201,126439,1,,50,halfcm,300,gr,142,,,M6,,,,Otolith,,,,
Biology,Record,2021818,PEL,37201,126439,1,,56,halfcm,300,gr,144,,,M6,,,,Otolith,,,,
Biology,Record,2021818,PEL,37201,126439,1,,62,halfcm,300,gr,118,,,M6,,,,Otolith,,,,
Biology,Record,2021818,PEL,37201,126439,1,,85,halfcm,300,gr,136,,,M6,,,,Otolith,,,,
Biology,Record,2021818,PEL,37201,126439,1,,1,halfcm,305,gr,160,M,62,M6,5,,,Otolith,,,,
Biology,Record,2021818,PEL,37201,126439,1,,29,halfcm,305,gr,130,F,64,M6,,,,Otolith,,,,
Biology,Record,2021818,PEL,37201,126439,1,,36,halfcm,305,gr,132,,,M6,,,,Otolith,,,,
Biology,Record,2021818,PEL,37201,126439,1,,63,halfcm,305,gr,142,,,M6,,,,Otolith,,,,
Biology,Record,2021818,PEL,37201,126439,1,,86,halfcm,305,gr,142,,,M6,,,,Otolith,,,,
Biology,Record,2021818,PEL,37201,126439,1,,87,halfcm,305,gr,128,,,M6,,,,Otolith,,,,
Biology,Record,2021818,PEL,37201,126439,1,,2,halfcm,310,gr,142,F,64,M6,5,,,Otolith,,,,
Biology,Record,2021818,PEL,37201,126439,1,,38,halfcm,310,gr,146,,,M6,,,,Otolith,,,,
Biology,Record,2021818,PEL,37201,126439,1,,51,halfcm,310,gr,156,,,M6,,,,Otolith,,,,
Biology,Record,2021818,PEL,37201,126439,1,,69,halfcm,310,gr,150,,,M6,,,,Otolith,,,,
Biology,Record,2021818,PEL,37201,126439,1,,100,halfcm,310,gr,154,,,M6,,,,Otolith,,,,
Biology,Record,2021818,PEL,37201,126439,1,,18,halfcm,315,gr,156,M,62,M6,6,,,Otolith,,,,
Biology,Record,2021818,PEL,37201,126439,1,,23,halfcm,315,gr,150,F,64,M6,5,,,Otolith,,,,
Biology,Record,2021818,PEL,37201,126439,1,,55,halfcm,315,gr,138,,,M6,,,,Otolith,,,,
Biology,Record,2021818,PEL,37201,126439,1,,64,halfcm,315,gr,142,,,M6,,,,Otolith,,,,
Biology,Record,2021818,PEL,37201,126439,1,,95,halfcm,315,gr,152,,,M6,,,,Otolith,,,,
Biology,Record,2021818,PEL,37201,126439,1,,14,halfcm,320,gr,156,F,62,M6,5,,,Otolith,,,,
Biology,Record,2021818,PEL,37201,126439,1,,92,halfcm,325,gr,168,,,M6,,,,Otolith,,,,
Biology,Record,2021818,PEL,37201,126439,1,,97,halfcm,325,gr,180,,,M6,,,,Otolith,,,,
Biology,Record,2021818,PEL,37201,126439,1,,58,halfcm,345,gr,186,,,M6,,,,Otolith,,,,
Biology,Record,2021818,PEL,37201,126439,1,,21,halfcm,355,gr,198,F,64,M6,7,,,Otolith,,,,
Biology,Record,2021818,PEL,37201,126439,1,,35,halfcm,355,gr,208,,,M6,,,,Otolith,,,,
Biology,Record,2021818,PEL,37201,126439,1,,17,halfcm,360,gr,234,F,62,M6,6,,,Otolith,,,,
Biology,Record,2021818,PEL,37201,274967,1,,1,halfcm,40,gr,,,,M6,,,,Otolith,,,,
Biology,Record,2021818,PEL,37201,274967,1,,2,halfcm,90,gr,,,,M6,,,,Otolith,,,,
Biology,Record,2021818,PEL,37202,11760,1,,1,halfcm,150,gr,,,,M6,,,,Otolith,,,,
Biology,Record,2021818,PEL,37202,126439,1,,90,halfcm,230,gr,64,,,M6,,,,Otolith,,,,
Biology,Record,2021818,PEL,37202,126439,1,,89,halfcm,235,gr,72,,,M6,,,,Otolith,,,,
Biology,Record,2021818,PEL,37202,126439,1,,13,halfcm,245,gr,74,M,62,M6,2,,,Otolith,,,,
Biology,Record,2021818,PEL,37202,126439,1,,32,halfcm,245,gr,78,,,M6,,,,Otolith,,,,
Biology,Record,2021818,PEL,37202,126439,1,,37,halfcm,245,gr,70,,,M6,,,,Otolith,,,,
Biology,Record,2021818,PEL,37202,126439,1,,52,halfcm,245,gr,80,,,M6,,,,Otolith,,,,
Biology,Record,2021818,PEL,37202,126439,1,,79,halfcm,245,gr,76,,,M6,,,,Otolith,,,,
Biology,Record,2021818,PEL,37202,126439,1,,44,halfcm,250,gr,86,,,M6,,,,Otolith,,,,
Biology,Record,2021818,PEL,37202,126439,1,,45,halfcm,250,gr,72,,,M6,,,,Otolith,,,,
Biology,Record,2021818,PEL,37202,126439,1,,51,halfcm,250,gr,76,,,M6,,,,Otolith,,,,
Biology,Record,2021818,PEL,37202,126439,1,,80,halfcm,250,gr,78,,,M6,,,,Otolith,,,,
Biology,Record,2021818,PEL,37202,126439,1,,9,halfcm,255,gr,80,M,64,M6,2,,,Otolith,,,,
Biology,Record,2021818,PEL,37202,126439,1,,25,halfcm,255,gr,90,M,64,M6,2,,,Otolith,,,,
Biology,Record,2021818,PEL,37202,126439,1,,41,halfcm,255,gr,80,,,M6,,,,Otolith,,,,
Biology,Record,2021818,PEL,37202,126439,1,,71,halfcm,255,gr,84,,,M6,,,,Otolith,,,,
Biology,Record,2021818,PEL,37202,126439,1,,85,halfcm,255,gr,80,,,M6,,,,Otolith,,,,
Biology,Record,2021818,PEL,37202,126439,1,,96,halfcm,255,gr,82,,,M6,,,,Otolith,,,,
Biology,Record,2021818,PEL,37202,126439,1,,23,halfcm,260,gr,80,F,64,M6,2,,,Otolith,,,,
Biology,Record,2021818,PEL,37202,126439,1,,36,halfcm,260,gr,98,,,M6,,,,Otolith,,,,
Biology,Record,2021818,PEL,37202,126439,1,,58,halfcm,260,gr,90,,,M6,,,,Otolith,,,,
Biology,Record,2021818,PEL,37202,126439,1,,69,halfcm,260,gr,102,,,M6,,,,Otolith,,,,
Biology,Record,2021818,PEL,37202,126439,1,,88,halfcm,260,gr,78,,,M6,,,,Otolith,,,,
Biology,Record,2021818,PEL,37202,126439,1,,100,halfcm,260,gr,94,,,M6,,,,Otolith,,,,
Biology,Record,2021818,PEL,37202,126439,1,,1,halfcm,265,gr,92,M,64,M6,5,,,Otolith,,,,
Biology,Record,2021818,PEL,37202,126439,1,,33,halfcm,265,gr,96,,,M6,,,,Otolith,,,,
Biology,Record,2021818,PEL,37202,126439,1,,35,halfcm,265,gr,94,,,M6,,,,Otolith,,,,
Biology,Record,2021818,PEL,37202,126439,1,,46,halfcm,265,gr,94,,,M6,,,,Otolith,,,,
Biology,Record,2021818,PEL,37202,126439,1,,48,halfcm,265,gr,90,,,M6,,,,Otolith,,,,
Biology,Record,2021818,PEL,37202,126439,1,,49,halfcm,265,gr,92,,,M6,,,,Otolith,,,,
Biology,Record,2021818,PEL,37202,126439,1,,50,halfcm,265,gr,94,,,M6,,,,Otolith,,,,
Biology,Record,2021818,PEL,37202,126439,1,,62,halfcm,265,gr,92,,,M6,,,,Otolith,,,,
Biology,Record,2021818,PEL,37202,126439,1,,66,halfcm,265,gr,102,,,M6,,,,Otolith,,,,
Biology,Record,2021818,PEL,37202,126439,1,,73,halfcm,265,gr,96,,,M6,,,,Otolith,,,,
Biology,Record,2021818,PEL,37202,126439,1,,81,halfcm,265,gr,86,,,M6,,,,Otolith,,,,
Biology,Record,2021818,PEL,37202,126439,1,,86,halfcm,265,gr,92,,,M6,,,,Otolith,,,,
Biology,Record,2021818,PEL,37202,126439,1,,98,halfcm,265,gr,100,,,M6,,,,Otolith,,,,
Biology,Record,2021818,PEL,37202,126439,1,,2,halfcm,270,gr,92,F,64,M6,4,,,Otolith,,,,
Biology,Record,2021818,PEL,37202,126439,1,,11,halfcm,270,gr,98,M,62,M6,3,,,Otolith,,,,
Biology,Record,2021818,PEL,37202,126439,1,,15,halfcm,270,gr,98,F,64,M6,3,,,Otolith,,,,
Biology,Record,2021818,PEL,37202,126439,1,,18,halfcm,270,gr,90,F,64,M6,2,,,Otolith,,,,
Biology,Record,2021818,PEL,37202,126439,1,,54,halfcm,270,gr,92,,,M6,,,,Otolith,,,,
Biology,Record,2021818,PEL,37202,126439,1,,76,halfcm,270,gr,92,,,M6,,,,Otolith,,,,
Biology,Record,2021818,PEL,37202,126439,1,,91,halfcm,270,gr,102,,,M6,,,,Otolith,,,,
Biology,Record,2021818,PEL,37202,126439,1,,20,halfcm,275,gr,102,F,64,M6,4,,,Otolith,,,,
Biology,Record,2021818,PEL,37202,126439,1,,30,halfcm,275,gr,98,F,64,M6,4,,,Otolith,,,,
Biology,Record,2021818,PEL,37202,126439,1,,63,halfcm,275,gr,104,,,M6,,,,Otolith,,,,
Biology,Record,2021818,PEL,37202,126439,1,,65,halfcm,275,gr,96,,,M6,,,,Otolith,,,,
Biology,Record,2021818,PEL,37202,126439,1,,10,halfcm,280,gr,106,F,62,M6,2,,,Otolith,,,,
Biology,Record,2021818,PEL,37202,126439,1,,24,halfcm,280,gr,100,F,64,M6,4,,,Otolith,,,,
Biology,Record,2021818,PEL,37202,126439,1,,29,halfcm,280,gr,108,F,64,M6,3,,,Otolith,,,,
Biology,Record,2021818,PEL,37202,126439,1,,31,halfcm,280,gr,116,,,M6,,,,Otolith,,,,
Biology,Record,2021818,PEL,37202,126439,1,,43,halfcm,280,gr,100,,,M6,,,,Otolith,,,,
Biology,Record,2021818,PEL,37202,126439,1,,47,halfcm,280,gr,104,,,M6,,,,Otolith,,,,
Biology,Record,2021818,PEL,37202,126439,1,,57,halfcm,280,gr,110,,,M6,,,,Otolith,,,,
Biology,Record,2021818,PEL,37202,126439,1,,60,halfcm,280,gr,120,,,M6,,,,Otolith,,,,
Biology,Record,2021818,PEL,37202,126439,1,,4,halfcm,285,gr,106,F,64,M6,4,,,Otolith,,,,
Biology,Record,2021818,PEL,37202,126439,1,,8,halfcm,285,gr,104,M,64,M6,3,,,Otolith,,,,
Biology,Record,2021818,PEL,37202,126439,1,,39,halfcm,285,gr,122,,,M6,,,,Otolith,,,,
Biology,Record,2021818,PEL,37202,126439,1,,55,halfcm,285,gr,110,,,M6,,,,Otolith,,,,
Biology,Record,2021818,PEL,37202,126439,1,,95,halfcm,285,gr,112,,,M6,,,,Otolith,,,,
Biology,Record,2021818,PEL,37202,126439,1,,3,halfcm,290,gr,124,M,62,M6,6,,,Otolith,,,,
Biology,Record,2021818,PEL,37202,126439,1,,21,halfcm,290,gr,108,F,64,M6,7,,,Otolith,,,,
Biology,Record,2021818,PEL,37202,126439,1,,61,halfcm,290,gr,126,,,M6,,,,Otolith,,,,
Biology,Record,2021818,PEL,37202,126439,1,,64,halfcm,290,gr,128,,,M6,,,,Otolith,,,,
Biology,Record,2021818,PEL,37202,126439,1,,6,halfcm,295,gr,118,F,64,M6,5,,,Otolith,,,,
Biology,Record,2021818,PEL,37202,126439,1,,12,halfcm,295,gr,134,F,64,M6,7,,,Otolith,,,,
Biology,Record,2021818,PEL,37202,126439,1,,14,halfcm,295,gr,130,F,64,M6,4,,,Otolith,,,,
Biology,Record,2021818,PEL,37202,126439,1,,22,halfcm,295,gr,118,F,64,M6,4,,,Otolith,,,,
Biology,Record,2021818,PEL,37202,126439,1,,34,halfcm,295,gr,116,,,M6,,,,Otolith,,,,
Biology,Record,2021818,PEL,37202,126439,1,,56,halfcm,295,gr,124,,,M6,,,,Otolith,,,,
Biology,Record,2021818,PEL,37202,126439,1,,67,halfcm,295,gr,138,,,M6,,,,Otolith,,,,
Biology,Record,2021818,PEL,37202,126439,1,,77,halfcm,295,gr,118,,,M6,,,,Otolith,,,,
Biology,Record,2021818,PEL,37202,126439,1,,84,halfcm,295,gr,112,,,M6,,,,Otolith,,,,
Biology,Record,2021818,PEL,37202,126439,1,,97,halfcm,295,gr,118,,,M6,,,,Otolith,,,,
Biology,Record,2021818,PEL,37202,126439,1,,17,halfcm,300,gr,134,M,62,M6,5,,,Otolith,,,,
Biology,Record,2021818,PEL,37202,126439,1,,19,halfcm,300,gr,128,F,64,M6,7,,,Otolith,,,,
Biology,Record,2021818,PEL,37202,126439,1,,72,halfcm,300,gr,146,,,M6,,,,Otolith,,,,
Biology,Record,2021818,PEL,37202,126439,1,,82,halfcm,300,gr,130,,,M6,,,,Otolith,,,,
Biology,Record,2021818,PEL,37202,126439,1,,92,halfcm,300,gr,138,,,M6,,,,Otolith,,,,
Biology,Record,2021818,PEL,37202,126439,1,,94,halfcm,300,gr,134,,,M6,,,,Otolith,,,,
Biology,Record,2021818,PEL,37202,126439,1,,16,halfcm,305,gr,140,F,62,M6,5,,,Otolith,,,,
Biology,Record,2021818,PEL,37202,126439,1,,42,halfcm,305,gr,144,,,M6,,,,Otolith,,,,
Biology,Record,2021818,PEL,37202,126439,1,,74,halfcm,305,gr,132,,,M6,,,,Otolith,,,,
Biology,Record,2021818,PEL,37202,126439,1,,75,halfcm,305,gr,130,,,M6,,,,Otolith,,,,
Biology,Record,2021818,PEL,37202,126439,1,,99,halfcm,305,gr,136,,,M6,,,,Otolith,,,,
Biology,Record,2021818,PEL,37202,126439,1,,40,halfcm,310,gr,146,,,M6,,,,Otolith,,,,
Biology,Record,2021818,PEL,37202,126439,1,,53,halfcm,310,gr,144,,,M6,,,,Otolith,,,,
Biology,Record,2021818,PEL,37202,126439,1,,59,halfcm,310,gr,146,,,M6,,,,Otolith,,,,
Biology,Record,2021818,PEL,37202,126439,1,,78,halfcm,310,gr,156,,,M6,,,,Otolith,,,,
Biology,Record,2021818,PEL,37202,126439,1,,83,halfcm,310,gr,146,,,M6,,,,Otolith,,,,
Biology,Record,2021818,PEL,37202,126439,1,,26,halfcm,315,gr,150,F,64,M6,5,,,Otolith,,,,
Biology,Record,2021818,PEL,37202,126439,1,,68,halfcm,315,gr,148,,,M6,,,,Otolith,,,,
Biology,Record,2021818,PEL,37202,126439,1,,27,halfcm,320,gr,162,F,64,M6,6,,,Otolith,,,,
Biology,Record,2021818,PEL,37202,126439,1,,70,halfcm,320,gr,152,,,M6,,,,Otolith,,,,
Biology,Record,2021818,PEL,37202,126439,1,,28,halfcm,325,gr,174,F,62,M6,7,,,Otolith,,,,
Biology,Record,2021818,PEL,37202,126439,1,,87,halfcm,325,gr,180,,,M6,,,,Otolith,,,,
Biology,Record,2021818,PEL,37202,126439,1,,5,halfcm,330,gr,160,F,64,M6,7,,,Otolith,,,,
Biology,Record,2021818,PEL,37202,126439,1,,7,halfcm,330,gr,160,F,64,M6,5,,,Otolith,,,,
Biology,Record,2021818,PEL,37202,126439,1,,93,halfcm,340,gr,200,,,M6,,,,Otolith,,,,
Biology,Record,2021818,PEL,37202,126439,1,,38,halfcm,345,gr,198,,,M6,,,,Otolith,,,,
Biology,Record,2021818,PEL,37202,126580,1,,6,halfcm,50,gr,,,,M6,,,,Otolith,,,,
Biology,Record,2021818,PEL,37202,126580,1,,11,halfcm,50,gr,,,,M6,,,,Otolith,,,,
Biology,Record,2021818,PEL,37202,126580,1,,3,halfcm,55,gr,,,,M6,,,,Otolith,,,,
Biology,Record,2021818,PEL,37202,126580,1,,5,halfcm,55,gr,,,,M6,,,,Otolith,,,,
Biology,Record,2021818,PEL,37202,126580,1,,7,halfcm,55,gr,,,,M6,,,,Otolith,,,,
Biology,Record,2021818,PEL,37202,126580,1,,9,halfcm,55,gr,,,,M6,,,,Otolith,,,,
Biology,Record,2021818,PEL,37202,126580,1,,10,halfcm,55,gr,,,,M6,,,,Otolith,,,,
Biology,Record,2021818,PEL,37202,126580,1,,1,halfcm,60,gr,,,,M6,,,,Otolith,,,,
Biology,Record,2021818,PEL,37202,126580,1,,2,halfcm,60,gr,,,,M6,,,,Otolith,,,,
Biology,Record,2021818,PEL,37202,126580,1,,4,halfcm,60,gr,,,,M6,,,,Otolith,,,,
Biology,Record,2021818,PEL,37202,126580,1,,8,halfcm,60,gr,,,,M6,,,,Otolith,,,,
Biology,Record,2021818,PEL,37202,127312,1,,17,halfcm,25,gr,,,,M6,,,,Otolith,,,,
Biology,Record,2021818,PEL,37202,127312,1,,20,halfcm,25,gr,,,,M6,,,,Otolith,,,,
Biology,Record,2021818,PEL,37202,127312,1,,16,halfcm,30,gr,,,,M6,,,,Otolith,,,,
Biology,Record,2021818,PEL,37202,127312,1,,21,halfcm,30,gr,,,,M6,,,,Otolith,,,,
Biology,Record,2021818,PEL,37202,127312,1,,1,halfcm,35,gr,,,,M6,,,,Otolith,,,,
Biology,Record,2021818,PEL,37202,127312,1,,3,halfcm,35,gr,,,,M6,,,,Otolith,,,,
Biology,Record,2021818,PEL,37202,127312,1,,4,halfcm,35,gr,,,,M6,,,,Otolith,,,,
Biology,Record,2021818,PEL,37202,127312,1,,6,halfcm,35,gr,,,,M6,,,,Otolith,,,,
Biology,Record,2021818,PEL,37202,127312,1,,7,halfcm,35,gr,,,,M6,,,,Otolith,,,,
Biology,Record,2021818,PEL,37202,127312,1,,9,halfcm,35,gr,,,,M6,,,,Otolith,,,,
Biology,Record,2021818,PEL,37202,127312,1,,10,halfcm,35,gr,,,,M6,,,,Otolith,,,,
Biology,Record,2021818,PEL,37202,127312,1,,11,halfcm,35,gr,,,,M6,,,,Otolith,,,,
Biology,Record,2021818,PEL,37202,127312,1,,12,halfcm,35,gr,,,,M6,,,,Otolith,,,,
Biology,Record,2021818,PEL,37202,127312,1,,13,halfcm,35,gr,,,,M6,,,,Otolith,,,,
Biology,Record,2021818,PEL,37202,127312,1,,14,halfcm,35,gr,,,,M6,,,,Otolith,,,,
Biology,Record,2021818,PEL,37202,127312,1,,15,halfcm,35,gr,,,,M6,,,,Otolith,,,,
Biology,Record,2021818,PEL,37202,127312,1,,19,halfcm,35,gr,,,,M6,,,,Otolith,,,,
Biology,Record,2021818,PEL,37202,127312,1,,2,halfcm,40,gr,,,,M6,,,,Otolith,,,,
Biology,Record,2021818,PEL,37202,127312,1,,5,halfcm,40,gr,,,,M6,,,,Otolith,,,,
Biology,Record,2021818,PEL,37202,127312,1,,8,halfcm,40,gr,,,,M6,,,,Otolith,,,,
Biology,Record,2021818,PEL,37202,127312,1,,18,halfcm,40,gr,,,,M6,,,,Otolith,,,,
Biology,Record,2021818,PEL,37202,274967,1,,5,halfcm,35,gr,1,,,M6,,,,Otolith,,,,
Biology,Record,2021818,PEL,37202,274967,1,,3,halfcm,50,gr,2,,,M6,,,,Otolith,,,,
Biology,Record,2021818,PEL,37202,274967,1,,4,halfcm,50,gr,2,,,M6,,,,Otolith,,,,
Biology,Record,2021818,PEL,37202,274967,1,,1,halfcm,55,gr,4,,,M6,,,,Otolith,,,,
Biology,Record,2021818,PEL,37202,274967,1,,2,halfcm,55,gr,12,,,M6,,,,Otolith,,,,
Biology,Record,2021818,PEL,37203,10309,1,,19,halfcm,115,gr,,,,M6,,,,Otolith,,,,
Biology,Record,2021818,PEL,37203,10309,1,,17,halfcm,120,gr,,,,M6,,,,Otolith,,,,
Biology,Record,2021818,PEL,37203,10309,1,,11,halfcm,125,gr,,,,M6,,,,Otolith,,,,
Biology,Record,2021818,PEL,37203,10309,1,,18,halfcm,125,gr,,,,M6,,,,Otolith,,,,
Biology,Record,2021818,PEL,37203,10309,1,,8,halfcm,25,gr,,,,M6,,,,Otolith,,,,
Biology,Record,2021818,PEL,37203,10309,1,,14,halfcm,50,gr,,,,M6,,,,Otolith,,,,
Biology,Record,2021818,PEL,37203,10309,1,,6,halfcm,60,gr,,,,M6,,,,Otolith,,,,
Biology,Record,2021818,PEL,37203,10309,1,,16,halfcm,60,gr,,,,M6,,,,Otolith,,,,
Biology,Record,2021818,PEL,37203,10309,1,,20,halfcm,60,gr,,,,M6,,,,Otolith,,,,
Biology,Record,2021818,PEL,37203,10309,1,,24,halfcm,60,gr,,,,M6,,,,Otolith,,,,
Biology,Record,2021818,PEL,37203,10309,1,,4,halfcm,65,gr,,,,M6,,,,Otolith,,,,
Biology,Record,2021818,PEL,37203,10309,1,,21,halfcm,65,gr,,,,M6,,,,Otolith,,,,
Biology,Record,2021818,PEL,37203,10309,1,,27,halfcm,65,gr,,,,M6,,,,Otolith,,,,
Biology,Record,2021818,PEL,37203,10309,1,,2,halfcm,70,gr,,,,M6,,,,Otolith,,,,
Biology,Record,2021818,PEL,37203,10309,1,,15,halfcm,75,gr,,,,M6,,,,Otolith,,,,
Biology,Record,2021818,PEL,37203,10309,1,,26,halfcm,75,gr,,,,M6,,,,Otolith,,,,
Biology,Record,2021818,PEL,37203,10309,1,,29,halfcm,75,gr,,,,M6,,,,Otolith,,,,
Biology,Record,2021818,PEL,37203,10309,1,,30,halfcm,75,gr,,,,M6,,,,Otolith,,,,
Biology,Record,2021818,PEL,37203,10309,1,,3,halfcm,80,gr,,,,M6,,,,Otolith,,,,
Biology,Record,2021818,PEL,37203,10309,1,,5,halfcm,80,gr,,,,M6,,,,Otolith,,,,
Biology,Record,2021818,PEL,37203,10309,1,,7,halfcm,80,gr,,,,M6,,,,Otolith,,,,
Biology,Record,2021818,PEL,37203,10309,1,,12,halfcm,80,gr,,,,M6,,,,Otolith,,,,
Biology,Record,2021818,PEL,37203,10309,1,,13,halfcm,80,gr,,,,M6,,,,Otolith,,,,
Biology,Record,2021818,PEL,37203,10309,1,,22,halfcm,80,gr,,,,M6,,,,Otolith,,,,
Biology,Record,2021818,PEL,37203,10309,1,,23,halfcm,80,gr,,,,M6,,,,Otolith,,,,
Biology,Record,2021818,PEL,37203,10309,1,,10,halfcm,85,gr,,,,M6,,,,Otolith,,,,
Biology,Record,2021818,PEL,37203,10309,1,,25,halfcm,85,gr,,,,M6,,,,Otolith,,,,
Biology,Record,2021818,PEL,37203,10309,1,,28,halfcm,85,gr,,,,M6,,,,Otolith,,,,
Biology,Record,2021818,PEL,37203,10309,1,,1,halfcm,90,gr,,,,M6,,,,Otolith,,,,
Biology,Record,2021818,PEL,37203,10309,1,,9,halfcm,95,gr,,,,M6,,,,Otolith,,,,
Biology,Record,2021818,PEL,37203,11707,1,,3,halfcm,40,gr,,,,M6,,,,Otolith,,,,
Biology,Record,2021818,PEL,37203,11707,1,,2,halfcm,45,gr,,,,M6,,,,Otolith,,,,
Biology,Record,2021818,PEL,37203,11707,1,,1,halfcm,50,gr,,,,M6,,,,Otolith,,,,
Biology,Record,2021818,PEL,37203,11760,1,,2,halfcm,145,gr,,,,M6,,,,Otolith,,,,
Biology,Record,2021818,PEL,37203,11760,1,,1,halfcm,180,gr,,,,M6,,,,Otolith,,,,
Biology,Record,2021818,PEL,37203,126352,1,,1,halfcm,155,gr,,,,M6,,,,Otolith,,,,
Biology,Record,2021818,PEL,37203,126352,1,,2,halfcm,200,gr,,,,M6,,,,Otolith,,,,
Biology,Record,2021818,PEL,37203,126435,1,,1,halfcm,130,gr,22,,,M6,,,,Otolith,,,,
Biology,Record,2021818,PEL,37203,126435,1,,2,halfcm,140,gr,24,,,M6,,,,Otolith,,,,
Biology,Record,2021818,PEL,37203,126439,1,,76,halfcm,225,gr,54,,,M6,,,,Otolith,,,,
Biology,Record,2021818,PEL,37203,126439,1,,63,halfcm,230,gr,56,,,M6,,,,Otolith,,,,
Biology,Record,2021818,PEL,37203,126439,1,,98,halfcm,235,gr,66,,,M6,,,,Otolith,,,,
Biology,Record,2021818,PEL,37203,126439,1,,29,halfcm,240,gr,70,M,62,M6,2,,,Otolith,,,,
Biology,Record,2021818,PEL,37203,126439,1,,48,halfcm,240,gr,76,,,M6,,,,Otolith,,,,
Biology,Record,2021818,PEL,37203,126439,1,,55,halfcm,240,gr,74,,,M6,,,,Otolith,,,,
Biology,Record,2021818,PEL,37203,126439,1,,72,halfcm,240,gr,70,,,M6,,,,Otolith,,,,
Biology,Record,2021818,PEL,37203,126439,1,,2,halfcm,245,gr,72,M,64,M6,2,,,Otolith,,,,
Biology,Record,2021818,PEL,37203,126439,1,,6,halfcm,245,gr,76,M,64,M6,2,,,Otolith,,,,
Biology,Record,2021818,PEL,37203,126439,1,,20,halfcm,245,gr,64,M,64,M6,2,,,Otolith,,,,
Biology,Record,2021818,PEL,37203,126439,1,,39,halfcm,245,gr,60,,,M6,,,,Otolith,,,,
Biology,Record,2021818,PEL,37203,126439,1,,7,halfcm,250,gr,72,F,64,M6,2,,,Otolith,,,,
Biology,Record,2021818,PEL,37203,126439,1,,35,halfcm,250,gr,76,,,M6,,,,Otolith,,,,
Biology,Record,2021818,PEL,37203,126439,1,,38,halfcm,250,gr,82,,,M6,,,,Otolith,,,,
Biology,Record,2021818,PEL,37203,126439,1,,71,halfcm,250,gr,78,,,M6,,,,Otolith,,,,
Biology,Record,2021818,PEL,37203,126439,1,,94,halfcm,250,gr,76,,,M6,,,,Otolith,,,,
Biology,Record,2021818,PEL,37203,126439,1,,25,halfcm,255,gr,86,M,64,M6,2,,,Otolith,,,,
Biology,Record,2021818,PEL,37203,126439,1,,31,halfcm,255,gr,82,,,M6,,,,Otolith,,,,
Biology,Record,2021818,PEL,37203,126439,1,,49,halfcm,255,gr,84,,,M6,,,,Otolith,,,,
Biology,Record,2021818,PEL,37203,126439,1,,65,halfcm,255,gr,82,,,M6,,,,Otolith,,,,
Biology,Record,2021818,PEL,37203,126439,1,,73,halfcm,255,gr,86,,,M6,,,,Otolith,,,,
Biology,Record,2021818,PEL,37203,126439,1,,77,halfcm,255,gr,82,,,M6,,,,Otolith,,,,
Biology,Record,2021818,PEL,37203,126439,1,,5,halfcm,260,gr,94,F,62,M6,2,,,Otolith,,,,
Biology,Record,2021818,PEL,37203,126439,1,,34,halfcm,260,gr,86,,,M6,,,,Otolith,,,,
Biology,Record,2021818,PEL,37203,126439,1,,37,halfcm,260,gr,90,,,M6,,,,Otolith,,,,
Biology,Record,2021818,PEL,37203,126439,1,,67,halfcm,260,gr,98,,,M6,,,,Otolith,,,,
Biology,Record,2021818,PEL,37203,126439,1,,83,halfcm,260,gr,80,,,M6,,,,Otolith,,,,
Biology,Record,2021818,PEL,37203,126439,1,,91,halfcm,260,gr,82,,,M6,,,,Otolith,,,,
Biology,Record,2021818,PEL,37203,126439,1,,92,halfcm,260,gr,78,,,M6,,,,Otolith,,,,
Biology,Record,2021818,PEL,37203,126439,1,,96,halfcm,260,gr,80,,,M6,,,,Otolith,,,,
Biology,Record,2021818,PEL,37203,126439,1,,10,halfcm,265,gr,96,F,62,M6,2,,,Otolith,,,,
Biology,Record,2021818,PEL,37203,126439,1,,14,halfcm,265,gr,86,F,64,M6,3,,,Otolith,,,,
Biology,Record,2021818,PEL,37203,126439,1,,23,halfcm,265,gr,86,F,62,M6,2,,,Otolith,,,,
Biology,Record,2021818,PEL,37203,126439,1,,24,halfcm,265,gr,86,F,64,M6,3,,,Otolith,,,,
Biology,Record,2021818,PEL,37203,126439,1,,33,halfcm,265,gr,92,,,M6,,,,Otolith,,,,
Biology,Record,2021818,PEL,37203,126439,1,,47,halfcm,265,gr,92,,,M6,,,,Otolith,,,,
Biology,Record,2021818,PEL,37203,126439,1,,62,halfcm,265,gr,84,,,M6,,,,Otolith,,,,
Biology,Record,2021818,PEL,37203,126439,1,,64,halfcm,265,gr,90,,,M6,,,,Otolith,,,,
Biology,Record,2021818,PEL,37203,126439,1,,74,halfcm,265,gr,96,,,M6,,,,Otolith,,,,
Biology,Record,2021818,PEL,37203,126439,1,,82,halfcm,265,gr,88,,,M6,,,,Otolith,,,,
Biology,Record,2021818,PEL,37203,126439,1,,84,halfcm,265,gr,92,,,M6,,,,Otolith,,,,
Biology,Record,2021818,PEL,37203,126439,1,,90,halfcm,265,gr,90,,,M6,,,,Otolith,,,,
Biology,Record,2021818,PEL,37203,126439,1,,99,halfcm,265,gr,102,,,M6,,,,Otolith,,,,
Biology,Record,2021818,PEL,37203,126439,1,,4,halfcm,270,gr,98,M,64,M6,5,,,Otolith,,,,
Biology,Record,2021818,PEL,37203,126439,1,,27,halfcm,270,gr,90,F,64,M6,2,,,Otolith,,,,
Biology,Record,2021818,PEL,37203,126439,1,,28,halfcm,270,gr,88,M,62,M6,3,,,Otolith,,,,
Biology,Record,2021818,PEL,37203,126439,1,,42,halfcm,270,gr,108,,,M6,,,,Otolith,,,,
Biology,Record,2021818,PEL,37203,126439,1,,56,halfcm,270,gr,88,,,M6,,,,Otolith,,,,
Biology,Record,2021818,PEL,37203,126439,1,,57,halfcm,270,gr,96,,,M6,,,,Otolith,,,,
Biology,Record,2021818,PEL,37203,126439,1,,66,halfcm,270,gr,108,,,M6,,,,Otolith,,,,
Biology,Record,2021818,PEL,37203,126439,1,,75,halfcm,270,gr,98,,,M6,,,,Otolith,,,,
Biology,Record,2021818,PEL,37203,126439,1,,81,halfcm,270,gr,118,,,M6,,,,Otolith,,,,
Biology,Record,2021818,PEL,37203,126439,1,,30,halfcm,275,gr,110,M,62,M6,7,,,Otolith,,,,
Biology,Record,2021818,PEL,37203,126439,1,,44,halfcm,275,gr,94,,,M6,,,,Otolith,,,,
Biology,Record,2021818,PEL,37203,126439,1,,70,halfcm,275,gr,114,,,M6,,,,Otolith,,,,
Biology,Record,2021818,PEL,37203,126439,1,,97,halfcm,275,gr,92,,,M6,,,,Otolith,,,,
Biology,Record,2021818,PEL,37203,126439,1,,9,halfcm,280,gr,118,M,62,M6,8,,,Otolith,,,,
Biology,Record,2021818,PEL,37203,126439,1,,17,halfcm,280,gr,130,F,62,M6,3,,,Otolith,,,,
Biology,Record,2021818,PEL,37203,126439,1,,22,halfcm,280,gr,124,F,62,M6,4,,,Otolith,,,,
Biology,Record,2021818,PEL,37203,126439,1,,26,halfcm,280,gr,118,F,62,M6,2,,,Otolith,,,,
Biology,Record,2021818,PEL,37203,126439,1,,43,halfcm,280,gr,104,,,M6,,,,Otolith,,,,
Biology,Record,2021818,PEL,37203,126439,1,,54,halfcm,280,gr,110,,,M6,,,,Otolith,,,,
Biology,Record,2021818,PEL,37203,126439,1,,86,halfcm,280,gr,104,,,M6,,,,Otolith,,,,
Biology,Record,2021818,PEL,37203,126439,1,,12,halfcm,285,gr,126,M,62,M6,7,,,Otolith,,,,
Biology,Record,2021818,PEL,37203,126439,1,,40,halfcm,285,gr,118,,,M6,,,,Otolith,,,,
Biology,Record,2021818,PEL,37203,126439,1,,46,halfcm,285,gr,112,,,M6,,,,Otolith,,,,
Biology,Record,2021818,PEL,37203,126439,1,,52,halfcm,285,gr,104,,,M6,,,,Otolith,,,,
Biology,Record,2021818,PEL,37203,126439,1,,88,halfcm,285,gr,108,,,M6,,,,Otolith,,,,
Biology,Record,2021818,PEL,37203,126439,1,,16,halfcm,290,gr,126,M,64,M6,7,,,Otolith,,,,
Biology,Record,2021818,PEL,37203,126439,1,,19,halfcm,290,gr,126,M,64,M6,6,,,Otolith,,,,
Biology,Record,2021818,PEL,37203,126439,1,,32,halfcm,290,gr,108,,,M6,,,,Otolith,,,,
Biology,Record,2021818,PEL,37203,126439,1,,36,halfcm,290,gr,126,,,M6,,,,Otolith,,,,
Biology,Record,2021818,PEL,37203,126439,1,,41,halfcm,290,gr,120,,,M6,,,,Otolith,,,,
Biology,Record,2021818,PEL,37203,126439,1,,58,halfcm,290,gr,112,,,M6,,,,Otolith,,,,
Biology,Record,2021818,PEL,37203,126439,1,,87,halfcm,290,gr,106,,,M6,,,,Otolith,,,,
Biology,Record,2021818,PEL,37203,126439,1,,95,halfcm,290,gr,112,,,M6,,,,Otolith,,,,
Biology,Record,2021818,PEL,37203,126439,1,,85,halfcm,295,gr,118,,,M6,,,,Otolith,,,,
Biology,Record,2021818,PEL,37203,126439,1,,8,halfcm,300,gr,128,M,64,M6,7,,,Otolith,,,,
Biology,Record,2021818,PEL,37203,126439,1,,15,halfcm,300,gr,126,F,64,M6,2,,,Otolith,,,,
Biology,Record,2021818,PEL,37203,126439,1,,21,halfcm,300,gr,128,F,64,M6,4,,,Otolith,,,,
Biology,Record,2021818,PEL,37203,126439,1,,59,halfcm,300,gr,146,,,M6,,,,Otolith,,,,
Biology,Record,2021818,PEL,37203,126439,1,,60,halfcm,300,gr,122,,,M6,,,,Otolith,,,,
Biology,Record,2021818,PEL,37203,126439,1,,100,halfcm,300,gr,134,,,M6,,,,Otolith,,,,
Biology,Record,2021818,PEL,37203,126439,1,,3,halfcm,305,gr,134,F,64,M6,6,,,Otolith,,,,
Biology,Record,2021818,PEL,37203,126439,1,,11,halfcm,305,gr,130,M,62,M6,7,,,Otolith,,,,
Biology,Record,2021818,PEL,37203,126439,1,,53,halfcm,305,gr,138,,,M6,,,,Otolith,,,,
Biology,Record,2021818,PEL,37203,126439,1,,61,halfcm,305,gr,134,,,M6,,,,Otolith,,,,
Biology,Record,2021818,PEL,37203,126439,1,,13,halfcm,310,gr,136,F,62,M6,4,,,Otolith,,,,
Biology,Record,2021818,PEL,37203,126439,1,,45,halfcm,310,gr,194,,,M6,,,,Otolith,,,,
Biology,Record,2021818,PEL,37203,126439,1,,68,halfcm,310,gr,144,,,M6,,,,Otolith,,,,
Biology,Record,2021818,PEL,37203,126439,1,,69,halfcm,310,gr,146,,,M6,,,,Otolith,,,,
Biology,Record,2021818,PEL,37203,126439,1,,78,halfcm,310,gr,160,,,M6,,,,Otolith,,,,
Biology,Record,2021818,PEL,37203,126439,1,,89,halfcm,310,gr,138,,,M6,,,,Otolith,,,,
Biology,Record,2021818,PEL,37203,126439,1,,50,halfcm,315,gr,142,,,M6,,,,Otolith,,,,
Biology,Record,2021818,PEL,37203,126439,1,,51,halfcm,315,gr,146,,,M6,,,,Otolith,,,,
Biology,Record,2021818,PEL,37203,126439,1,,79,halfcm,320,gr,152,,,M6,,,,Otolith,,,,
Biology,Record,2021818,PEL,37203,126439,1,,93,halfcm,320,gr,158,,,M6,,,,Otolith,,,,
Biology,Record,2021818,PEL,37203,126439,1,,80,halfcm,325,gr,154,,,M6,,,,Otolith,,,,
Biology,Record,2021818,PEL,37203,126439,1,,18,halfcm,330,gr,172,F,62,M6,7,,,Otolith,,,,
Biology,Record,2021818,PEL,37203,126439,1,,1,halfcm,345,gr,208,F,64,M6,6,,,Otolith,,,,
Biology,Record,2021818,PEL,37203,274967,1,,3,halfcm,35,gr,,,,M6,,,,Otolith,,,,
Biology,Record,2021818,PEL,37203,274967,1,,2,halfcm,40,gr,,,,M6,,,,Otolith,,,,
Biology,Record,2021818,PEL,37203,274967,1,,7,halfcm,40,gr,,,,M6,,,,Otolith,,,,
Biology,Record,2021818,PEL,37203,274967,1,,4,halfcm,45,gr,,,,M6,,,,Otolith,,,,
Biology,Record,2021818,PEL,37203,274967,1,,5,halfcm,45,gr,,,,M6,,,,Otolith,,,,
Biology,Record,2021818,PEL,37203,274967,1,,6,halfcm,45,gr,,,,M6,,,,Otolith,,,,
Biology,Record,2021818,PEL,37203,274967,1,,1,halfcm,75,gr,,,,M6,,,,Otolith,,,,
Biology,Record,2021818,PEL,37204,126439,1,,43,halfcm,245,gr,72,,,M6,,,,Otolith,,,,
Biology,Record,2021818,PEL,37204,126439,1,,52,halfcm,245,gr,76,,,M6,,,,Otolith,,,,
Biology,Record,2021818,PEL,37204,126439,1,,66,halfcm,250,gr,76,,,M6,,,,Otolith,,,,
Biology,Record,2021818,PEL,37204,126439,1,,58,halfcm,255,gr,76,,,M6,,,,Otolith,,,,
Biology,Record,2021818,PEL,37204,126439,1,,51,halfcm,260,gr,76,,,M6,,,,Otolith,,,,
Biology,Record,2021818,PEL,37204,126439,1,,64,halfcm,260,gr,90,,,M6,,,,Otolith,,,,
Biology,Record,2021818,PEL,37204,126439,1,,22,halfcm,265,gr,102,M,63,M6,5,,,Otolith,,,,
Biology,Record,2021818,PEL,37204,126439,1,,33,halfcm,265,gr,100,,,M6,,,,Otolith,,,,
Biology,Record,2021818,PEL,37204,126439,1,,42,halfcm,265,gr,108,,,M6,,,,Otolith,,,,
Biology,Record,2021818,PEL,37204,126439,1,,80,halfcm,265,gr,98,,,M6,,,,Otolith,,,,
Biology,Record,2021818,PEL,37204,126439,1,,9,halfcm,270,gr,82,F,64,M6,4,,,Otolith,,,,
Biology,Record,2021818,PEL,37204,126439,1,,11,halfcm,270,gr,98,M,64,M6,3,,,Otolith,,,,
Biology,Record,2021818,PEL,37204,126439,1,,26,halfcm,270,gr,94,M,64,M6,3,,,Otolith,,,,
Biology,Record,2021818,PEL,37204,126439,1,,53,halfcm,270,gr,94,,,M6,,,,Otolith,,,,
Biology,Record,2021818,PEL,37204,126439,1,,86,halfcm,270,gr,98,,,M6,,,,Otolith,,,,
Biology,Record,2021818,PEL,37204,126439,1,,88,halfcm,270,gr,96,,,M6,,,,Otolith,,,,
Biology,Record,2021818,PEL,37204,126439,1,,95,halfcm,270,gr,94,,,M6,,,,Otolith,,,,
Biology,Record,2021818,PEL,37204,126439,1,,24,halfcm,275,gr,124,F,62,M6,5,,,Otolith,,,,
Biology,Record,2021818,PEL,37204,126439,1,,87,halfcm,275,gr,90,,,M6,,,,Otolith,,,,
Biology,Record,2021818,PEL,37204,126439,1,,1,halfcm,280,gr,118,F,63,M6,5,,,Otolith,,,,
Biology,Record,2021818,PEL,37204,126439,1,,2,halfcm,280,gr,124,M,63,M6,7,,,Otolith,,,,
Biology,Record,2021818,PEL,37204,126439,1,,14,halfcm,280,gr,120,F,62,M6,4,,,Otolith,,,,
Biology,Record,2021818,PEL,37204,126439,1,,15,halfcm,280,gr,124,F,63,M6,4,,,Otolith,,,,
Biology,Record,2021818,PEL,37204,126439,1,,28,halfcm,280,gr,90,F,64,M6,3,,,Otolith,,,,
Biology,Record,2021818,PEL,37204,126439,1,,40,halfcm,280,gr,104,,,M6,,,,Otolith,,,,
Biology,Record,2021818,PEL,37204,126439,1,,56,halfcm,280,gr,126,,,M6,,,,Otolith,,,,
Biology,Record,2021818,PEL,37204,126439,1,,63,halfcm,280,gr,96,,,M6,,,,Otolith,,,,
Biology,Record,2021818,PEL,37204,126439,1,,65,halfcm,280,gr,122,,,M6,,,,Otolith,,,,
Biology,Record,2021818,PEL,37204,126439,1,,76,halfcm,280,gr,110,,,M6,,,,Otolith,,,,
Biology,Record,2021818,PEL,37204,126439,1,,82,halfcm,280,gr,118,,,M6,,,,Otolith,,,,
Biology,Record,2021818,PEL,37204,126439,1,,92,halfcm,280,gr,98,,,M6,,,,Otolith,,,,
Biology,Record,2021818,PEL,37204,126439,1,,98,halfcm,280,gr,98,,,M6,,,,Otolith,,,,
Biology,Record,2021818,PEL,37204,126439,1,,12,halfcm,285,gr,112,F,63,M6,4,,,Otolith,,,,
Biology,Record,2021818,PEL,37204,126439,1,,13,halfcm,285,gr,116,F,62,M6,4,,,Otolith,,,,
Biology,Record,2021818,PEL,37204,126439,1,,41,halfcm,285,gr,110,,,M6,,,,Otolith,,,,
Biology,Record,2021818,PEL,37204,126439,1,,70,halfcm,285,gr,110,,,M6,,,,Otolith,,,,
Biology,Record,2021818,PEL,37204,126439,1,,72,halfcm,285,gr,106,,,M6,,,,Otolith,,,,
Biology,Record,2021818,PEL,37204,126439,1,,73,halfcm,285,gr,132,,,M6,,,,Otolith,,,,
Biology,Record,2021818,PEL,37204,126439,1,,78,halfcm,285,gr,102,,,M6,,,,Otolith,,,,
Biology,Record,2021818,PEL,37204,126439,1,,81,halfcm,285,gr,122,,,M6,,,,Otolith,,,,
Biology,Record,2021818,PEL,37204,126439,1,,90,halfcm,285,gr,104,,,M6,,,,Otolith,,,,
Biology,Record,2021818,PEL,37204,126439,1,,99,halfcm,285,gr,118,,,M6,,,,Otolith,,,,
Biology,Record,2021818,PEL,37204,126439,1,,6,halfcm,290,gr,128,F,62,M6,5,,,Otolith,,,,
Biology,Record,2021818,PEL,37204,126439,1,,16,halfcm,290,gr,112,F,64,M6,7,,,Otolith,,,,
Biology,Record,2021818,PEL,37204,126439,1,,30,halfcm,290,gr,136,M,64,M6,8,,,Otolith,,,,
Biology,Record,2021818,PEL,37204,126439,1,,44,halfcm,290,gr,128,,,M6,,,,Otolith,,,,
Biology,Record,2021818,PEL,37204,126439,1,,84,halfcm,290,gr,116,,,M6,,,,Otolith,,,,
Biology,Record,2021818,PEL,37204,126439,1,,97,halfcm,290,gr,118,,,M6,,,,Otolith,,,,
Biology,Record,2021818,PEL,37204,126439,1,,3,halfcm,295,gr,116,F,63,M6,7,,,Otolith,,,,
Biology,Record,2021818,PEL,37204,126439,1,,4,halfcm,295,gr,120,M,64,M6,7,,,Otolith,,,,
Biology,Record,2021818,PEL,37204,126439,1,,25,halfcm,295,gr,108,F,64,M6,4,,,Otolith,,,,
Biology,Record,2021818,PEL,37204,126439,1,,79,halfcm,295,gr,118,,,M6,,,,Otolith,,,,
Biology,Record,2021818,PEL,37204,126439,1,,19,halfcm,300,gr,142,F,63,M6,7,,,Otolith,,,,
Biology,Record,2021818,PEL,37204,126439,1,,34,halfcm,300,gr,132,,,M6,,,,Otolith,,,,
Biology,Record,2021818,PEL,37204,126439,1,,38,halfcm,300,gr,124,,,M6,,,,Otolith,,,,
Biology,Record,2021818,PEL,37204,126439,1,,45,halfcm,300,gr,158,,,M6,,,,Otolith,,,,
Biology,Record,2021818,PEL,37204,126439,1,,75,halfcm,300,gr,160,,,M6,,,,Otolith,,,,
Biology,Record,2021818,PEL,37204,126439,1,,94,halfcm,300,gr,128,,,M6,,,,Otolith,,,,
Biology,Record,2021818,PEL,37204,126439,1,,20,halfcm,305,gr,126,F,63,M6,4,,,Otolith,,,,
Biology,Record,2021818,PEL,37204,126439,1,,23,halfcm,305,gr,120,F,63,M6,7,,,Otolith,,,,
Biology,Record,2021818,PEL,37204,126439,1,,27,halfcm,305,gr,152,F,63,M6,6,,,Otolith,,,,
Biology,Record,2021818,PEL,37204,126439,1,,39,halfcm,305,gr,140,,,M6,,,,Otolith,,,,
Biology,Record,2021818,PEL,37204,126439,1,,50,halfcm,305,gr,124,,,M6,,,,Otolith,,,,
Biology,Record,2021818,PEL,37204,126439,1,,67,halfcm,305,gr,134,,,M6,,,,Otolith,,,,
Biology,Record,2021818,PEL,37204,126439,1,,68,halfcm,305,gr,124,,,M6,,,,Otolith,,,,
Biology,Record,2021818,PEL,37204,126439,1,,71,halfcm,305,gr,130,,,M6,,,,Otolith,,,,
Biology,Record,2021818,PEL,37204,126439,1,,89,halfcm,305,gr,136,,,M6,,,,Otolith,,,,
Biology,Record,2021818,PEL,37204,126439,1,,17,halfcm,310,gr,146,F,62,M6,8,,,Otolith,,,,
Biology,Record,2021818,PEL,37204,126439,1,,18,halfcm,310,gr,148,F,64,M6,3,,,Otolith,,,,
Biology,Record,2021818,PEL,37204,126439,1,,35,halfcm,310,gr,174,,,M6,,,,Otolith,,,,
Biology,Record,2021818,PEL,37204,126439,1,,49,halfcm,310,gr,142,,,M6,,,,Otolith,,,,
Biology,Record,2021818,PEL,37204,126439,1,,54,halfcm,310,gr,144,,,M6,,,,Otolith,,,,
Biology,Record,2021818,PEL,37204,126439,1,,83,halfcm,310,gr,130,,,M6,,,,Otolith,,,,
Biology,Record,2021818,PEL,37204,126439,1,,93,halfcm,310,gr,140,,,M6,,,,Otolith,,,,
Biology,Record,2021818,PEL,37204,126439,1,,100,halfcm,310,gr,136,,,M6,,,,Otolith,,,,
Biology,Record,2021818,PEL,37204,126439,1,,32,halfcm,315,gr,136,,,M6,,,,Otolith,,,,
Biology,Record,2021818,PEL,37204,126439,1,,61,halfcm,315,gr,142,,,M6,,,,Otolith,,,,
Biology,Record,2021818,PEL,37204,126439,1,,77,halfcm,315,gr,148,,,M6,,,,Otolith,,,,
Biology,Record,2021818,PEL,37204,126439,1,,10,halfcm,320,gr,142,F,64,M6,6,,,Otolith,,,,
Biology,Record,2021818,PEL,37204,126439,1,,36,halfcm,320,gr,146,,,M6,,,,Otolith,,,,
Biology,Record,2021818,PEL,37204,126439,1,,37,halfcm,320,gr,138,,,M6,,,,Otolith,,,,
Biology,Record,2021818,PEL,37204,126439,1,,57,halfcm,320,gr,172,,,M6,,,,Otolith,,,,
Biology,Record,2021818,PEL,37204,126439,1,,69,halfcm,320,gr,180,,,M6,,,,Otolith,,,,
Biology,Record,2021818,PEL,37204,126439,1,,7,halfcm,325,gr,156,F,64,M6,5,,,Otolith,,,,
Biology,Record,2021818,PEL,37204,126439,1,,29,halfcm,325,gr,158,M,64,M6,7,,,Otolith,,,,
Biology,Record,2021818,PEL,37204,126439,1,,46,halfcm,325,gr,174,,,M6,,,,Otolith,,,,
Biology,Record,2021818,PEL,37204,126439,1,,55,halfcm,325,gr,166,,,M6,,,,Otolith,,,,
Biology,Record,2021818,PEL,37204,126439,1,,85,halfcm,325,gr,150,,,M6,,,,Otolith,,,,
Biology,Record,2021818,PEL,37204,126439,1,,5,halfcm,330,gr,148,F,63,M6,7,,,Otolith,,,,
Biology,Record,2021818,PEL,37204,126439,1,,21,halfcm,330,gr,168,F,63,M6,7,,,Otolith,,,,
Biology,Record,2021818,PEL,37204,126439,1,,48,halfcm,330,gr,180,,,M6,,,,Otolith,,,,
Biology,Record,2021818,PEL,37204,126439,1,,47,halfcm,335,gr,182,,,M6,,,,Otolith,,,,
Biology,Record,2021818,PEL,37204,126439,1,,60,halfcm,335,gr,194,,,M6,,,,Otolith,,,,
Biology,Record,2021818,PEL,37204,126439,1,,62,halfcm,335,gr,174,,,M6,,,,Otolith,,,,
Biology,Record,2021818,PEL,37204,126439,1,,31,halfcm,340,gr,190,,,M6,,,,Otolith,,,,
Biology,Record,2021818,PEL,37204,126439,1,,96,halfcm,340,gr,188,,,M6,,,,Otolith,,,,
Biology,Record,2021818,PEL,37204,126439,1,,59,halfcm,345,gr,214,,,M6,,,,Otolith,,,,
Biology,Record,2021818,PEL,37204,126439,1,,74,halfcm,345,gr,182,,,M6,,,,Otolith,,,,
Biology,Record,2021818,PEL,37204,126439,1,,8,halfcm,350,gr,238,F,63,M6,10,,,Otolith,,,,
Biology,Record,2021818,PEL,37204,126439,1,,91,halfcm,380,gr,252,,,M6,,,,Otolith,,,,
Biology,Record,2021818,PEL,37205,126352,1,,2,halfcm,175,gr,,,,M6,,,,Otolith,,,,
Biology,Record,2021818,PEL,37205,126352,1,,1,halfcm,190,gr,,,,M6,,,,Otolith,,,,
Biology,Record,2021818,PEL,37205,126439,1,,1,halfcm,170,gr,26,F,61,M6,1,,,Otolith,,,,
Biology,Record,2021818,PEL,37205,126439,1,,29,halfcm,170,gr,24,F,61,M6,1,,,Otolith,,,,
Biology,Record,2021818,PEL,37205,126439,1,,39,halfcm,170,gr,28,,,M6,,,,Otolith,,,,
Biology,Record,2021818,PEL,37205,126439,1,,20,halfcm,180,gr,28,M,61,M6,1,,,Otolith,,,,
Biology,Record,2021818,PEL,37205,126439,1,,24,halfcm,180,gr,30,M,61,M6,1,,,Otolith,,,,
Biology,Record,2021818,PEL,37205,126439,1,,35,halfcm,180,gr,32,,,M6,,,,Otolith,,,,
Biology,Record,2021818,PEL,37205,126439,1,,53,halfcm,180,gr,28,,,M6,,,,Otolith,,,,
Biology,Record,2021818,PEL,37205,126439,1,,84,halfcm,180,gr,26,,,M6,,,,Otolith,,,,
Biology,Record,2021818,PEL,37205,126439,1,,86,halfcm,180,gr,30,,,M6,,,,Otolith,,,,
Biology,Record,2021818,PEL,37205,126439,1,,21,halfcm,185,gr,30,M,61,M6,1,,,Otolith,,,,
Biology,Record,2021818,PEL,37205,126439,1,,91,halfcm,190,gr,32,,,M6,,,,Otolith,,,,
Biology,Record,2021818,PEL,37205,126439,1,,22,halfcm,200,gr,42,M,61,M6,1,,,Otolith,,,,
Biology,Record,2021818,PEL,37205,126439,1,,88,halfcm,235,gr,60,,,M6,,,,Otolith,,,,
Biology,Record,2021818,PEL,37205,126439,1,,30,halfcm,240,gr,70,M,64,M6,2,,,Otolith,,,,
Biology,Record,2021818,PEL,37205,126439,1,,73,halfcm,245,gr,72,,,M6,,,,Otolith,,,,
Biology,Record,2021818,PEL,37205,126439,1,,76,halfcm,245,gr,68,,,M6,,,,Otolith,,,,
Biology,Record,2021818,PEL,37205,126439,1,,34,halfcm,250,gr,78,,,M6,,,,Otolith,,,,
Biology,Record,2021818,PEL,37205,126439,1,,69,halfcm,250,gr,82,,,M6,,,,Otolith,,,,
Biology,Record,2021818,PEL,37205,126439,1,,83,halfcm,250,gr,86,,,M6,,,,Otolith,,,,
Biology,Record,2021818,PEL,37205,126439,1,,95,halfcm,255,gr,88,,,M6,,,,Otolith,,,,
Biology,Record,2021818,PEL,37205,126439,1,,97,halfcm,255,gr,76,,,M6,,,,Otolith,,,,
Biology,Record,2021818,PEL,37205,126439,1,,11,halfcm,260,gr,80,M,64,M6,2,,,Otolith,,,,
Biology,Record,2021818,PEL,37205,126439,1,,17,halfcm,260,gr,80,M,64,M6,3,,,Otolith,,,,
Biology,Record,2021818,PEL,37205,126439,1,,28,halfcm,260,gr,100,M,64,M6,2,,,Otolith,,,,
Biology,Record,2021818,PEL,37205,126439,1,,37,halfcm,260,gr,80,,,M6,,,,Otolith,,,,
Biology,Record,2021818,PEL,37205,126439,1,,75,halfcm,260,gr,78,,,M6,,,,Otolith,,,,
Biology,Record,2021818,PEL,37205,126439,1,,80,halfcm,260,gr,88,,,M6,,,,Otolith,,,,
Biology,Record,2021818,PEL,37205,126439,1,,81,halfcm,260,gr,86,,,M6,,,,Otolith,,,,
Biology,Record,2021818,PEL,37205,126439,1,,90,halfcm,260,gr,84,,,M6,,,,Otolith,,,,
Biology,Record,2021818,PEL,37205,126439,1,,93,halfcm,260,gr,90,,,M6,,,,Otolith,,,,
Biology,Record,2021818,PEL,37205,126439,1,,94,halfcm,260,gr,94,,,M6,,,,Otolith,,,,
Biology,Record,2021818,PEL,37205,126439,1,,27,halfcm,265,gr,100,F,64,M6,2,,,Otolith,,,,
Biology,Record,2021818,PEL,37205,126439,1,,42,halfcm,265,gr,76,,,M6,,,,Otolith,,,,
Biology,Record,2021818,PEL,37205,126439,1,,66,halfcm,265,gr,98,,,M6,,,,Otolith,,,,
Biology,Record,2021818,PEL,37205,126439,1,,72,halfcm,265,gr,102,,,M6,,,,Otolith,,,,
Biology,Record,2021818,PEL,37205,126439,1,,98,halfcm,265,gr,90,,,M6,,,,Otolith,,,,
Biology,Record,2021818,PEL,37205,126439,1,,8,halfcm,270,gr,112,M,64,M6,7,,,Otolith,,,,
Biology,Record,2021818,PEL,37205,126439,1,,18,halfcm,270,gr,90,F,64,M6,2,,,Otolith,,,,
Biology,Record,2021818,PEL,37205,126439,1,,23,halfcm,270,gr,92,M,64,M6,4,,,Otolith,,,,
Biology,Record,2021818,PEL,37205,126439,1,,52,halfcm,270,gr,100,,,M6,,,,Otolith,,,,
Biology,Record,2021818,PEL,37205,126439,1,,71,halfcm,270,gr,98,,,M6,,,,Otolith,,,,
Biology,Record,2021818,PEL,37205,126439,1,,2,halfcm,275,gr,112,F,64,M6,3,,,Otolith,,,,
Biology,Record,2021818,PEL,37205,126439,1,,10,halfcm,275,gr,104,F,64,M6,2,,,Otolith,,,,
Biology,Record,2021818,PEL,37205,126439,1,,50,halfcm,275,gr,112,,,M6,,,,Otolith,,,,
Biology,Record,2021818,PEL,37205,126439,1,,56,halfcm,275,gr,96,,,M6,,,,Otolith,,,,
Biology,Record,2021818,PEL,37205,126439,1,,78,halfcm,275,gr,100,,,M6,,,,Otolith,,,,
Biology,Record,2021818,PEL,37205,126439,1,,38,halfcm,280,gr,124,,,M6,,,,Otolith,,,,
Biology,Record,2021818,PEL,37205,126439,1,,64,halfcm,280,gr,130,,,M6,,,,Otolith,,,,
Biology,Record,2021818,PEL,37205,126439,1,,68,halfcm,280,gr,102,,,M6,,,,Otolith,,,,
Biology,Record,2021818,PEL,37205,126439,1,,77,halfcm,280,gr,104,,,M6,,,,Otolith,,,,
Biology,Record,2021818,PEL,37205,126439,1,,48,halfcm,285,gr,148,,,M6,,,,Otolith,,,,
Biology,Record,2021818,PEL,37205,126439,1,,62,halfcm,285,gr,110,,,M6,,,,Otolith,,,,
Biology,Record,2021818,PEL,37205,126439,1,,87,halfcm,285,gr,116,,,M6,,,,Otolith,,,,
Biology,Record,2021818,PEL,37205,126439,1,,100,halfcm,285,gr,108,,,M6,,,,Otolith,,,,
Biology,Record,2021818,PEL,37205,126439,1,,13,halfcm,290,gr,128,F,64,M6,5,,,Otolith,,,,
Biology,Record,2021818,PEL,37205,126439,1,,36,halfcm,290,gr,112,,,M6,,,,Otolith,,,,
Biology,Record,2021818,PEL,37205,126439,1,,44,halfcm,290,gr,116,,,M6,,,,Otolith,,,,
Biology,Record,2021818,PEL,37205,126439,1,,45,halfcm,290,gr,120,,,M6,,,,Otolith,,,,
Biology,Record,2021818,PEL,37205,126439,1,,47,halfcm,290,gr,136,,,M6,,,,Otolith,,,,
Biology,Record,2021818,PEL,37205,126439,1,,58,halfcm,290,gr,122,,,M6,,,,Otolith,,,,
Biology,Record,2021818,PEL,37205,126439,1,,59,halfcm,290,gr,118,,,M6,,,,Otolith,,,,
Biology,Record,2021818,PEL,37205,126439,1,,61,halfcm,290,gr,116,,,M6,,,,Otolith,,,,
Biology,Record,2021818,PEL,37205,126439,1,,12,halfcm,295,gr,174,M,62,M6,7,,,Otolith,,,,
Biology,Record,2021818,PEL,37205,126439,1,,33,halfcm,295,gr,130,,,M6,,,,Otolith,,,,
Biology,Record,2021818,PEL,37205,126439,1,,5,halfcm,300,gr,124,F,64,M6,4,,,Otolith,,,,
Biology,Record,2021818,PEL,37205,126439,1,,40,halfcm,300,gr,126,,,M6,,,,Otolith,,,,
Biology,Record,2021818,PEL,37205,126439,1,,70,halfcm,300,gr,128,,,M6,,,,Otolith,,,,
Biology,Record,2021818,PEL,37205,126439,1,,85,halfcm,300,gr,126,,,M6,,,,Otolith,,,,
Biology,Record,2021818,PEL,37205,126439,1,,6,halfcm,305,gr,132,F,64,M6,7,,,Otolith,,,,
Biology,Record,2021818,PEL,37205,126439,1,,19,halfcm,305,gr,132,F,63,M6,7,,,Otolith,,,,
Biology,Record,2021818,PEL,37205,126439,1,,32,halfcm,305,gr,122,,,M6,,,,Otolith,,,,
Biology,Record,2021818,PEL,37205,126439,1,,54,halfcm,305,gr,136,,,M6,,,,Otolith,,,,
Biology,Record,2021818,PEL,37205,126439,1,,79,halfcm,305,gr,126,,,M6,,,,Otolith,,,,
Biology,Record,2021818,PEL,37205,126439,1,,3,halfcm,310,gr,140,F,64,M6,5,,,Otolith,,,,
Biology,Record,2021818,PEL,37205,126439,1,,14,halfcm,310,gr,134,F,64,M6,7,,,Otolith,,,,
Biology,Record,2021818,PEL,37205,126439,1,,15,halfcm,310,gr,130,F,64,M6,6,,,Otolith,,,,
Biology,Record,2021818,PEL,37205,126439,1,,25,halfcm,310,gr,140,F,64,M6,4,,,Otolith,,,,
Biology,Record,2021818,PEL,37205,126439,1,,26,halfcm,310,gr,142,F,64,M6,7,,,Otolith,,,,
Biology,Record,2021818,PEL,37205,126439,1,,46,halfcm,310,gr,144,,,M6,,,,Otolith,,,,
Biology,Record,2021818,PEL,37205,126439,1,,49,halfcm,310,gr,138,,,M6,,,,Otolith,,,,
Biology,Record,2021818,PEL,37205,126439,1,,51,halfcm,310,gr,142,,,M6,,,,Otolith,,,,
Biology,Record,2021818,PEL,37205,126439,1,,60,halfcm,315,gr,146,,,M6,,,,Otolith,,,,
Biology,Record,2021818,PEL,37205,126439,1,,65,halfcm,315,gr,142,,,M6,,,,Otolith,,,,
Biology,Record,2021818,PEL,37205,126439,1,,4,halfcm,320,gr,146,F,64,M6,5,,,Otolith,,,,
Biology,Record,2021818,PEL,37205,126439,1,,7,halfcm,320,gr,150,F,63,M6,5,,,Otolith,,,,
Biology,Record,2021818,PEL,37205,126439,1,,31,halfcm,320,gr,144,,,M6,,,,Otolith,,,,
Biology,Record,2021818,PEL,37205,126439,1,,55,halfcm,320,gr,174,,,M6,,,,Otolith,,,,
Biology,Record,2021818,PEL,37205,126439,1,,63,halfcm,320,gr,150,,,M6,,,,Otolith,,,,
Biology,Record,2021818,PEL,37205,126439,1,,67,halfcm,320,gr,144,,,M6,,,,Otolith,,,,
Biology,Record,2021818,PEL,37205,126439,1,,89,halfcm,320,gr,144,,,M6,,,,Otolith,,,,
Biology,Record,2021818,PEL,37205,126439,1,,16,halfcm,325,gr,164,F,64,M6,4,,,Otolith,,,,
Biology,Record,2021818,PEL,37205,126439,1,,41,halfcm,325,gr,172,,,M6,,,,Otolith,,,,
Biology,Record,2021818,PEL,37205,126439,1,,43,halfcm,325,gr,146,,,M6,,,,Otolith,,,,
Biology,Record,2021818,PEL,37205,126439,1,,74,halfcm,325,gr,134,,,M6,,,,Otolith,,,,
Biology,Record,2021818,PEL,37205,126439,1,,9,halfcm,330,gr,166,F,64,M6,6,,,Otolith,,,,
Biology,Record,2021818,PEL,37205,126439,1,,57,halfcm,330,gr,168,,,M6,,,,Otolith,,,,
Biology,Record,2021818,PEL,37205,126439,1,,92,halfcm,330,gr,172,,,M6,,,,Otolith,,,,
Biology,Record,2021818,PEL,37205,126439,1,,99,halfcm,330,gr,164,,,M6,,,,Otolith,,,,
Biology,Record,2021818,PEL,37205,126439,1,,82,halfcm,335,gr,170,,,M6,,,,Otolith,,,,
Biology,Record,2021818,PEL,37205,126439,1,,96,halfcm,335,gr,198,,,M6,,,,Otolith,,,,
Biology,Record,2021818,PEL,37205,127312,1,,1,halfcm,40,gr,,,,M6,,,,Otolith,,,,
Biology,Record,2021818,PEL,37206,11760,1,,1,halfcm,105,gr,,,,M6,,,,Otolith,,,,
Biology,Record,2021818,PEL,37206,126352,1,,3,halfcm,170,gr,,,,M6,,,,Otolith,,,,
Biology,Record,2021818,PEL,37206,126352,1,,1,halfcm,175,gr,,,,M6,,,,Otolith,,,,
Biology,Record,2021818,PEL,37206,126352,1,,2,halfcm,195,gr,,,,M6,,,,Otolith,,,,
Biology,Record,2021818,PEL,37206,126439,1,,43,halfcm,155,gr,24,,,M6,,,,Otolith,,,,
Biology,Record,2021818,PEL,37206,126439,1,,5,halfcm,160,gr,24,F,61,M6,1,,,Otolith,,,,
Biology,Record,2021818,PEL,37206,126439,1,,9,halfcm,160,gr,26,M,61,M6,1,,,Otolith,,,,
Biology,Record,2021818,PEL,37206,126439,1,,13,halfcm,160,gr,24,M,61,M6,1,,,Otolith,,,,
Biology,Record,2021818,PEL,37206,126439,1,,20,halfcm,160,gr,26,M,61,M6,1,,,Otolith,,,,
Biology,Record,2021818,PEL,37206,126439,1,,23,halfcm,160,gr,22,M,61,M6,1,,,Otolith,,,,
Biology,Record,2021818,PEL,37206,126439,1,,28,halfcm,160,gr,24,M,61,M6,1,,,Otolith,,,,
Biology,Record,2021818,PEL,37206,126439,1,,30,halfcm,160,gr,24,M,61,M6,1,,,Otolith,,,,
Biology,Record,2021818,PEL,37206,126439,1,,32,halfcm,160,gr,20,,,M6,,,,Otolith,,,,
Biology,Record,2021818,PEL,37206,126439,1,,33,halfcm,160,gr,26,,,M6,,,,Otolith,,,,
Biology,Record,2021818,PEL,37206,126439,1,,63,halfcm,160,gr,28,,,M6,,,,Otolith,,,,
Biology,Record,2021818,PEL,37206,126439,1,,64,halfcm,160,gr,24,,,M6,,,,Otolith,,,,
Biology,Record,2021818,PEL,37206,126439,1,,89,halfcm,160,gr,24,,,M6,,,,Otolith,,,,
Biology,Record,2021818,PEL,37206,126439,1,,90,halfcm,160,gr,26,,,M6,,,,Otolith,,,,
Biology,Record,2021818,PEL,37206,126439,1,,92,halfcm,160,gr,22,,,M6,,,,Otolith,,,,
Biology,Record,2021818,PEL,37206,126439,1,,97,halfcm,160,gr,24,,,M6,,,,Otolith,,,,
Biology,Record,2021818,PEL,37206,126439,1,,12,halfcm,165,gr,26,F,61,M6,1,,,Otolith,,,,
Biology,Record,2021818,PEL,37206,126439,1,,31,halfcm,165,gr,22,,,M6,,,,Otolith,,,,
Biology,Record,2021818,PEL,37206,126439,1,,35,halfcm,165,gr,26,,,M6,,,,Otolith,,,,
Biology,Record,2021818,PEL,37206,126439,1,,36,halfcm,165,gr,26,,,M6,,,,Otolith,,,,
Biology,Record,2021818,PEL,37206,126439,1,,38,halfcm,165,gr,26,,,M6,,,,Otolith,,,,
Biology,Record,2021818,PEL,37206,126439,1,,40,halfcm,165,gr,26,,,M6,,,,Otolith,,,,
Biology,Record,2021818,PEL,37206,126439,1,,48,halfcm,165,gr,22,,,M6,,,,Otolith,,,,
Biology,Record,2021818,PEL,37206,126439,1,,55,halfcm,165,gr,26,,,M6,,,,Otolith,,,,
Biology,Record,2021818,PEL,37206,126439,1,,65,halfcm,165,gr,24,,,M6,,,,Otolith,,,,
Biology,Record,2021818,PEL,37206,126439,1,,69,halfcm,165,gr,30,,,M6,,,,Otolith,,,,
Biology,Record,2021818,PEL,37206,126439,1,,81,halfcm,165,gr,28,,,M6,,,,Otolith,,,,
Biology,Record,2021818,PEL,37206,126439,1,,82,halfcm,165,gr,28,,,M6,,,,Otolith,,,,
Biology,Record,2021818,PEL,37206,126439,1,,99,halfcm,165,gr,26,,,M6,,,,Otolith,,,,
Biology,Record,2021818,PEL,37206,126439,1,,1,halfcm,170,gr,28,F,61,M6,1,,,Otolith,,,,
Biology,Record,2021818,PEL,37206,126439,1,,4,halfcm,170,gr,32,F,61,M6,1,,,Otolith,,,,
Biology,Record,2021818,PEL,37206,126439,1,,24,halfcm,170,gr,24,F,61,M6,1,,,Otolith,,,,
Biology,Record,2021818,PEL,37206,126439,1,,27,halfcm,170,gr,28,F,61,M6,1,,,Otolith,,,,
Biology,Record,2021818,PEL,37206,126439,1,,41,halfcm,170,gr,30,,,M6,,,,Otolith,,,,
Biology,Record,2021818,PEL,37206,126439,1,,45,halfcm,170,gr,26,,,M6,,,,Otolith,,,,
Biology,Record,2021818,PEL,37206,126439,1,,49,halfcm,170,gr,26,,,M6,,,,Otolith,,,,
Biology,Record,2021818,PEL,37206,126439,1,,52,halfcm,170,gr,28,,,M6,,,,Otolith,,,,
Biology,Record,2021818,PEL,37206,126439,1,,59,halfcm,170,gr,28,,,M6,,,,Otolith,,,,
Biology,Record,2021818,PEL,37206,126439,1,,61,halfcm,170,gr,24,,,M6,,,,Otolith,,,,
Biology,Record,2021818,PEL,37206,126439,1,,66,halfcm,170,gr,28,,,M6,,,,Otolith,,,,
Biology,Record,2021818,PEL,37206,126439,1,,67,halfcm,170,gr,30,,,M6,,,,Otolith,,,,
Biology,Record,2021818,PEL,37206,126439,1,,80,halfcm,170,gr,28,,,M6,,,,Otolith,,,,
Biology,Record,2021818,PEL,37206,126439,1,,85,halfcm,170,gr,30,,,M6,,,,Otolith,,,,
Biology,Record,2021818,PEL,37206,126439,1,,88,halfcm,170,gr,28,,,M6,,,,Otolith,,,,
Biology,Record,2021818,PEL,37206,126439,1,,100,halfcm,170,gr,28,,,M6,,,,Otolith,,,,
Biology,Record,2021818,PEL,37206,126439,1,,2,halfcm,175,gr,26,M,61,M6,1,,,Otolith,,,,
Biology,Record,2021818,PEL,37206,126439,1,,3,halfcm,175,gr,28,M,61,M6,1,,,Otolith,,,,
Biology,Record,2021818,PEL,37206,126439,1,,6,halfcm,175,gr,28,F,61,M6,1,,,Otolith,,,,
Biology,Record,2021818,PEL,37206,126439,1,,7,halfcm,175,gr,30,M,61,M6,1,,,Otolith,,,,
Biology,Record,2021818,PEL,37206,126439,1,,8,halfcm,175,gr,28,M,61,M6,1,,,Otolith,,,,
Biology,Record,2021818,PEL,37206,126439,1,,10,halfcm,175,gr,30,F,61,M6,1,,,Otolith,,,,
Biology,Record,2021818,PEL,37206,126439,1,,15,halfcm,175,gr,30,F,61,M6,1,,,Otolith,,,,
Biology,Record,2021818,PEL,37206,126439,1,,17,halfcm,175,gr,28,M,61,M6,1,,,Otolith,,,,
Biology,Record,2021818,PEL,37206,126439,1,,18,halfcm,175,gr,30,M,61,M6,1,,,Otolith,,,,
Biology,Record,2021818,PEL,37206,126439,1,,21,halfcm,175,gr,38,F,61,M6,1,,,Otolith,,,,
Biology,Record,2021818,PEL,37206,126439,1,,26,halfcm,175,gr,30,M,61,M6,1,,,Otolith,,,,
Biology,Record,2021818,PEL,37206,126439,1,,34,halfcm,175,gr,30,,,M6,,,,Otolith,,,,
Biology,Record,2021818,PEL,37206,126439,1,,57,halfcm,175,gr,24,,,M6,,,,Otolith,,,,
Biology,Record,2021818,PEL,37206,126439,1,,68,halfcm,175,gr,26,,,M6,,,,Otolith,,,,
Biology,Record,2021818,PEL,37206,126439,1,,70,halfcm,175,gr,26,,,M6,,,,Otolith,,,,
Biology,Record,2021818,PEL,37206,126439,1,,72,halfcm,175,gr,26,,,M6,,,,Otolith,,,,
Biology,Record,2021818,PEL,37206,126439,1,,75,halfcm,175,gr,30,,,M6,,,,Otolith,,,,
Biology,Record,2021818,PEL,37206,126439,1,,76,halfcm,175,gr,28,,,M6,,,,Otolith,,,,
Biology,Record,2021818,PEL,37206,126439,1,,87,halfcm,175,gr,28,,,M6,,,,Otolith,,,,
Biology,Record,2021818,PEL,37206,126439,1,,14,halfcm,180,gr,32,F,61,M6,1,,,Otolith,,,,
Biology,Record,2021818,PEL,37206,126439,1,,16,halfcm,180,gr,32,F,61,M6,1,,,Otolith,,,,
Biology,Record,2021818,PEL,37206,126439,1,,29,halfcm,180,gr,30,F,61,M6,1,,,Otolith,,,,
Biology,Record,2021818,PEL,37206,126439,1,,39,halfcm,180,gr,32,,,M6,,,,Otolith,,,,
Biology,Record,2021818,PEL,37206,126439,1,,42,halfcm,180,gr,28,,,M6,,,,Otolith,,,,
Biology,Record,2021818,PEL,37206,126439,1,,47,halfcm,180,gr,30,,,M6,,,,Otolith,,,,
Biology,Record,2021818,PEL,37206,126439,1,,53,halfcm,180,gr,32,,,M6,,,,Otolith,,,,
Biology,Record,2021818,PEL,37206,126439,1,,54,halfcm,180,gr,34,,,M6,,,,Otolith,,,,
Biology,Record,2021818,PEL,37206,126439,1,,58,halfcm,180,gr,32,,,M6,,,,Otolith,,,,
Biology,Record,2021818,PEL,37206,126439,1,,73,halfcm,180,gr,32,,,M6,,,,Otolith,,,,
Biology,Record,2021818,PEL,37206,126439,1,,77,halfcm,180,gr,30,,,M6,,,,Otolith,,,,
Biology,Record,2021818,PEL,37206,126439,1,,79,halfcm,180,gr,30,,,M6,,,,Otolith,,,,
Biology,Record,2021818,PEL,37206,126439,1,,83,halfcm,180,gr,32,,,M6,,,,Otolith,,,,
Biology,Record,2021818,PEL,37206,126439,1,,84,halfcm,180,gr,28,,,M6,,,,Otolith,,,,
Biology,Record,2021818,PEL,37206,126439,1,,86,halfcm,180,gr,32,,,M6,,,,Otolith,,,,
Biology,Record,2021818,PEL,37206,126439,1,,93,halfcm,180,gr,32,,,M6,,,,Otolith,,,,
Biology,Record,2021818,PEL,37206,126439,1,,94,halfcm,180,gr,30,,,M6,,,,Otolith,,,,
Biology,Record,2021818,PEL,37206,126439,1,,95,halfcm,180,gr,32,,,M6,,,,Otolith,,,,
Biology,Record,2021818,PEL,37206,126439,1,,25,halfcm,185,gr,34,F,61,M6,1,,,Otolith,,,,
Biology,Record,2021818,PEL,37206,126439,1,,37,halfcm,185,gr,36,,,M6,,,,Otolith,,,,
Biology,Record,2021818,PEL,37206,126439,1,,50,halfcm,185,gr,30,,,M6,,,,Otolith,,,,
Biology,Record,2021818,PEL,37206,126439,1,,60,halfcm,185,gr,34,,,M6,,,,Otolith,,,,
Biology,Record,2021818,PEL,37206,126439,1,,62,halfcm,185,gr,34,,,M6,,,,Otolith,,,,
Biology,Record,2021818,PEL,37206,126439,1,,74,halfcm,185,gr,34,,,M6,,,,Otolith,,,,
Biology,Record,2021818,PEL,37206,126439,1,,91,halfcm,185,gr,34,,,M6,,,,Otolith,,,,
Biology,Record,2021818,PEL,37206,126439,1,,96,halfcm,185,gr,36,,,M6,,,,Otolith,,,,
Biology,Record,2021818,PEL,37206,126439,1,,11,halfcm,190,gr,36,F,61,M6,1,,,Otolith,,,,
Biology,Record,2021818,PEL,37206,126439,1,,22,halfcm,190,gr,42,F,61,M6,1,,,Otolith,,,,
Biology,Record,2021818,PEL,37206,126439,1,,44,halfcm,190,gr,32,,,M6,,,,Otolith,,,,
Biology,Record,2021818,PEL,37206,126439,1,,46,halfcm,190,gr,40,,,M6,,,,Otolith,,,,
Biology,Record,2021818,PEL,37206,126439,1,,51,halfcm,190,gr,38,,,M6,,,,Otolith,,,,
Biology,Record,2021818,PEL,37206,126439,1,,71,halfcm,190,gr,40,,,M6,,,,Otolith,,,,
Biology,Record,2021818,PEL,37206,126439,1,,78,halfcm,190,gr,38,,,M6,,,,Otolith,,,,
Biology,Record,2021818,PEL,37206,126439,1,,98,halfcm,190,gr,34,,,M6,,,,Otolith,,,,
Biology,Record,2021818,PEL,37206,126439,1,,19,halfcm,195,gr,42,M,61,M6,1,,,Otolith,,,,
Biology,Record,2021818,PEL,37206,126439,1,,56,halfcm,195,gr,34,,,M6,,,,Otolith,,,,
Biology,Record,2021818,PEL,37206,127312,1,,1,halfcm,50,gr,,,,M6,,,,Otolith,,,,
Biology,Record,2021818,PEL,37207,126439,1,,77,halfcm,245,gr,80,,,M6,,,,Otolith,,,,
Biology,Record,2021818,PEL,37207,126439,1,,16,halfcm,250,gr,98,M,63,M6,2,,,Otolith,,,,
Biology,Record,2021818,PEL,37207,126439,1,,29,halfcm,250,gr,90,M,63,M6,2,,,Otolith,,,,
Biology,Record,2021818,PEL,37207,126439,1,,98,halfcm,250,gr,96,,,M6,,,,Otolith,,,,
Biology,Record,2021818,PEL,37207,126439,1,,6,halfcm,255,gr,90,M,63,M6,2,,,Otolith,,,,
Biology,Record,2021818,PEL,37207,126439,1,,45,halfcm,255,gr,96,,,M6,,,,Otolith,,,,
Biology,Record,2021818,PEL,37207,126439,1,,95,halfcm,255,gr,104,,,M6,,,,Otolith,,,,
Biology,Record,2021818,PEL,37207,126439,1,,20,halfcm,260,gr,110,M,63,M6,5,,,Otolith,,,,
Biology,Record,2021818,PEL,37207,126439,1,,79,halfcm,260,gr,114,,,M6,,,,Otolith,,,,
Biology,Record,2021818,PEL,37207,126439,1,,5,halfcm,265,gr,104,M,63,M6,2,,,Otolith,,,,
Biology,Record,2021818,PEL,37207,126439,1,,11,halfcm,265,gr,110,M,63,M6,2,,,Otolith,,,,
Biology,Record,2021818,PEL,37207,126439,1,,22,halfcm,265,gr,112,M,63,M6,3,,,Otolith,,,,
Biology,Record,2021818,PEL,37207,126439,1,,66,halfcm,265,gr,102,,,M6,,,,Otolith,,,,
Biology,Record,2021818,PEL,37207,126439,1,,71,halfcm,265,gr,108,,,M6,,,,Otolith,,,,
Biology,Record,2021818,PEL,37207,126439,1,,81,halfcm,265,gr,112,,,M6,,,,Otolith,,,,
Biology,Record,2021818,PEL,37207,126439,1,,84,halfcm,265,gr,98,,,M6,,,,Otolith,,,,
Biology,Record,2021818,PEL,37207,126439,1,,12,halfcm,270,gr,110,M,62,M6,3,,,Otolith,,,,
Biology,Record,2021818,PEL,37207,126439,1,,17,halfcm,270,gr,116,M,63,M6,5,,,Otolith,,,,
Biology,Record,2021818,PEL,37207,126439,1,,51,halfcm,270,gr,118,,,M6,,,,Otolith,,,,
Biology,Record,2021818,PEL,37207,126439,1,,99,halfcm,270,gr,120,,,M6,,,,Otolith,,,,
Biology,Record,2021818,PEL,37207,126439,1,,100,halfcm,270,gr,126,,,M6,,,,Otolith,,,,
Biology,Record,2021818,PEL,37207,126439,1,,67,halfcm,275,gr,132,,,M6,,,,Otolith,,,,
Biology,Record,2021818,PEL,37207,126439,1,,75,halfcm,275,gr,124,,,M6,,,,Otolith,,,,
Biology,Record,2021818,PEL,37207,126439,1,,3,halfcm,280,gr,126,M,63,M6,4,,,Otolith,,,,
Biology,Record,2021818,PEL,37207,126439,1,,9,halfcm,280,gr,136,M,63,M6,5,,,Otolith,,,,
Biology,Record,2021818,PEL,37207,126439,1,,15,halfcm,280,gr,144,F,63,M6,5,,,Otolith,,,,
Biology,Record,2021818,PEL,37207,126439,1,,19,halfcm,280,gr,128,M,63,M6,5,,,Otolith,,,,
Biology,Record,2021818,PEL,37207,126439,1,,30,halfcm,280,gr,124,F,63,M6,3,,,Otolith,,,,
Biology,Record,2021818,PEL,37207,126439,1,,40,halfcm,280,gr,134,,,M6,,,,Otolith,,,,
Biology,Record,2021818,PEL,37207,126439,1,,54,halfcm,280,gr,108,,,M6,,,,Otolith,,,,
Biology,Record,2021818,PEL,37207,126439,1,,59,halfcm,280,gr,134,,,M6,,,,Otolith,,,,
Biology,Record,2021818,PEL,37207,126439,1,,60,halfcm,280,gr,138,,,M6,,,,Otolith,,,,
Biology,Record,2021818,PEL,37207,126439,1,,68,halfcm,280,gr,130,,,M6,,,,Otolith,,,,
Biology,Record,2021818,PEL,37207,126439,1,,32,halfcm,285,gr,130,,,M6,,,,Otolith,,,,
Biology,Record,2021818,PEL,37207,126439,1,,36,halfcm,285,gr,148,,,M6,,,,Otolith,,,,
Biology,Record,2021818,PEL,37207,126439,1,,53,halfcm,285,gr,136,,,M6,,,,Otolith,,,,
Biology,Record,2021818,PEL,37207,126439,1,,74,halfcm,285,gr,144,,,M6,,,,Otolith,,,,
Biology,Record,2021818,PEL,37207,126439,1,,91,halfcm,285,gr,134,,,M6,,,,Otolith,,,,
Biology,Record,2021818,PEL,37207,126439,1,,2,halfcm,290,gr,146,M,63,M6,7,,,Otolith,,,,
Biology,Record,2021818,PEL,37207,126439,1,,26,halfcm,290,gr,132,F,63,M6,4,,,Otolith,,,,
Biology,Record,2021818,PEL,37207,126439,1,,39,halfcm,290,gr,150,,,M6,,,,Otolith,,,,
Biology,Record,2021818,PEL,37207,126439,1,,43,halfcm,290,gr,174,,,M6,,,,Otolith,,,,
Biology,Record,2021818,PEL,37207,126439,1,,44,halfcm,290,gr,164,,,M6,,,,Otolith,,,,
Biology,Record,2021818,PEL,37207,126439,1,,86,halfcm,290,gr,150,,,M6,,,,Otolith,,,,
Biology,Record,2021818,PEL,37207,126439,1,,96,halfcm,290,gr,126,,,M6,,,,Otolith,,,,
Biology,Record,2021818,PEL,37207,126439,1,,10,halfcm,295,gr,152,M,64,M6,3,,,Otolith,,,,
Biology,Record,2021818,PEL,37207,126439,1,,28,halfcm,295,gr,152,F,63,M6,5,,,Otolith,,,,
Biology,Record,2021818,PEL,37207,126439,1,,37,halfcm,295,gr,150,,,M6,,,,Otolith,,,,
Biology,Record,2021818,PEL,37207,126439,1,,47,halfcm,295,gr,170,,,M6,,,,Otolith,,,,
Biology,Record,2021818,PEL,37207,126439,1,,50,halfcm,295,gr,152,,,M6,,,,Otolith,,,,
Biology,Record,2021818,PEL,37207,126439,1,,1,halfcm,300,gr,176,F,63,M6,7,,,Otolith,,,,
Biology,Record,2021818,PEL,37207,126439,1,,27,halfcm,300,gr,150,F,63,M6,7,,,Otolith,,,,
Biology,Record,2021818,PEL,37207,126439,1,,35,halfcm,300,gr,182,,,M6,,,,Otolith,,,,
Biology,Record,2021818,PEL,37207,126439,1,,56,halfcm,300,gr,174,,,M6,,,,Otolith,,,,
Biology,Record,2021818,PEL,37207,126439,1,,62,halfcm,300,gr,176,,,M6,,,,Otolith,,,,
Biology,Record,2021818,PEL,37207,126439,1,,89,halfcm,300,gr,180,,,M6,,,,Otolith,,,,
Biology,Record,2021818,PEL,37207,126439,1,,90,halfcm,300,gr,150,,,M6,,,,Otolith,,,,
Biology,Record,2021818,PEL,37207,126439,1,,7,halfcm,305,gr,204,M,63,M6,8,,,Otolith,,,,
Biology,Record,2021818,PEL,37207,126439,1,,8,halfcm,305,gr,186,M,63,M6,7,,,Otolith,,,,
Biology,Record,2021818,PEL,37207,126439,1,,58,halfcm,305,gr,190,,,M6,,,,Otolith,,,,
Biology,Record,2021818,PEL,37207,126439,1,,70,halfcm,305,gr,170,,,M6,,,,Otolith,,,,
Biology,Record,2021818,PEL,37207,126439,1,,76,halfcm,305,gr,166,,,M6,,,,Otolith,,,,
Biology,Record,2021818,PEL,37207,126439,1,,80,halfcm,305,gr,158,,,M6,,,,Otolith,,,,
Biology,Record,2021818,PEL,37207,126439,1,,82,halfcm,305,gr,174,,,M6,,,,Otolith,,,,
Biology,Record,2021818,PEL,37207,126439,1,,94,halfcm,305,gr,156,,,M6,,,,Otolith,,,,
Biology,Record,2021818,PEL,37207,126439,1,,13,halfcm,310,gr,200,M,63,M6,10,,,Otolith,,,,
Biology,Record,2021818,PEL,37207,126439,1,,18,halfcm,310,gr,186,F,63,M6,4,,,Otolith,,,,
Biology,Record,2021818,PEL,37207,126439,1,,65,halfcm,310,gr,168,,,M6,,,,Otolith,,,,
Biology,Record,2021818,PEL,37207,126439,1,,83,halfcm,310,gr,154,,,M6,,,,Otolith,,,,
Biology,Record,2021818,PEL,37207,126439,1,,87,halfcm,310,gr,192,,,M6,,,,Otolith,,,,
Biology,Record,2021818,PEL,37207,126439,1,,93,halfcm,310,gr,178,,,M6,,,,Otolith,,,,
Biology,Record,2021818,PEL,37207,126439,1,,14,halfcm,315,gr,188,M,63,M6,9,,,Otolith,,,,
Biology,Record,2021818,PEL,37207,126439,1,,25,halfcm,315,gr,198,M,63,M6,5,,,Otolith,,,,
Biology,Record,2021818,PEL,37207,126439,1,,38,halfcm,315,gr,182,,,M6,,,,Otolith,,,,
Biology,Record,2021818,PEL,37207,126439,1,,41,halfcm,315,gr,206,,,M6,,,,Otolith,,,,
Biology,Record,2021818,PEL,37207,126439,1,,48,halfcm,315,gr,224,,,M6,,,,Otolith,,,,
Biology,Record,2021818,PEL,37207,126439,1,,55,halfcm,315,gr,236,,,M6,,,,Otolith,,,,
Biology,Record,2021818,PEL,37207,126439,1,,78,halfcm,315,gr,204,,,M6,,,,Otolith,,,,
Biology,Record,2021818,PEL,37207,126439,1,,92,halfcm,315,gr,158,,,M6,,,,Otolith,,,,
Biology,Record,2021818,PEL,37207,126439,1,,97,halfcm,315,gr,182,,,M6,,,,Otolith,,,,
Biology,Record,2021818,PEL,37207,126439,1,,46,halfcm,320,gr,182,,,M6,,,,Otolith,,,,
Biology,Record,2021818,PEL,37207,126439,1,,49,halfcm,320,gr,222,,,M6,,,,Otolith,,,,
Biology,Record,2021818,PEL,37207,126439,1,,52,halfcm,320,gr,174,,,M6,,,,Otolith,,,,
Biology,Record,2021818,PEL,37207,126439,1,,64,halfcm,320,gr,220,,,M6,,,,Otolith,,,,
Biology,Record,2021818,PEL,37207,126439,1,,88,halfcm,320,gr,204,,,M6,,,,Otolith,,,,
Biology,Record,2021818,PEL,37207,126439,1,,21,halfcm,325,gr,218,F,63,M6,7,,,Otolith,,,,
Biology,Record,2021818,PEL,37207,126439,1,,24,halfcm,330,gr,228,M,63,M6,8,,,Otolith,,,,
Biology,Record,2021818,PEL,37207,126439,1,,63,halfcm,330,gr,266,,,M6,,,,Otolith,,,,
Biology,Record,2021818,PEL,37207,126439,1,,85,halfcm,330,gr,238,,,M6,,,,Otolith,,,,
Biology,Record,2021818,PEL,37207,126439,1,,31,halfcm,335,gr,250,,,M6,,,,Otolith,,,,
Biology,Record,2021818,PEL,37207,126439,1,,61,halfcm,335,gr,238,,,M6,,,,Otolith,,,,
Biology,Record,2021818,PEL,37207,126439,1,,23,halfcm,340,gr,246,M,63,M6,11,,,Otolith,,,,
Biology,Record,2021818,PEL,37207,126439,1,,42,halfcm,340,gr,252,,,M6,,,,Otolith,,,,
Biology,Record,2021818,PEL,37207,126439,1,,4,halfcm,345,gr,224,F,64,M6,6,,,Otolith,,,,
Biology,Record,2021818,PEL,37207,126439,1,,34,halfcm,345,gr,270,,,M6,,,,Otolith,,,,
Biology,Record,2021818,PEL,37207,126439,1,,69,halfcm,345,gr,240,,,M6,,,,Otolith,,,,
Biology,Record,2021818,PEL,37207,126439,1,,72,halfcm,360,gr,302,,,M6,,,,Otolith,,,,
Biology,Record,2021818,PEL,37207,126439,1,,73,halfcm,370,gr,304,,,M6,,,,Otolith,,,,
Biology,Record,2021818,PEL,37207,126439,1,,57,halfcm,420,gr,432,,,M6,,,,Otolith,,,,
Biology,Record,2021818,PEL,37207,126439,1,,33,halfcm,430,gr,556,,,M6,,,,Otolith,,,,
Biology,Record,2021818,PEL,37207,126580,1,,12,halfcm,35,gr,,,,M6,,,,Otolith,,,,
Biology,Record,2021818,PEL,37207,126580,1,,21,halfcm,35,gr,,,,M6,,,,Otolith,,,,
Biology,Record,2021818,PEL,37207,126580,1,,26,halfcm,35,gr,,,,M6,,,,Otolith,,,,
Biology,Record,2021818,PEL,37207,126580,1,,14,halfcm,40,gr,,,,M6,,,,Otolith,,,,
Biology,Record,2021818,PEL,37207,126580,1,,27,halfcm,40,gr,,,,M6,,,,Otolith,,,,
Biology,Record,2021818,PEL,37207,126580,1,,29,halfcm,40,gr,,,,M6,,,,Otolith,,,,
Biology,Record,2021818,PEL,37207,126580,1,,8,halfcm,45,gr,,,,M6,,,,Otolith,,,,
Biology,Record,2021818,PEL,37207,126580,1,,13,halfcm,45,gr,,,,M6,,,,Otolith,,,,
Biology,Record,2021818,PEL,37207,126580,1,,20,halfcm,45,gr,,,,M6,,,,Otolith,,,,
Biology,Record,2021818,PEL,37207,126580,1,,23,halfcm,45,gr,,,,M6,,,,Otolith,,,,
Biology,Record,2021818,PEL,37207,126580,1,,25,halfcm,45,gr,,,,M6,,,,Otolith,,,,
Biology,Record,2021818,PEL,37207,126580,1,,15,halfcm,50,gr,,,,M6,,,,Otolith,,,,
Biology,Record,2021818,PEL,37207,126580,1,,19,halfcm,50,gr,,,,M6,,,,Otolith,,,,
Biology,Record,2021818,PEL,37207,126580,1,,22,halfcm,50,gr,,,,M6,,,,Otolith,,,,
Biology,Record,2021818,PEL,37207,126580,1,,30,halfcm,50,gr,,,,M6,,,,Otolith,,,,
Biology,Record,2021818,PEL,37207,126580,1,,3,halfcm,55,gr,,,,M6,,,,Otolith,,,,
Biology,Record,2021818,PEL,37207,126580,1,,4,halfcm,55,gr,,,,M6,,,,Otolith,,,,
Biology,Record,2021818,PEL,37207,126580,1,,9,halfcm,55,gr,,,,M6,,,,Otolith,,,,
Biology,Record,2021818,PEL,37207,126580,1,,24,halfcm,55,gr,,,,M6,,,,Otolith,,,,
Biology,Record,2021818,PEL,37207,126580,1,,1,halfcm,60,gr,,,,M6,,,,Otolith,,,,
Biology,Record,2021818,PEL,37207,126580,1,,2,halfcm,60,gr,,,,M6,,,,Otolith,,,,
Biology,Record,2021818,PEL,37207,126580,1,,7,halfcm,60,gr,,,,M6,,,,Otolith,,,,
Biology,Record,2021818,PEL,37207,126580,1,,16,halfcm,60,gr,,,,M6,,,,Otolith,,,,
Biology,Record,2021818,PEL,37207,126580,1,,18,halfcm,60,gr,,,,M6,,,,Otolith,,,,
Biology,Record,2021818,PEL,37207,126580,1,,5,halfcm,65,gr,,,,M6,,,,Otolith,,,,
Biology,Record,2021818,PEL,37207,126580,1,,6,halfcm,65,gr,,,,M6,,,,Otolith,,,,
Biology,Record,2021818,PEL,37207,126580,1,,10,halfcm,65,gr,,,,M6,,,,Otolith,,,,
Biology,Record,2021818,PEL,37207,126580,1,,11,halfcm,65,gr,,,,M6,,,,Otolith,,,,
Biology,Record,2021818,PEL,37207,126580,1,,28,halfcm,65,gr,,,,M6,,,,Otolith,,,,
Biology,Record,2021818,PEL,37207,126580,1,,17,halfcm,70,gr,,,,M6,,,,Otolith,,,,
Biology,Record,2021818,PEL,37207,127312,1,,3,halfcm,35,gr,,,,M6,,,,Otolith,,,,
Biology,Record,2021818,PEL,37207,127312,1,,4,halfcm,35,gr,,,,M6,,,,Otolith,,,,
Biology,Record,2021818,PEL,37207,127312,1,,2,halfcm,40,gr,,,,M6,,,,Otolith,,,,
Biology,Record,2021818,PEL,37207,127312,1,,1,halfcm,50,gr,,,,M6,,,,Otolith,,,,
Biology,Record,2021818,PEL,37208,11760,1,,11,halfcm,190,gr,,,,M6,,,,Otolith,,,,
Biology,Record,2021818,PEL,37208,11760,1,,12,halfcm,195,gr,,,,M6,,,,Otolith,,,,
Biology,Record,2021818,PEL,37208,11760,1,,10,halfcm,205,gr,,,,M6,,,,Otolith,,,,
Biology,Record,2021818,PEL,37208,11760,1,,15,halfcm,210,gr,,,,M6,,,,Otolith,,,,
Biology,Record,2021818,PEL,37208,11760,1,,3,halfcm,215,gr,,,,M6,,,,Otolith,,,,
Biology,Record,2021818,PEL,37208,11760,1,,7,halfcm,215,gr,,,,M6,,,,Otolith,,,,
Biology,Record,2021818,PEL,37208,11760,1,,5,halfcm,220,gr,,,,M6,,,,Otolith,,,,
Biology,Record,2021818,PEL,37208,11760,1,,8,halfcm,220,gr,,,,M6,,,,Otolith,,,,
Biology,Record,2021818,PEL,37208,11760,1,,4,halfcm,230,gr,,,,M6,,,,Otolith,,,,
Biology,Record,2021818,PEL,37208,11760,1,,9,halfcm,230,gr,,,,M6,,,,Otolith,,,,
Biology,Record,2021818,PEL,37208,11760,1,,2,halfcm,235,gr,,,,M6,,,,Otolith,,,,
Biology,Record,2021818,PEL,37208,11760,1,,6,halfcm,245,gr,,,,M6,,,,Otolith,,,,
Biology,Record,2021818,PEL,37208,11760,1,,13,halfcm,255,gr,,,,M6,,,,Otolith,,,,
Biology,Record,2021818,PEL,37208,11760,1,,14,halfcm,260,gr,,,,M6,,,,Otolith,,,,
Biology,Record,2021818,PEL,37208,11760,1,,1,halfcm,265,gr,,,,M6,,,,Otolith,,,,
Biology,Record,2021818,PEL,37208,126352,1,,1,halfcm,195,gr,,,,M6,,,,Otolith,,,,
Biology,Record,2021818,PEL,37208,126352,1,,2,halfcm,200,gr,,,,M6,,,,Otolith,,,,
Biology,Record,2021818,PEL,37208,127312,1,,16,halfcm,20,gr,,,,M6,,,,Otolith,,,,
Biology,Record,2021818,PEL,37208,127312,1,,24,halfcm,20,gr,,,,M6,,,,Otolith,,,,
Biology,Record,2021818,PEL,37208,127312,1,,12,halfcm,25,gr,,,,M6,,,,Otolith,,,,
Biology,Record,2021818,PEL,37208,127312,1,,14,halfcm,25,gr,,,,M6,,,,Otolith,,,,
Biology,Record,2021818,PEL,37208,127312,1,,15,halfcm,25,gr,,,,M6,,,,Otolith,,,,
Biology,Record,2021818,PEL,37208,127312,1,,17,halfcm,25,gr,,,,M6,,,,Otolith,,,,
Biology,Record,2021818,PEL,37208,127312,1,,21,halfcm,25,gr,,,,M6,,,,Otolith,,,,
Biology,Record,2021818,PEL,37208,127312,1,,1,halfcm,30,gr,,,,M6,,,,Otolith,,,,
Biology,Record,2021818,PEL,37208,127312,1,,2,halfcm,30,gr,,,,M6,,,,Otolith,,,,
Biology,Record,2021818,PEL,37208,127312,1,,4,halfcm,30,gr,,,,M6,,,,Otolith,,,,
Biology,Record,2021818,PEL,37208,127312,1,,6,halfcm,30,gr,,,,M6,,,,Otolith,,,,
Biology,Record,2021818,PEL,37208,127312,1,,7,halfcm,30,gr,,,,M6,,,,Otolith,,,,
Biology,Record,2021818,PEL,37208,127312,1,,9,halfcm,30,gr,,,,M6,,,,Otolith,,,,
Biology,Record,2021818,PEL,37208,127312,1,,10,halfcm,30,gr,,,,M6,,,,Otolith,,,,
Biology,Record,2021818,PEL,37208,127312,1,,11,halfcm,30,gr,,,,M6,,,,Otolith,,,,
Biology,Record,2021818,PEL,37208,127312,1,,18,halfcm,30,gr,,,,M6,,,,Otolith,,,,
Biology,Record,2021818,PEL,37208,127312,1,,20,halfcm,30,gr,,,,M6,,,,Otolith,,,,
Biology,Record,2021818,PEL,37208,127312,1,,23,halfcm,30,gr,,,,M6,,,,Otolith,,,,
Biology,Record,2021818,PEL,37208,127312,1,,25,halfcm,30,gr,,,,M6,,,,Otolith,,,,
Biology,Record,2021818,PEL,37208,127312,1,,28,halfcm,30,gr,,,,M6,,,,Otolith,,,,
Biology,Record,2021818,PEL,37208,127312,1,,29,halfcm,30,gr,,,,M6,,,,Otolith,,,,
Biology,Record,2021818,PEL,37208,127312,1,,3,halfcm,35,gr,,,,M6,,,,Otolith,,,,
Biology,Record,2021818,PEL,37208,127312,1,,5,halfcm,35,gr,,,,M6,,,,Otolith,,,,
Biology,Record,2021818,PEL,37208,127312,1,,8,halfcm,35,gr,,,,M6,,,,Otolith,,,,
Biology,Record,2021818,PEL,37208,127312,1,,13,halfcm,35,gr,,,,M6,,,,Otolith,,,,
Biology,Record,2021818,PEL,37208,127312,1,,19,halfcm,35,gr,,,,M6,,,,Otolith,,,,
Biology,Record,2021818,PEL,37208,127312,1,,22,halfcm,35,gr,,,,M6,,,,Otolith,,,,
Biology,Record,2021818,PEL,37208,127312,1,,30,halfcm,35,gr,,,,M6,,,,Otolith,,,,
Biology,Record,2021818,PEL,37208,127312,1,,27,halfcm,40,gr,,,,M6,,,,Otolith,,,,
Biology,Record,2021818,PEL,37208,127312,1,,26,halfcm,50,gr,,,,M6,,,,Otolith,,,,
Biology,Record,2021818,PEL,37209,126439,1,,79,halfcm,155,gr,24,,,M6,,,,Otolith,,,,
Biology,Record,2021818,PEL,37209,126439,1,,98,halfcm,155,gr,22,,,M6,,,,Otolith,,,,
Biology,Record,2021818,PEL,37209,126439,1,,3,halfcm,160,gr,22,M,61,M6,1,,,Otolith,,,,
Biology,Record,2021818,PEL,37209,126439,1,,10,halfcm,160,gr,22,M,61,M6,1,,,Otolith,,,,
Biology,Record,2021818,PEL,37209,126439,1,,11,halfcm,160,gr,22,F,61,M6,1,,,Otolith,,,,
Biology,Record,2021818,PEL,37209,126439,1,,29,halfcm,160,gr,22,M,61,M6,1,,,Otolith,,,,
Biology,Record,2021818,PEL,37209,126439,1,,38,halfcm,160,gr,24,,,M6,,,,Otolith,,,,
Biology,Record,2021818,PEL,37209,126439,1,,39,halfcm,160,gr,26,,,M6,,,,Otolith,,,,
Biology,Record,2021818,PEL,37209,126439,1,,41,halfcm,160,gr,22,,,M6,,,,Otolith,,,,
Biology,Record,2021818,PEL,37209,126439,1,,42,halfcm,160,gr,24,,,M6,,,,Otolith,,,,
Biology,Record,2021818,PEL,37209,126439,1,,43,halfcm,160,gr,24,,,M6,,,,Otolith,,,,
Biology,Record,2021818,PEL,37209,126439,1,,62,halfcm,160,gr,22,,,M6,,,,Otolith,,,,
Biology,Record,2021818,PEL,37209,126439,1,,74,halfcm,160,gr,24,,,M6,,,,Otolith,,,,
Biology,Record,2021818,PEL,37209,126439,1,,75,halfcm,160,gr,26,,,M6,,,,Otolith,,,,
Biology,Record,2021818,PEL,37209,126439,1,,76,halfcm,160,gr,22,,,M6,,,,Otolith,,,,
Biology,Record,2021818,PEL,37209,126439,1,,84,halfcm,160,gr,22,,,M6,,,,Otolith,,,,
Biology,Record,2021818,PEL,37209,126439,1,,91,halfcm,160,gr,22,,,M6,,,,Otolith,,,,
Biology,Record,2021818,PEL,37209,126439,1,,100,halfcm,160,gr,22,,,M6,,,,Otolith,,,,
Biology,Record,2021818,PEL,37209,126439,1,,4,halfcm,165,gr,26,F,61,M6,1,,,Otolith,,,,
Biology,Record,2021818,PEL,37209,126439,1,,6,halfcm,165,gr,28,F,61,M6,1,,,Otolith,,,,
Biology,Record,2021818,PEL,37209,126439,1,,15,halfcm,165,gr,24,F,61,M6,1,,,Otolith,,,,
Biology,Record,2021818,PEL,37209,126439,1,,23,halfcm,165,gr,24,F,61,M6,1,,,Otolith,,,,
Biology,Record,2021818,PEL,37209,126439,1,,33,halfcm,165,gr,24,,,M6,,,,Otolith,,,,
Biology,Record,2021818,PEL,37209,126439,1,,36,halfcm,165,gr,26,,,M6,,,,Otolith,,,,
Biology,Record,2021818,PEL,37209,126439,1,,45,halfcm,165,gr,26,,,M6,,,,Otolith,,,,
Biology,Record,2021818,PEL,37209,126439,1,,52,halfcm,165,gr,26,,,M6,,,,Otolith,,,,
Biology,Record,2021818,PEL,37209,126439,1,,57,halfcm,165,gr,24,,,M6,,,,Otolith,,,,
Biology,Record,2021818,PEL,37209,126439,1,,60,halfcm,165,gr,24,,,M6,,,,Otolith,,,,
Biology,Record,2021818,PEL,37209,126439,1,,17,halfcm,170,gr,28,F,61,M6,1,,,Otolith,,,,
Biology,Record,2021818,PEL,37209,126439,1,,24,halfcm,170,gr,28,M,61,M6,1,,,Otolith,,,,
Biology,Record,2021818,PEL,37209,126439,1,,25,halfcm,170,gr,24,M,61,M6,1,,,Otolith,,,,
Biology,Record,2021818,PEL,37209,126439,1,,71,halfcm,170,gr,26,,,M6,,,,Otolith,,,,
Biology,Record,2021818,PEL,37209,126439,1,,80,halfcm,170,gr,26,,,M6,,,,Otolith,,,,
Biology,Record,2021818,PEL,37209,126439,1,,81,halfcm,170,gr,28,,,M6,,,,Otolith,,,,
Biology,Record,2021818,PEL,37209,126439,1,,86,halfcm,170,gr,26,,,M6,,,,Otolith,,,,
Biology,Record,2021818,PEL,37209,126439,1,,89,halfcm,170,gr,24,,,M6,,,,Otolith,,,,
Biology,Record,2021818,PEL,37209,126439,1,,90,halfcm,170,gr,24,,,M6,,,,Otolith,,,,
Biology,Record,2021818,PEL,37209,126439,1,,95,halfcm,170,gr,26,,,M6,,,,Otolith,,,,
Biology,Record,2021818,PEL,37209,126439,1,,28,halfcm,175,gr,26,M,61,M6,1,,,Otolith,,,,
Biology,Record,2021818,PEL,37209,126439,1,,37,halfcm,175,gr,32,,,M6,,,,Otolith,,,,
Biology,Record,2021818,PEL,37209,126439,1,,55,halfcm,175,gr,30,,,M6,,,,Otolith,,,,
Biology,Record,2021818,PEL,37209,126439,1,,67,halfcm,175,gr,28,,,M6,,,,Otolith,,,,
Biology,Record,2021818,PEL,37209,126439,1,,72,halfcm,175,gr,28,,,M6,,,,Otolith,,,,
Biology,Record,2021818,PEL,37209,126439,1,,77,halfcm,175,gr,30,,,M6,,,,Otolith,,,,
Biology,Record,2021818,PEL,37209,126439,1,,78,halfcm,175,gr,30,,,M6,,,,Otolith,,,,
Biology,Record,2021818,PEL,37209,126439,1,,85,halfcm,175,gr,30,,,M6,,,,Otolith,,,,
Biology,Record,2021818,PEL,37209,126439,1,,87,halfcm,175,gr,30,,,M6,,,,Otolith,,,,
Biology,Record,2021818,PEL,37209,126439,1,,93,halfcm,175,gr,30,,,M6,,,,Otolith,,,,
Biology,Record,2021818,PEL,37209,126439,1,,94,halfcm,175,gr,32,,,M6,,,,Otolith,,,,
Biology,Record,2021818,PEL,37209,126439,1,,5,halfcm,180,gr,28,M,61,M6,1,,,Otolith,,,,
Biology,Record,2021818,PEL,37209,126439,1,,8,halfcm,180,gr,32,M,61,M6,1,,,Otolith,,,,
Biology,Record,2021818,PEL,37209,126439,1,,19,halfcm,180,gr,32,F,61,M6,1,,,Otolith,,,,
Biology,Record,2021818,PEL,37209,126439,1,,21,halfcm,180,gr,30,M,61,M6,1,,,Otolith,,,,
Biology,Record,2021818,PEL,37209,126439,1,,22,halfcm,180,gr,32,M,61,M6,1,,,Otolith,,,,
Biology,Record,2021818,PEL,37209,126439,1,,26,halfcm,180,gr,28,M,61,M6,1,,,Otolith,,,,
Biology,Record,2021818,PEL,37209,126439,1,,34,halfcm,180,gr,34,,,M6,,,,Otolith,,,,
Biology,Record,2021818,PEL,37209,126439,1,,35,halfcm,180,gr,32,,,M6,,,,Otolith,,,,
Biology,Record,2021818,PEL,37209,126439,1,,40,halfcm,180,gr,32,,,M6,,,,Otolith,,,,
Biology,Record,2021818,PEL,37209,126439,1,,51,halfcm,180,gr,30,,,M6,,,,Otolith,,,,
Biology,Record,2021818,PEL,37209,126439,1,,63,halfcm,180,gr,32,,,M6,,,,Otolith,,,,
Biology,Record,2021818,PEL,37209,126439,1,,65,halfcm,180,gr,32,,,M6,,,,Otolith,,,,
Biology,Record,2021818,PEL,37209,126439,1,,92,halfcm,180,gr,32,,,M6,,,,Otolith,,,,
Biology,Record,2021818,PEL,37209,126439,1,,7,halfcm,185,gr,32,F,61,M6,1,,,Otolith,,,,
Biology,Record,2021818,PEL,37209,126439,1,,13,halfcm,185,gr,34,M,61,M6,1,,,Otolith,,,,
Biology,Record,2021818,PEL,37209,126439,1,,14,halfcm,185,gr,34,M,61,M6,1,,,Otolith,,,,
Biology,Record,2021818,PEL,37209,126439,1,,46,halfcm,185,gr,36,,,M6,,,,Otolith,,,,
Biology,Record,2021818,PEL,37209,126439,1,,47,halfcm,185,gr,34,,,M6,,,,Otolith,,,,
Biology,Record,2021818,PEL,37209,126439,1,,59,halfcm,185,gr,32,,,M6,,,,Otolith,,,,
Biology,Record,2021818,PEL,37209,126439,1,,61,halfcm,185,gr,30,,,M6,,,,Otolith,,,,
Biology,Record,2021818,PEL,37209,126439,1,,69,halfcm,185,gr,32,,,M6,,,,Otolith,,,,
Biology,Record,2021818,PEL,37209,126439,1,,70,halfcm,185,gr,32,,,M6,,,,Otolith,,,,
Biology,Record,2021818,PEL,37209,126439,1,,97,halfcm,185,gr,32,,,M6,,,,Otolith,,,,
Biology,Record,2021818,PEL,37209,126439,1,,48,halfcm,190,gr,34,,,M6,,,,Otolith,,,,
Biology,Record,2021818,PEL,37209,126439,1,,53,halfcm,190,gr,40,,,M6,,,,Otolith,,,,
Biology,Record,2021818,PEL,37209,126439,1,,54,halfcm,190,gr,32,,,M6,,,,Otolith,,,,
Biology,Record,2021818,PEL,37209,126439,1,,82,halfcm,190,gr,36,,,M6,,,,Otolith,,,,
Biology,Record,2021818,PEL,37209,126439,1,,2,halfcm,195,gr,40,F,61,M6,1,,,Otolith,,,,
Biology,Record,2021818,PEL,37209,126439,1,,16,halfcm,195,gr,42,M,61,M6,1,,,Otolith,,,,
Biology,Record,2021818,PEL,37209,126439,1,,27,halfcm,195,gr,42,M,61,M6,1,,,Otolith,,,,
Biology,Record,2021818,PEL,37209,126439,1,,50,halfcm,195,gr,42,,,M6,,,,Otolith,,,,
Biology,Record,2021818,PEL,37209,126439,1,,96,halfcm,195,gr,42,,,M6,,,,Otolith,,,,
Biology,Record,2021818,PEL,37209,126439,1,,18,halfcm,200,gr,44,M,61,M6,1,,,Otolith,,,,
Biology,Record,2021818,PEL,37209,126439,1,,49,halfcm,200,gr,40,,,M6,,,,Otolith,,,,
Biology,Record,2021818,PEL,37209,126439,1,,58,halfcm,200,gr,36,,,M6,,,,Otolith,,,,
Biology,Record,2021818,PEL,37209,126439,1,,64,halfcm,200,gr,42,,,M6,,,,Otolith,,,,
Biology,Record,2021818,PEL,37209,126439,1,,73,halfcm,200,gr,40,,,M6,,,,Otolith,,,,
Biology,Record,2021818,PEL,37209,126439,1,,20,halfcm,205,gr,50,F,61,M6,1,,,Otolith,,,,
Biology,Record,2021818,PEL,37209,126439,1,,30,halfcm,205,gr,44,M,61,M6,1,,,Otolith,,,,
Biology,Record,2021818,PEL,37209,126439,1,,32,halfcm,205,gr,44,,,M6,,,,Otolith,,,,
Biology,Record,2021818,PEL,37209,126439,1,,44,halfcm,205,gr,44,,,M6,,,,Otolith,,,,
Biology,Record,2021818,PEL,37209,126439,1,,66,halfcm,205,gr,46,,,M6,,,,Otolith,,,,
Biology,Record,2021818,PEL,37209,126439,1,,68,halfcm,205,gr,50,,,M6,,,,Otolith,,,,
Biology,Record,2021818,PEL,37209,126439,1,,83,halfcm,205,gr,48,,,M6,,,,Otolith,,,,
Biology,Record,2021818,PEL,37209,126439,1,,88,halfcm,205,gr,46,,,M6,,,,Otolith,,,,
Biology,Record,2021818,PEL,37209,126439,1,,99,halfcm,205,gr,50,,,M6,,,,Otolith,,,,
Biology,Record,2021818,PEL,37209,126439,1,,12,halfcm,210,gr,48,F,61,M6,1,,,Otolith,,,,
Biology,Record,2021818,PEL,37209,126439,1,,31,halfcm,210,gr,56,,,M6,,,,Otolith,,,,
Biology,Record,2021818,PEL,37209,126439,1,,1,halfcm,215,gr,54,F,61,M6,1,,,Otolith,,,,
Biology,Record,2021818,PEL,37209,126439,1,,9,halfcm,215,gr,50,M,61,M6,1,,,Otolith,,,,
Biology,Record,2021818,PEL,37209,126439,1,,56,halfcm,220,gr,56,,,M6,,,,Otolith,,,,
Biology,Record,2021818,PEL,37209,127312,1,,1,halfcm,35,gr,,,,M6,,,,Otolith,,,,
Biology,Record,2021818,PEL,37209,127312,1,,2,halfcm,40,gr,,,,M6,,,,Otolith,,,,

