﻿Cruise,Header,CruiseSurvey,CruiseCountry,CruisePlatform,CruiseStartDate,CruiseEndDate,CruiseOrganisation,CruiseLocalID
Cruise,Record,IBWSS,FO,FORS,2021-03-24,2021-04-07,3084,234-1005-2114
Haul,Header,CruiseLocalID,HaulGear,HaulNumber,HaulStationName,HaulStartTime,HaulDuration,HaulValidity,HaulStartLatitude,HaulStartLongitude,HaulStopLatitude,HaulStopLongitude,HaulStatisticalRectangle,HaulMinTrawlDepth,HaulMaxTrawlDepth,HaulBottomDepth,HaulDistance,HaulNetopening,HaulCodendMesh,HaulSweepLength,HaulGearExceptions,HaulDoorType,HaulWarpLength,HaulWarpDiameter,HaulWarpDensity,HaulDoorSurface,HaulDoorWeight,HaulDoorSpread,HaulWingSpread,HaulBuoyancy,HaulKiteArea,HaulGroundRopeWeight,HaulRigging,HaulTickler,HaulHydrographicStationID,HaulTowDirection,HaulSpeedGround,HaulSpeedWater,HaulWindDirection,HaulWindSpeed,HaulSwellDirection,HaulSwellHeight,HaulLogDistance,HaulStratum
Haul,Record,234-1005-2114,PEL,1,21140005,2021-03-29 14:21,30,V,56.5088,-9.18407,56.48689,-9.18107,42E0,460,,480,3246,45,,,,R,1200,,,6,2000,,,,,,,,,,3.5,,270,16,,,,
Haul,Record,234-1005-2114,PEL,2,21140013,2021-04-01 17:21,60,V,59.24398,-7.16908,59.29343,-7.1051,47E2,529,,584,6634,45,,,,R,1500,,,6,2000,,,,,,,,,,3.6,,,0,,,,
Haul,Record,234-1005-2114,PEL,3,21140015,2021-04-02 09:57,111,V,59.98963,-6.10455,59.94372,-5.98663,48E3,611,,700,11939,35,,,,R,1800,,,6,2000,,,,,,,,,,3.5,,,0,,,,
Catch,Header,CruiseLocalID,HaulGear,HaulNumber,CatchDataType,CatchSpeciesCode,CatchSpeciesValidity,CatchSpeciesCategory,CatchSpeciesCategoryNumber,CatchWeightUnit,CatchSpeciesCategoryWeight,CatchSpeciesSex,CatchSubsampledNumber,CatchSubsamplingFactor,CatchSubsampleWeight,CatchLengthCode,CatchLengthClass,CatchLengthType,CatchNumberAtLength,CatchWeightAtLength
Catch,Record,234-1005-2114,PEL,1,R,126439,1,1,,gr,1089876,,210,41.9199,25999,,,,,
Catch,Record,234-1005-2114,PEL,1,R,272728,1,1,,gr,530,,2,40.7692,13,,,,,
Catch,Record,234-1005-2114,PEL,2,R,107052,1,1,,gr,28,,1,14,2,,,,,
Catch,Record,234-1005-2114,PEL,2,R,126352,1,1,,gr,663,,4,14.1064,47,,,,,
Catch,Record,234-1005-2114,PEL,2,R,126439,1,1,,gr,145527,,247,5.5736,26110,,,,,
Catch,Record,234-1005-2114,PEL,2,R,126580,1,1,,gr,1382,,42,14.102,98,,,,,
Catch,Record,234-1005-2114,PEL,2,R,127312,1,1,,gr,99,,4,14.1429,7,,,,,
Catch,Record,234-1005-2114,PEL,2,R,140624,1,1,,gr,53101,,16,8.206,6471,,,,,
Catch,Record,234-1005-2114,PEL,2,R,272728,1,1,,gr,21473,,101,14.1084,1522,,,,,
Catch,Record,234-1005-2114,PEL,3,R,107052,1,1,,gr,733,,2,43.1176,17,,,,,
Catch,Record,234-1005-2114,PEL,3,R,126352,1,1,,gr,3664,,5,43.1059,85,,,,,
Catch,Record,234-1005-2114,PEL,3,R,126439,1,1,,gr,191987,,199,15.6201,12291,,,,,
Catch,Record,234-1005-2114,PEL,3,R,126527,1,1,,gr,16800,,1,1,16800,,,,,
Catch,Record,234-1005-2114,PEL,3,R,126580,1,1,,gr,819,,3,43.1053,19,,,,,
Catch,Record,234-1005-2114,PEL,3,R,140624,1,1,,gr,56083,,29,5.7439,9764,,,,,
Catch,Record,234-1005-2114,PEL,3,R,272728,1,1,,gr,51206,,60,43.1027,1188,,,,,
Biology,Header,CruiseLocalID,HaulGear,HaulNumber,CatchSpeciesCode,CatchSpeciesCategory,BiologyStockCode,BiologyFishID,BiologyLengthCode,BiologyLengthClass,BiologyWeightUnit,BiologyIndividualWeight,BiologyIndividualSex,BiologyIndividualMaturity,BiologyMaturityScale,BiologyIndividualAge,BiologyIndividualGrowthRings,BiologyAgePlusGroup,BiologyAgeSource,BiologyGeneticSamplingFlag,BiologyStomachSamplingFlag,BiologyParasiteSamplingFlag,BiologyIndividualVertebraeCount
Biology,Record,234-1005-2114,PEL,1,126439,1,,5115,mm,163,gr,28,F,A,SMSF,1,,,Otolith,,,,
Biology,Record,234-1005-2114,PEL,1,126439,1,,5100,mm,166,gr,24,F,A,SMSF,1,,,Otolith,,,,
Biology,Record,234-1005-2114,PEL,1,126439,1,,5217,mm,167,gr,25,,,,,,,,,,,
Biology,Record,234-1005-2114,PEL,1,126439,1,,5214,mm,171,gr,29,,,,,,,,,,,
Biology,Record,234-1005-2114,PEL,1,126439,1,,5216,mm,171,gr,29,,,,,,,,,,,
Biology,Record,234-1005-2114,PEL,1,126439,1,,5231,mm,175,gr,31,,,,,,,,,,,
Biology,Record,234-1005-2114,PEL,1,126439,1,,5223,mm,176,gr,33,,,,,,,,,,,
Biology,Record,234-1005-2114,PEL,1,126439,1,,5130,mm,182,gr,31,,,,,,,,,,,
Biology,Record,234-1005-2114,PEL,1,126439,1,,5202,mm,184,gr,38,,,,,,,,,,,
Biology,Record,234-1005-2114,PEL,1,126439,1,,5151,mm,185,gr,38,,,,,,,,,,,
Biology,Record,234-1005-2114,PEL,1,126439,1,,5215,mm,186,gr,31,,,,,,,,,,,
Biology,Record,234-1005-2114,PEL,1,126439,1,,5027,mm,195,gr,41,F,A,SMSF,1,,,Otolith,,,,
Biology,Record,234-1005-2114,PEL,1,126439,1,,5099,mm,195,gr,45,F,A,SMSF,1,,,Otolith,,,,
Biology,Record,234-1005-2114,PEL,1,126439,1,,5222,mm,236,gr,70,,,,,,,,,,,
Biology,Record,234-1005-2114,PEL,1,126439,1,,5142,mm,237,gr,69,,,,,,,,,,,
Biology,Record,234-1005-2114,PEL,1,126439,1,,5191,mm,242,gr,74,,,,,,,,,,,
Biology,Record,234-1005-2114,PEL,1,126439,1,,5109,mm,245,gr,82,M,D,SMSF,3,,,Otolith,,,,
Biology,Record,234-1005-2114,PEL,1,126439,1,,5044,mm,248,gr,72,M,D,SMSF,3,,,Otolith,,,,
Biology,Record,234-1005-2114,PEL,1,126439,1,,5065,mm,249,gr,78,M,D,SMSF,3,,,Otolith,,,,
Biology,Record,234-1005-2114,PEL,1,126439,1,,5189,mm,249,gr,91,,,,,,,,,,,
Biology,Record,234-1005-2114,PEL,1,126439,1,,5062,mm,250,gr,73,M,B,SMSF,3,,,Otolith,,,,
Biology,Record,234-1005-2114,PEL,1,126439,1,,5095,mm,252,gr,80,M,D,SMSF,4,,,Otolith,,,,
Biology,Record,234-1005-2114,PEL,1,126439,1,,5158,mm,252,gr,96,,,,,,,,,,,
Biology,Record,234-1005-2114,PEL,1,126439,1,,5096,mm,253,gr,88,M,B,SMSF,4,,,Otolith,,,,
Biology,Record,234-1005-2114,PEL,1,126439,1,,5123,mm,256,gr,81,,,,,,,,,,,
Biology,Record,234-1005-2114,PEL,1,126439,1,,5107,mm,257,gr,78,M,D,SMSF,3,,,Otolith,,,,
Biology,Record,234-1005-2114,PEL,1,126439,1,,5181,mm,257,gr,85,,,,,,,,,,,
Biology,Record,234-1005-2114,PEL,1,126439,1,,5133,mm,258,gr,82,,,,,,,,,,,
Biology,Record,234-1005-2114,PEL,1,126439,1,,5033,mm,259,gr,85,M,B,SMSF,4,,,Otolith,,,,
Biology,Record,234-1005-2114,PEL,1,126439,1,,5177,mm,259,gr,85,,,,,,,,,,,
Biology,Record,234-1005-2114,PEL,1,126439,1,,5060,mm,260,gr,86,M,B,SMSF,3,,,Otolith,,,,
Biology,Record,234-1005-2114,PEL,1,126439,1,,5221,mm,261,gr,82,,,,,,,,,,,
Biology,Record,234-1005-2114,PEL,1,126439,1,,5226,mm,261,gr,87,,,,,,,,,,,
Biology,Record,234-1005-2114,PEL,1,126439,1,,5024,mm,262,gr,90,M,D,SMSF,5,,,Otolith,,,,
Biology,Record,234-1005-2114,PEL,1,126439,1,,5194,mm,263,gr,92,,,,,,,,,,,
Biology,Record,234-1005-2114,PEL,1,126439,1,,5093,mm,264,gr,104,M,B,SMSF,2,,,Otolith,,,,
Biology,Record,234-1005-2114,PEL,1,126439,1,,5190,mm,264,gr,91,,,,,,,,,,,
Biology,Record,234-1005-2114,PEL,1,126439,1,,5209,mm,264,gr,89,,,,,,,,,,,
Biology,Record,234-1005-2114,PEL,1,126439,1,,5227,mm,264,gr,89,,,,,,,,,,,
Biology,Record,234-1005-2114,PEL,1,126439,1,,5104,mm,265,gr,93,M,D,SMSF,4,,,Otolith,,,,
Biology,Record,234-1005-2114,PEL,1,126439,1,,5179,mm,265,gr,97,,,,,,,,,,,
Biology,Record,234-1005-2114,PEL,1,126439,1,,5097,mm,266,gr,101,M,B,SMSF,3,,,Otolith,,,,
Biology,Record,234-1005-2114,PEL,1,126439,1,,5124,mm,266,gr,101,,,,,,,,,,,
Biology,Record,234-1005-2114,PEL,1,126439,1,,5169,mm,266,gr,87,,,,,,,,,,,
Biology,Record,234-1005-2114,PEL,1,126439,1,,5037,mm,267,gr,95,M,D,SMSF,3,,,Otolith,,,,
Biology,Record,234-1005-2114,PEL,1,126439,1,,5074,mm,267,gr,91,F,B,SMSF,4,,,Otolith,,,,
Biology,Record,234-1005-2114,PEL,1,126439,1,,5155,mm,267,gr,78,,,,,,,,,,,
Biology,Record,234-1005-2114,PEL,1,126439,1,,5200,mm,267,gr,108,,,,,,,,,,,
Biology,Record,234-1005-2114,PEL,1,126439,1,,5035,mm,269,gr,92,M,D,SMSF,3,,,Otolith,,,,
Biology,Record,234-1005-2114,PEL,1,126439,1,,5055,mm,269,gr,103,M,B,SMSF,4,,,Otolith,,,,
Biology,Record,234-1005-2114,PEL,1,126439,1,,5185,mm,269,gr,131,,,,,,,,,,,
Biology,Record,234-1005-2114,PEL,1,126439,1,,5225,mm,269,gr,99,,,,,,,,,,,
Biology,Record,234-1005-2114,PEL,1,126439,1,,5230,mm,269,gr,89,,,,,,,,,,,
Biology,Record,234-1005-2114,PEL,1,126439,1,,5067,mm,270,gr,121,F,B,SMSF,3,,,Otolith,,,,
Biology,Record,234-1005-2114,PEL,1,126439,1,,5149,mm,270,gr,111,,,,,,,,,,,
Biology,Record,234-1005-2114,PEL,1,126439,1,,5030,mm,271,gr,116,F,B,SMSF,5,,,Otolith,,,,
Biology,Record,234-1005-2114,PEL,1,126439,1,,5040,mm,271,gr,92,M,D,SMSF,7,,,Otolith,,,,
Biology,Record,234-1005-2114,PEL,1,126439,1,,5057,mm,272,gr,99,M,B,SMSF,4,,,Otolith,,,,
Biology,Record,234-1005-2114,PEL,1,126439,1,,5078,mm,272,gr,102,F,B,SMSF,4,,,Otolith,,,,
Biology,Record,234-1005-2114,PEL,1,126439,1,,5166,mm,272,gr,137,,,,,,,,,,,
Biology,Record,234-1005-2114,PEL,1,126439,1,,5075,mm,273,gr,95,M,D,SMSF,3,,,Otolith,,,,
Biology,Record,234-1005-2114,PEL,1,126439,1,,5077,mm,273,gr,106,F,Ca,SMSF,3,,,Otolith,,,,
Biology,Record,234-1005-2114,PEL,1,126439,1,,5213,mm,273,gr,101,,,,,,,,,,,
Biology,Record,234-1005-2114,PEL,1,126439,1,,5041,mm,274,gr,122,M,B,SMSF,6,,,Otolith,,,,
Biology,Record,234-1005-2114,PEL,1,126439,1,,5064,mm,274,gr,107,M,Ca,SMSF,5,,,Otolith,,,,
Biology,Record,234-1005-2114,PEL,1,126439,1,,5110,mm,274,gr,112,M,B,SMSF,7,,,Otolith,,,,
Biology,Record,234-1005-2114,PEL,1,126439,1,,5180,mm,274,gr,112,,,,,,,,,,,
Biology,Record,234-1005-2114,PEL,1,126439,1,,5201,mm,274,gr,97,,,,,,,,,,,
Biology,Record,234-1005-2114,PEL,1,126439,1,,5052,mm,275,gr,91,M,D,SMSF,6,,,Otolith,,,,
Biology,Record,234-1005-2114,PEL,1,126439,1,,5084,mm,275,gr,100,M,B,SMSF,3,,,Otolith,,,,
Biology,Record,234-1005-2114,PEL,1,126439,1,,5112,mm,275,gr,102,F,B,SMSF,4,,,Otolith,,,,
Biology,Record,234-1005-2114,PEL,1,126439,1,,5117,mm,275,gr,105,M,D,SMSF,3,,,Otolith,,,,
Biology,Record,234-1005-2114,PEL,1,126439,1,,5174,mm,275,gr,134,,,,,,,,,,,
Biology,Record,234-1005-2114,PEL,1,126439,1,,5176,mm,275,gr,110,,,,,,,,,,,
Biology,Record,234-1005-2114,PEL,1,126439,1,,5208,mm,275,gr,110,,,,,,,,,,,
Biology,Record,234-1005-2114,PEL,1,126439,1,,5220,mm,275,gr,104,,,,,,,,,,,
Biology,Record,234-1005-2114,PEL,1,126439,1,,5058,mm,276,gr,108,F,B,SMSF,4,,,Otolith,,,,
Biology,Record,234-1005-2114,PEL,1,126439,1,,5187,mm,276,gr,124,,,,,,,,,,,
Biology,Record,234-1005-2114,PEL,1,126439,1,,5219,mm,276,gr,97,,,,,,,,,,,
Biology,Record,234-1005-2114,PEL,1,126439,1,,5056,mm,277,gr,103,M,D,SMSF,5,,,Otolith,,,,
Biology,Record,234-1005-2114,PEL,1,126439,1,,5147,mm,277,gr,110,,,,,,,,,,,
Biology,Record,234-1005-2114,PEL,1,126439,1,,5168,mm,277,gr,105,,,,,,,,,,,
Biology,Record,234-1005-2114,PEL,1,126439,1,,5103,mm,278,gr,104,F,B,SMSF,4,,,Otolith,,,,
Biology,Record,234-1005-2114,PEL,1,126439,1,,5163,mm,278,gr,120,,,,,,,,,,,
Biology,Record,234-1005-2114,PEL,1,126439,1,,5025,mm,279,gr,104,M,D,SMSF,8,,,Otolith,,,,
Biology,Record,234-1005-2114,PEL,1,126439,1,,5116,mm,279,gr,108,F,B,SMSF,4,,,Otolith,,,,
Biology,Record,234-1005-2114,PEL,1,126439,1,,5183,mm,279,gr,113,,,,,,,,,,,
Biology,Record,234-1005-2114,PEL,1,126439,1,,5080,mm,280,gr,113,M,B,SMSF,7,,,Otolith,,,,
Biology,Record,234-1005-2114,PEL,1,126439,1,,5119,mm,280,gr,111,M,D,SMSF,4,,,Otolith,,,,
Biology,Record,234-1005-2114,PEL,1,126439,1,,5150,mm,280,gr,119,,,,,,,,,,,
Biology,Record,234-1005-2114,PEL,1,126439,1,,5128,mm,281,gr,102,,,,,,,,,,,
Biology,Record,234-1005-2114,PEL,1,126439,1,,5120,mm,282,gr,121,M,B,SMSF,6,,,Otolith,,,,
Biology,Record,234-1005-2114,PEL,1,126439,1,,5144,mm,282,gr,102,,,,,,,,,,,
Biology,Record,234-1005-2114,PEL,1,126439,1,,5153,mm,282,gr,124,,,,,,,,,,,
Biology,Record,234-1005-2114,PEL,1,126439,1,,5197,mm,282,gr,121,,,,,,,,,,,
Biology,Record,234-1005-2114,PEL,1,126439,1,,5198,mm,282,gr,110,,,,,,,,,,,
Biology,Record,234-1005-2114,PEL,1,126439,1,,5206,mm,282,gr,113,,,,,,,,,,,
Biology,Record,234-1005-2114,PEL,1,126439,1,,5079,mm,283,gr,136,M,B,SMSF,5,,,Otolith,,,,
Biology,Record,234-1005-2114,PEL,1,126439,1,,5086,mm,283,gr,120,F,B,SMSF,3,,,Otolith,,,,
Biology,Record,234-1005-2114,PEL,1,126439,1,,5148,mm,283,gr,120,,,,,,,,,,,
Biology,Record,234-1005-2114,PEL,1,126439,1,,5196,mm,283,gr,126,,,,,,,,,,,
Biology,Record,234-1005-2114,PEL,1,126439,1,,5046,mm,284,gr,115,M,Ca,SMSF,4,,,Otolith,,,,
Biology,Record,234-1005-2114,PEL,1,126439,1,,5068,mm,284,gr,117,F,D,SMSF,6,,,Otolith,,,,
Biology,Record,234-1005-2114,PEL,1,126439,1,,5204,mm,285,gr,106,,,,,,,,,,,
Biology,Record,234-1005-2114,PEL,1,126439,1,,5172,mm,286,gr,113,,,,,,,,,,,
Biology,Record,234-1005-2114,PEL,1,126439,1,,5211,mm,286,gr,123,,,,,,,,,,,
Biology,Record,234-1005-2114,PEL,1,126439,1,,5126,mm,287,gr,125,,,,,,,,,,,
Biology,Record,234-1005-2114,PEL,1,126439,1,,5066,mm,288,gr,135,F,B,SMSF,5,,,Otolith,,,,
Biology,Record,234-1005-2114,PEL,1,126439,1,,5121,mm,288,gr,119,F,B,SMSF,6,,,Otolith,,,,
Biology,Record,234-1005-2114,PEL,1,126439,1,,5146,mm,290,gr,118,,,,,,,,,,,
Biology,Record,234-1005-2114,PEL,1,126439,1,,5157,mm,290,gr,132,,,,,,,,,,,
Biology,Record,234-1005-2114,PEL,1,126439,1,,5188,mm,290,gr,105,,,,,,,,,,,
Biology,Record,234-1005-2114,PEL,1,126439,1,,5192,mm,290,gr,125,,,,,,,,,,,
Biology,Record,234-1005-2114,PEL,1,126439,1,,5026,mm,291,gr,116,F,D,SMSF,5,,,Otolith,,,,
Biology,Record,234-1005-2114,PEL,1,126439,1,,5034,mm,291,gr,122,F,B,SMSF,5,,,Otolith,,,,
Biology,Record,234-1005-2114,PEL,1,126439,1,,5087,mm,291,gr,137,M,B,SMSF,6,,,Otolith,,,,
Biology,Record,234-1005-2114,PEL,1,126439,1,,5141,mm,291,gr,141,,,,,,,,,,,
Biology,Record,234-1005-2114,PEL,1,126439,1,,5145,mm,291,gr,151,,,,,,,,,,,
Biology,Record,234-1005-2114,PEL,1,126439,1,,5152,mm,291,gr,127,,,,,,,,,,,
Biology,Record,234-1005-2114,PEL,1,126439,1,,5045,mm,293,gr,153,F,B,SMSF,5,,,Otolith,,,,
Biology,Record,234-1005-2114,PEL,1,126439,1,,5053,mm,293,gr,135,M,B,SMSF,6,,,Otolith,,,,
Biology,Record,234-1005-2114,PEL,1,126439,1,,5054,mm,294,gr,131,M,B,SMSF,6,,,Otolith,,,,
Biology,Record,234-1005-2114,PEL,1,126439,1,,5089,mm,294,gr,140,F,B,SMSF,6,,,Otolith,,,,
Biology,Record,234-1005-2114,PEL,1,126439,1,,5113,mm,294,gr,119,M,D,SMSF,4,,,Otolith,,,,
Biology,Record,234-1005-2114,PEL,1,126439,1,,5102,mm,296,gr,140,F,B,SMSF,6,,,Otolith,,,,
Biology,Record,234-1005-2114,PEL,1,126439,1,,5143,mm,296,gr,129,,,,,,,,,,,
Biology,Record,234-1005-2114,PEL,1,126439,1,,5160,mm,296,gr,127,,,,,,,,,,,
Biology,Record,234-1005-2114,PEL,1,126439,1,,5186,mm,297,gr,130,,,,,,,,,,,
Biology,Record,234-1005-2114,PEL,1,126439,1,,5029,mm,298,gr,140,M,D,SMSF,4,,,Otolith,,,,
Biology,Record,234-1005-2114,PEL,1,126439,1,,5031,mm,298,gr,153,F,B,SMSF,4,,,Otolith,,,,
Biology,Record,234-1005-2114,PEL,1,126439,1,,5083,mm,298,gr,133,F,D,SMSF,6,,,Otolith,,,,
Biology,Record,234-1005-2114,PEL,1,126439,1,,5137,mm,298,gr,135,,,,,,,,,,,
Biology,Record,234-1005-2114,PEL,1,126439,1,,5175,mm,298,gr,132,,,,,,,,,,,
Biology,Record,234-1005-2114,PEL,1,126439,1,,5178,mm,298,gr,121,,,,,,,,,,,
Biology,Record,234-1005-2114,PEL,1,126439,1,,5038,mm,299,gr,156,F,B,SMSF,5,,,Otolith,,,,
Biology,Record,234-1005-2114,PEL,1,126439,1,,5090,mm,299,gr,139,F,D,SMSF,4,,,Otolith,,,,
Biology,Record,234-1005-2114,PEL,1,126439,1,,5106,mm,299,gr,132,M,D,SMSF,6,,,Otolith,,,,
Biology,Record,234-1005-2114,PEL,1,126439,1,,5182,mm,299,gr,124,,,,,,,,,,,
Biology,Record,234-1005-2114,PEL,1,126439,1,,5170,mm,300,gr,145,,,,,,,,,,,
Biology,Record,234-1005-2114,PEL,1,126439,1,,5171,mm,300,gr,119,,,,,,,,,,,
Biology,Record,234-1005-2114,PEL,1,126439,1,,5212,mm,300,gr,144,,,,,,,,,,,
Biology,Record,234-1005-2114,PEL,1,126439,1,,5043,mm,301,gr,139,F,D,SMSF,7,,,Otolith,,,,
Biology,Record,234-1005-2114,PEL,1,126439,1,,5070,mm,301,gr,161,F,B,SMSF,7,,,Otolith,,,,
Biology,Record,234-1005-2114,PEL,1,126439,1,,5072,mm,301,gr,131,F,D,SMSF,6,,,Otolith,,,,
Biology,Record,234-1005-2114,PEL,1,126439,1,,5094,mm,301,gr,142,F,B,SMSF,4,,,Otolith,,,,
Biology,Record,234-1005-2114,PEL,1,126439,1,,5135,mm,301,gr,147,,,,,,,,,,,
Biology,Record,234-1005-2114,PEL,1,126439,1,,5042,mm,302,gr,157,F,B,SMSF,7,,,Otolith,,,,
Biology,Record,234-1005-2114,PEL,1,126439,1,,5059,mm,302,gr,130,F,D,SMSF,6,,,Otolith,,,,
Biology,Record,234-1005-2114,PEL,1,126439,1,,5159,mm,302,gr,128,,,,,,,,,,,
Biology,Record,234-1005-2114,PEL,1,126439,1,,5210,mm,302,gr,144,,,,,,,,,,,
Biology,Record,234-1005-2114,PEL,1,126439,1,,5136,mm,303,gr,158,,,,,,,,,,,
Biology,Record,234-1005-2114,PEL,1,126439,1,,5165,mm,303,gr,124,,,,,,,,,,,
Biology,Record,234-1005-2114,PEL,1,126439,1,,5047,mm,304,gr,155,F,B,SMSF,8,,,Otolith,,,,
Biology,Record,234-1005-2114,PEL,1,126439,1,,5069,mm,304,gr,155,F,B,SMSF,6,,,Otolith,,,,
Biology,Record,234-1005-2114,PEL,1,126439,1,,5118,mm,305,gr,144,F,B,SMSF,4,,,Otolith,,,,
Biology,Record,234-1005-2114,PEL,1,126439,1,,5229,mm,305,gr,144,,,,,,,,,,,
Biology,Record,234-1005-2114,PEL,1,126439,1,,5039,mm,306,gr,131,F,D,SMSF,5,,,Otolith,,,,
Biology,Record,234-1005-2114,PEL,1,126439,1,,5088,mm,306,gr,176,F,B,SMSF,5,,,Otolith,,,,
Biology,Record,234-1005-2114,PEL,1,126439,1,,5162,mm,306,gr,140,,,,,,,,,,,
Biology,Record,234-1005-2114,PEL,1,126439,1,,5228,mm,306,gr,131,,,,,,,,,,,
Biology,Record,234-1005-2114,PEL,1,126439,1,,5125,mm,307,gr,136,,,,,,,,,,,
Biology,Record,234-1005-2114,PEL,1,126439,1,,5127,mm,307,gr,126,,,,,,,,,,,
Biology,Record,234-1005-2114,PEL,1,126439,1,,5134,mm,307,gr,137,,,,,,,,,,,
Biology,Record,234-1005-2114,PEL,1,126439,1,,5101,mm,309,gr,138,F,B,SMSF,6,,,Otolith,,,,
Biology,Record,234-1005-2114,PEL,1,126439,1,,5122,mm,310,gr,168,,,,,,,,,,,
Biology,Record,234-1005-2114,PEL,1,126439,1,,5173,mm,311,gr,143,,,,,,,,,,,
Biology,Record,234-1005-2114,PEL,1,126439,1,,5207,mm,311,gr,135,,,,,,,,,,,
Biology,Record,234-1005-2114,PEL,1,126439,1,,5193,mm,312,gr,157,,,,,,,,,,,
Biology,Record,234-1005-2114,PEL,1,126439,1,,5199,mm,312,gr,166,,,,,,,,,,,
Biology,Record,234-1005-2114,PEL,1,126439,1,,5048,mm,313,gr,155,F,D,SMSF,7,,,Otolith,,,,
Biology,Record,234-1005-2114,PEL,1,126439,1,,5114,mm,313,gr,139,F,B,SMSF,6,,,Otolith,,,,
Biology,Record,234-1005-2114,PEL,1,126439,1,,5131,mm,313,gr,145,,,,,,,,,,,
Biology,Record,234-1005-2114,PEL,1,126439,1,,5167,mm,313,gr,165,,,,,,,,,,,
Biology,Record,234-1005-2114,PEL,1,126439,1,,5184,mm,313,gr,163,,,,,,,,,,,
Biology,Record,234-1005-2114,PEL,1,126439,1,,5032,mm,314,gr,192,F,B,SMSF,6,,,Otolith,,,,
Biology,Record,234-1005-2114,PEL,1,126439,1,,5129,mm,314,gr,178,,,,,,,,,,,
Biology,Record,234-1005-2114,PEL,1,126439,1,,5164,mm,314,gr,150,,,,,,,,,,,
Biology,Record,234-1005-2114,PEL,1,126439,1,,5022,mm,315,gr,154,F,D,SMSF,6,,,Otolith,,,,
Biology,Record,234-1005-2114,PEL,1,126439,1,,5023,mm,316,gr,169,M,Ca,SMSF,7,,,Otolith,,,,
Biology,Record,234-1005-2114,PEL,1,126439,1,,5091,mm,317,gr,171,F,B,SMSF,6,,,Otolith,,,,
Biology,Record,234-1005-2114,PEL,1,126439,1,,5108,mm,318,gr,156,F,D,SMSF,6,,,Otolith,,,,
Biology,Record,234-1005-2114,PEL,1,126439,1,,5205,mm,318,gr,143,,,,,,,,,,,
Biology,Record,234-1005-2114,PEL,1,126439,1,,5092,mm,322,gr,166,F,D,SMSF,8,,,Otolith,,,,
Biology,Record,234-1005-2114,PEL,1,126439,1,,5195,mm,322,gr,150,,,,,,,,,,,
Biology,Record,234-1005-2114,PEL,1,126439,1,,5203,mm,322,gr,176,,,,,,,,,,,
Biology,Record,234-1005-2114,PEL,1,126439,1,,5061,mm,325,gr,195,F,B,SMSF,6,,,Otolith,,,,
Biology,Record,234-1005-2114,PEL,1,126439,1,,5076,mm,327,gr,170,F,D,SMSF,8,,,Otolith,,,,
Biology,Record,234-1005-2114,PEL,1,126439,1,,5081,mm,327,gr,175,F,D,SMSF,6,,,Otolith,,,,
Biology,Record,234-1005-2114,PEL,1,126439,1,,5132,mm,327,gr,164,,,,,,,,,,,
Biology,Record,234-1005-2114,PEL,1,126439,1,,5154,mm,327,gr,182,,,,,,,,,,,
Biology,Record,234-1005-2114,PEL,1,126439,1,,5139,mm,328,gr,179,,,,,,,,,,,
Biology,Record,234-1005-2114,PEL,1,126439,1,,5050,mm,329,gr,158,F,D,SMSF,7,,,Otolith,,,,
Biology,Record,234-1005-2114,PEL,1,126439,1,,5073,mm,329,gr,201,F,B,SMSF,7,,,Otolith,,,,
Biology,Record,234-1005-2114,PEL,1,126439,1,,5161,mm,329,gr,165,,,,,,,,,,,
Biology,Record,234-1005-2114,PEL,1,126439,1,,5036,mm,330,gr,158,F,D,SMSF,7,,,Otolith,,,,
Biology,Record,234-1005-2114,PEL,1,126439,1,,5085,mm,331,gr,190,F,D,SMSF,6,,,Otolith,,,,
Biology,Record,234-1005-2114,PEL,1,126439,1,,5098,mm,331,gr,202,F,B,SMSF,7,,,Otolith,,,,
Biology,Record,234-1005-2114,PEL,1,126439,1,,5051,mm,334,gr,170,F,D,SMSF,7,,,Otolith,,,,
Biology,Record,234-1005-2114,PEL,1,126439,1,,5049,mm,338,gr,190,F,D,SMSF,7,,,Otolith,,,,
Biology,Record,234-1005-2114,PEL,1,126439,1,,5140,mm,339,gr,206,,,,,,,,,,,
Biology,Record,234-1005-2114,PEL,1,126439,1,,5063,mm,341,gr,190,F,D,SMSF,4,,,Otolith,,,,
Biology,Record,234-1005-2114,PEL,1,126439,1,,5071,mm,341,gr,199,F,D,SMSF,6,,,Otolith,,,,
Biology,Record,234-1005-2114,PEL,1,126439,1,,5111,mm,345,gr,227,F,D,SMSF,9,,,Otolith,,,,
Biology,Record,234-1005-2114,PEL,1,126439,1,,5156,mm,346,gr,199,,,,,,,,,,,
Biology,Record,234-1005-2114,PEL,1,126439,1,,5105,mm,348,gr,216,F,B,SMSF,7,,,Otolith,,,,
Biology,Record,234-1005-2114,PEL,1,126439,1,,5218,mm,351,gr,191,,,,,,,,,,,
Biology,Record,234-1005-2114,PEL,1,126439,1,,5224,mm,358,gr,222,,,,,,,,,,,
Biology,Record,234-1005-2114,PEL,1,126439,1,,5082,mm,360,gr,227,F,B,SMSF,6,,,Otolith,,,,
Biology,Record,234-1005-2114,PEL,1,126439,1,,5138,mm,362,gr,211,,,,,,,,,,,
Biology,Record,234-1005-2114,PEL,1,126439,1,,5028,mm,384,gr,306,F,D,SMSF,8,,,Otolith,,,,
Biology,Record,234-1005-2114,PEL,1,272728,1,,5233,mm,101,gr,7,,,,,,,,,,,
Biology,Record,234-1005-2114,PEL,1,272728,1,,5234,mm,93,gr,6,,,,,,,,,,,
Biology,Record,234-1005-2114,PEL,2,107052,1,,298,mm,16,gr,2,,,,,,,,,,,
Biology,Record,234-1005-2114,PEL,2,126352,1,,136,mm,197,gr,9,,,,,,,,,,,
Biology,Record,234-1005-2114,PEL,2,126352,1,,137,mm,201,gr,9,,,,,,,,,,,
Biology,Record,234-1005-2114,PEL,2,126352,1,,138,mm,221,gr,11,,,,,,,,,,,
Biology,Record,234-1005-2114,PEL,2,126352,1,,135,mm,238,gr,18,,,,,,,,,,,
Biology,Record,234-1005-2114,PEL,2,126439,1,,80,mm,169,gr,24,,,,,,,,,,,
Biology,Record,234-1005-2114,PEL,2,126439,1,,58,mm,180,gr,24,,,,,,,,,,,
Biology,Record,234-1005-2114,PEL,2,126439,1,,78,mm,209,gr,48,,,,,,,,,,,
Biology,Record,234-1005-2114,PEL,2,126439,1,,124,mm,213,gr,51,,,,,,,,,,,
Biology,Record,234-1005-2114,PEL,2,126439,1,,79,mm,219,gr,53,,,,,,,,,,,
Biology,Record,234-1005-2114,PEL,2,126439,1,,5032,mm,219,gr,59,F,A,SMSF,1,,,Otolith,,,,
Biology,Record,234-1005-2114,PEL,2,126439,1,,107,mm,220,gr,52,,,,,,,,,,,
Biology,Record,234-1005-2114,PEL,2,126439,1,,92,mm,224,gr,64,,,,,,,,,,,
Biology,Record,234-1005-2114,PEL,2,126439,1,,5171,mm,227,gr,,,,,,,,,,,,
Biology,Record,234-1005-2114,PEL,2,126439,1,,82,mm,229,gr,72,,,,,,,,,,,
Biology,Record,234-1005-2114,PEL,2,126439,1,,5027,mm,235,gr,69,F,A,SMSF,1,,,Otolith,,,,
Biology,Record,234-1005-2114,PEL,2,126439,1,,5106,mm,235,gr,71,M,D,SMSF,3,,,Otolith,,,,
Biology,Record,234-1005-2114,PEL,2,126439,1,,5093,mm,236,gr,76,M,B,SMSF,3,,,Otolith,,,,
Biology,Record,234-1005-2114,PEL,2,126439,1,,5161,mm,236,gr,,,,,,,,,,,,
Biology,Record,234-1005-2114,PEL,2,126439,1,,5089,mm,238,gr,78,M,D,SMSF,2,,,Otolith,,,,
Biology,Record,234-1005-2114,PEL,2,126439,1,,5092,mm,238,gr,88,M,B,SMSF,3,,,Otolith,,,,
Biology,Record,234-1005-2114,PEL,2,126439,1,,5110,mm,238,gr,84,M,B,SMSF,3,,,Otolith,,,,
Biology,Record,234-1005-2114,PEL,2,126439,1,,5163,mm,238,gr,,,,,,,,,,,,
Biology,Record,234-1005-2114,PEL,2,126439,1,,104,mm,239,gr,79,,,,,,,,,,,
Biology,Record,234-1005-2114,PEL,2,126439,1,,5132,mm,239,gr,77,,,,,,,,,,,
Biology,Record,234-1005-2114,PEL,2,126439,1,,5170,mm,240,gr,,,,,,,,,,,,
Biology,Record,234-1005-2114,PEL,2,126439,1,,5172,mm,240,gr,,,,,,,,,,,,
Biology,Record,234-1005-2114,PEL,2,126439,1,,5046,mm,241,gr,87,M,Ca,SMSF,3,,,Otolith,,,,
Biology,Record,234-1005-2114,PEL,2,126439,1,,5057,mm,241,gr,84,M,D,SMSF,2,,,Otolith,,,,
Biology,Record,234-1005-2114,PEL,2,126439,1,,5078,mm,241,gr,77,M,D,SMSF,3,,,Otolith,,,,
Biology,Record,234-1005-2114,PEL,2,126439,1,,5148,mm,241,gr,73,,,,,,,,,,,
Biology,Record,234-1005-2114,PEL,2,126439,1,,5167,mm,241,gr,,,,,,,,,,,,
Biology,Record,234-1005-2114,PEL,2,126439,1,,76,mm,242,gr,84,,,,,,,,,,,
Biology,Record,234-1005-2114,PEL,2,126439,1,,5062,mm,242,gr,76,M,D,SMSF,3,,,Otolith,,,,
Biology,Record,234-1005-2114,PEL,2,126439,1,,5070,mm,242,gr,84,M,D,SMSF,2,,,Otolith,,,,
Biology,Record,234-1005-2114,PEL,2,126439,1,,5094,mm,242,gr,80,F,B,SMSF,2,,,Otolith,,,,
Biology,Record,234-1005-2114,PEL,2,126439,1,,5100,mm,242,gr,80,M,D,SMSF,4,,,Otolith,,,,
Biology,Record,234-1005-2114,PEL,2,126439,1,,110,mm,243,gr,74,,,,,,,,,,,
Biology,Record,234-1005-2114,PEL,2,126439,1,,5025,mm,243,gr,85,M,D,SMSF,2,,,Otolith,,,,
Biology,Record,234-1005-2114,PEL,2,126439,1,,5169,mm,243,gr,,,,,,,,,,,,
Biology,Record,234-1005-2114,PEL,2,126439,1,,41,mm,244,gr,78,,,,,,,,,,,
Biology,Record,234-1005-2114,PEL,2,126439,1,,87,mm,244,gr,78,,,,,,,,,,,
Biology,Record,234-1005-2114,PEL,2,126439,1,,5038,mm,244,gr,87,M,D,SMSF,2,,,Otolith,,,,
Biology,Record,234-1005-2114,PEL,2,126439,1,,5104,mm,244,gr,83,M,B,SMSF,3,,,Otolith,,,,
Biology,Record,234-1005-2114,PEL,2,126439,1,,5114,mm,244,gr,90,M,D,SMSF,2,,,Otolith,,,,
Biology,Record,234-1005-2114,PEL,2,126439,1,,5122,mm,244,gr,82,,,,,,,,,,,
Biology,Record,234-1005-2114,PEL,2,126439,1,,5135,mm,244,gr,89,,,,,,,,,,,
Biology,Record,234-1005-2114,PEL,2,126439,1,,5179,mm,244,gr,,,,,,,,,,,,
Biology,Record,234-1005-2114,PEL,2,126439,1,,5039,mm,245,gr,87,M,D,SMSF,3,,,Otolith,,,,
Biology,Record,234-1005-2114,PEL,2,126439,1,,5061,mm,245,gr,93,M,Ca,SMSF,2,,,Otolith,,,,
Biology,Record,234-1005-2114,PEL,2,126439,1,,5079,mm,245,gr,93,M,B,SMSF,3,,,Otolith,,,,
Biology,Record,234-1005-2114,PEL,2,126439,1,,5084,mm,245,gr,87,M,B,SMSF,3,,,Otolith,,,,
Biology,Record,234-1005-2114,PEL,2,126439,1,,5142,mm,245,gr,98,,,,,,,,,,,
Biology,Record,234-1005-2114,PEL,2,126439,1,,77,mm,246,gr,82,,,,,,,,,,,
Biology,Record,234-1005-2114,PEL,2,126439,1,,5030,mm,246,gr,95,M,B,SMSF,4,,,Otolith,,,,
Biology,Record,234-1005-2114,PEL,2,126439,1,,5033,mm,246,gr,89,M,D,SMSF,2,,,Otolith,,,,
Biology,Record,234-1005-2114,PEL,2,126439,1,,5065,mm,246,gr,79,M,D,SMSF,3,,,Otolith,,,,
Biology,Record,234-1005-2114,PEL,2,126439,1,,5105,mm,246,gr,94,M,B,SMSF,4,,,Otolith,,,,
Biology,Record,234-1005-2114,PEL,2,126439,1,,5120,mm,246,gr,85,M,D,SMSF,3,,,Otolith,,,,
Biology,Record,234-1005-2114,PEL,2,126439,1,,5149,mm,246,gr,87,,,,,,,,,,,
Biology,Record,234-1005-2114,PEL,2,126439,1,,93,mm,247,gr,64,,,,,,,,,,,
Biology,Record,234-1005-2114,PEL,2,126439,1,,38,mm,248,gr,93,,,,,,,,,,,
Biology,Record,234-1005-2114,PEL,2,126439,1,,39,mm,248,gr,80,,,,,,,,,,,
Biology,Record,234-1005-2114,PEL,2,126439,1,,53,mm,248,gr,86,,,,,,,,,,,
Biology,Record,234-1005-2114,PEL,2,126439,1,,120,mm,248,gr,94,,,,,,,,,,,
Biology,Record,234-1005-2114,PEL,2,126439,1,,5126,mm,248,gr,99,,,,,,,,,,,
Biology,Record,234-1005-2114,PEL,2,126439,1,,5127,mm,248,gr,100,,,,,,,,,,,
Biology,Record,234-1005-2114,PEL,2,126439,1,,5071,mm,249,gr,86,M,D,SMSF,3,,,Otolith,,,,
Biology,Record,234-1005-2114,PEL,2,126439,1,,5111,mm,249,gr,87,M,Ca,SMSF,2,,,Otolith,,,,
Biology,Record,234-1005-2114,PEL,2,126439,1,,5178,mm,249,gr,,,,,,,,,,,,
Biology,Record,234-1005-2114,PEL,2,126439,1,,116,mm,250,gr,88,,,,,,,,,,,
Biology,Record,234-1005-2114,PEL,2,126439,1,,5022,mm,250,gr,94,F,A,SMSF,2,,,Otolith,,,,
Biology,Record,234-1005-2114,PEL,2,126439,1,,5073,mm,250,gr,103,M,B,SMSF,6,,,Otolith,,,,
Biology,Record,234-1005-2114,PEL,2,126439,1,,5123,mm,250,gr,93,,,,,,,,,,,
Biology,Record,234-1005-2114,PEL,2,126439,1,,5143,mm,250,gr,101,,,,,,,,,,,
Biology,Record,234-1005-2114,PEL,2,126439,1,,5152,mm,250,gr,,,,,,,,,,,,
Biology,Record,234-1005-2114,PEL,2,126439,1,,65,mm,251,gr,83,,,,,,,,,,,
Biology,Record,234-1005-2114,PEL,2,126439,1,,5081,mm,251,gr,93,M,D,SMSF,2,,,Otolith,,,,
Biology,Record,234-1005-2114,PEL,2,126439,1,,5088,mm,251,gr,90,M,D,SMSF,2,,,Otolith,,,,
Biology,Record,234-1005-2114,PEL,2,126439,1,,5091,mm,251,gr,90,M,D,SMSF,2,,,Otolith,,,,
Biology,Record,234-1005-2114,PEL,2,126439,1,,5150,mm,251,gr,89,,,,,,,,,,,
Biology,Record,234-1005-2114,PEL,2,126439,1,,5173,mm,251,gr,,,,,,,,,,,,
Biology,Record,234-1005-2114,PEL,2,126439,1,,67,mm,252,gr,89,,,,,,,,,,,
Biology,Record,234-1005-2114,PEL,2,126439,1,,5035,mm,252,gr,92,M,D,SMSF,2,,,Otolith,,,,
Biology,Record,234-1005-2114,PEL,2,126439,1,,5037,mm,252,gr,95,M,Ca,SMSF,3,,,Otolith,,,,
Biology,Record,234-1005-2114,PEL,2,126439,1,,5067,mm,252,gr,97,M,Ca,SMSF,4,,,Otolith,,,,
Biology,Record,234-1005-2114,PEL,2,126439,1,,5086,mm,252,gr,84,M,D,SMSF,2,,,Otolith,,,,
Biology,Record,234-1005-2114,PEL,2,126439,1,,5101,mm,252,gr,107,M,D,SMSF,2,,,Otolith,,,,
Biology,Record,234-1005-2114,PEL,2,126439,1,,5113,mm,252,gr,93,M,D,SMSF,3,,,Otolith,,,,
Biology,Record,234-1005-2114,PEL,2,126439,1,,5116,mm,252,gr,100,M,B,SMSF,4,,,Otolith,,,,
Biology,Record,234-1005-2114,PEL,2,126439,1,,5168,mm,252,gr,,,,,,,,,,,,
Biology,Record,234-1005-2114,PEL,2,126439,1,,74,mm,253,gr,79,,,,,,,,,,,
Biology,Record,234-1005-2114,PEL,2,126439,1,,5147,mm,253,gr,95,,,,,,,,,,,
Biology,Record,234-1005-2114,PEL,2,126439,1,,57,mm,254,gr,93,,,,,,,,,,,
Biology,Record,234-1005-2114,PEL,2,126439,1,,109,mm,254,gr,93,,,,,,,,,,,
Biology,Record,234-1005-2114,PEL,2,126439,1,,5045,mm,254,gr,89,M,Ca,SMSF,2,,,Otolith,,,,
Biology,Record,234-1005-2114,PEL,2,126439,1,,5055,mm,254,gr,90,M,D,SMSF,2,,,Otolith,,,,
Biology,Record,234-1005-2114,PEL,2,126439,1,,5117,mm,254,gr,100,F,D,SMSF,2,,,Otolith,,,,
Biology,Record,234-1005-2114,PEL,2,126439,1,,5139,mm,254,gr,92,,,,,,,,,,,
Biology,Record,234-1005-2114,PEL,2,126439,1,,5144,mm,254,gr,90,,,,,,,,,,,
Biology,Record,234-1005-2114,PEL,2,126439,1,,5164,mm,254,gr,,,,,,,,,,,,
Biology,Record,234-1005-2114,PEL,2,126439,1,,83,mm,255,gr,85,,,,,,,,,,,
Biology,Record,234-1005-2114,PEL,2,126439,1,,84,mm,255,gr,94,,,,,,,,,,,
Biology,Record,234-1005-2114,PEL,2,126439,1,,90,mm,255,gr,105,,,,,,,,,,,
Biology,Record,234-1005-2114,PEL,2,126439,1,,5023,mm,255,gr,107,M,B,SMSF,2,,,Otolith,,,,
Biology,Record,234-1005-2114,PEL,2,126439,1,,5059,mm,255,gr,91,M,D,SMSF,3,,,Otolith,,,,
Biology,Record,234-1005-2114,PEL,2,126439,1,,5151,mm,255,gr,92,,,,,,,,,,,
Biology,Record,234-1005-2114,PEL,2,126439,1,,5156,mm,255,gr,,,,,,,,,,,,
Biology,Record,234-1005-2114,PEL,2,126439,1,,102,mm,256,gr,99,,,,,,,,,,,
Biology,Record,234-1005-2114,PEL,2,126439,1,,112,mm,256,gr,82,,,,,,,,,,,
Biology,Record,234-1005-2114,PEL,2,126439,1,,5102,mm,256,gr,109,M,B,SMSF,3,,,Otolith,,,,
Biology,Record,234-1005-2114,PEL,2,126439,1,,5140,mm,256,gr,101,,,,,,,,,,,
Biology,Record,234-1005-2114,PEL,2,126439,1,,5160,mm,256,gr,,,,,,,,,,,,
Biology,Record,234-1005-2114,PEL,2,126439,1,,63,mm,257,gr,100,,,,,,,,,,,
Biology,Record,234-1005-2114,PEL,2,126439,1,,68,mm,257,gr,88,,,,,,,,,,,
Biology,Record,234-1005-2114,PEL,2,126439,1,,86,mm,257,gr,90,,,,,,,,,,,
Biology,Record,234-1005-2114,PEL,2,126439,1,,99,mm,257,gr,82,,,,,,,,,,,
Biology,Record,234-1005-2114,PEL,2,126439,1,,5072,mm,257,gr,117,M,B,SMSF,3,,,Otolith,,,,
Biology,Record,234-1005-2114,PEL,2,126439,1,,5119,mm,257,gr,95,M,D,SMSF,2,,,Otolith,,,,
Biology,Record,234-1005-2114,PEL,2,126439,1,,5137,mm,257,gr,90,,,,,,,,,,,
Biology,Record,234-1005-2114,PEL,2,126439,1,,5141,mm,257,gr,92,,,,,,,,,,,
Biology,Record,234-1005-2114,PEL,2,126439,1,,5165,mm,257,gr,,,,,,,,,,,,
Biology,Record,234-1005-2114,PEL,2,126439,1,,59,mm,258,gr,104,,,,,,,,,,,
Biology,Record,234-1005-2114,PEL,2,126439,1,,111,mm,258,gr,108,,,,,,,,,,,
Biology,Record,234-1005-2114,PEL,2,126439,1,,5054,mm,258,gr,98,M,D,SMSF,3,,,Otolith,,,,
Biology,Record,234-1005-2114,PEL,2,126439,1,,5060,mm,258,gr,94,M,Ca,SMSF,3,,,Otolith,,,,
Biology,Record,234-1005-2114,PEL,2,126439,1,,61,mm,259,gr,93,,,,,,,,,,,
Biology,Record,234-1005-2114,PEL,2,126439,1,,70,mm,259,gr,96,,,,,,,,,,,
Biology,Record,234-1005-2114,PEL,2,126439,1,,72,mm,259,gr,81,,,,,,,,,,,
Biology,Record,234-1005-2114,PEL,2,126439,1,,89,mm,259,gr,107,,,,,,,,,,,
Biology,Record,234-1005-2114,PEL,2,126439,1,,118,mm,259,gr,94,,,,,,,,,,,
Biology,Record,234-1005-2114,PEL,2,126439,1,,5031,mm,259,gr,98,F,B,SMSF,2,,,Otolith,,,,
Biology,Record,234-1005-2114,PEL,2,126439,1,,5124,mm,259,gr,119,,,,,,,,,,,
Biology,Record,234-1005-2114,PEL,2,126439,1,,5146,mm,259,gr,107,,,,,,,,,,,
Biology,Record,234-1005-2114,PEL,2,126439,1,,71,mm,260,gr,96,,,,,,,,,,,
Biology,Record,234-1005-2114,PEL,2,126439,1,,85,mm,260,gr,96,,,,,,,,,,,
Biology,Record,234-1005-2114,PEL,2,126439,1,,115,mm,260,gr,101,,,,,,,,,,,
Biology,Record,234-1005-2114,PEL,2,126439,1,,5051,mm,260,gr,99,M,D,SMSF,3,,,Otolith,,,,
Biology,Record,234-1005-2114,PEL,2,126439,1,,5083,mm,260,gr,104,M,D,SMSF,2,,,Otolith,,,,
Biology,Record,234-1005-2114,PEL,2,126439,1,,5087,mm,260,gr,105,M,D,SMSF,2,,,Otolith,,,,
Biology,Record,234-1005-2114,PEL,2,126439,1,,5121,mm,260,gr,109,M,Ca,SMSF,3,,,Otolith,,,,
Biology,Record,234-1005-2114,PEL,2,126439,1,,5175,mm,260,gr,,,,,,,,,,,,
Biology,Record,234-1005-2114,PEL,2,126439,1,,48,mm,261,gr,108,,,,,,,,,,,
Biology,Record,234-1005-2114,PEL,2,126439,1,,88,mm,261,gr,94,,,,,,,,,,,
Biology,Record,234-1005-2114,PEL,2,126439,1,,5041,mm,261,gr,115,F,B,SMSF,3,,,Otolith,,,,
Biology,Record,234-1005-2114,PEL,2,126439,1,,5063,mm,261,gr,98,M,D,SMSF,2,,,Otolith,,,,
Biology,Record,234-1005-2114,PEL,2,126439,1,,5068,mm,261,gr,109,M,D,SMSF,3,,,Otolith,,,,
Biology,Record,234-1005-2114,PEL,2,126439,1,,5129,mm,261,gr,97,,,,,,,,,,,
Biology,Record,234-1005-2114,PEL,2,126439,1,,5166,mm,261,gr,,,,,,,,,,,,
Biology,Record,234-1005-2114,PEL,2,126439,1,,37,mm,262,gr,105,,,,,,,,,,,
Biology,Record,234-1005-2114,PEL,2,126439,1,,108,mm,262,gr,113,,,,,,,,,,,
Biology,Record,234-1005-2114,PEL,2,126439,1,,119,mm,262,gr,103,,,,,,,,,,,
Biology,Record,234-1005-2114,PEL,2,126439,1,,5034,mm,262,gr,104,F,B,SMSF,2,,,Otolith,,,,
Biology,Record,234-1005-2114,PEL,2,126439,1,,5043,mm,262,gr,108,M,Ca,SMSF,3,,,Otolith,,,,
Biology,Record,234-1005-2114,PEL,2,126439,1,,5090,mm,262,gr,105,F,B,SMSF,3,,,Otolith,,,,
Biology,Record,234-1005-2114,PEL,2,126439,1,,5176,mm,262,gr,,,,,,,,,,,,
Biology,Record,234-1005-2114,PEL,2,126439,1,,40,mm,263,gr,101,,,,,,,,,,,
Biology,Record,234-1005-2114,PEL,2,126439,1,,98,mm,263,gr,92,,,,,,,,,,,
Biology,Record,234-1005-2114,PEL,2,126439,1,,5026,mm,263,gr,108,M,D,SMSF,3,,,Otolith,,,,
Biology,Record,234-1005-2114,PEL,2,126439,1,,5056,mm,263,gr,100,F,B,SMSF,3,,,Otolith,,,,
Biology,Record,234-1005-2114,PEL,2,126439,1,,5095,mm,263,gr,95,F,B,SMSF,2,,,Otolith,,,,
Biology,Record,234-1005-2114,PEL,2,126439,1,,5177,mm,263,gr,,,,,,,,,,,,
Biology,Record,234-1005-2114,PEL,2,126439,1,,121,mm,264,gr,111,,,,,,,,,,,
Biology,Record,234-1005-2114,PEL,2,126439,1,,5053,mm,264,gr,113,F,B,SMSF,3,,,Otolith,,,,
Biology,Record,234-1005-2114,PEL,2,126439,1,,5080,mm,264,gr,103,M,D,SMSF,3,,,Otolith,,,,
Biology,Record,234-1005-2114,PEL,2,126439,1,,5138,mm,264,gr,107,,,,,,,,,,,
Biology,Record,234-1005-2114,PEL,2,126439,1,,69,mm,265,gr,98,,,,,,,,,,,
Biology,Record,234-1005-2114,PEL,2,126439,1,,73,mm,265,gr,95,,,,,,,,,,,
Biology,Record,234-1005-2114,PEL,2,126439,1,,101,mm,265,gr,98,,,,,,,,,,,
Biology,Record,234-1005-2114,PEL,2,126439,1,,123,mm,265,gr,112,,,,,,,,,,,
Biology,Record,234-1005-2114,PEL,2,126439,1,,5028,mm,265,gr,114,M,Ca,SMSF,3,,,Otolith,,,,
Biology,Record,234-1005-2114,PEL,2,126439,1,,5042,mm,265,gr,107,M,D,SMSF,3,,,Otolith,,,,
Biology,Record,234-1005-2114,PEL,2,126439,1,,5075,mm,265,gr,119,M,B,SMSF,3,,,Otolith,,,,
Biology,Record,234-1005-2114,PEL,2,126439,1,,5133,mm,265,gr,126,,,,,,,,,,,
Biology,Record,234-1005-2114,PEL,2,126439,1,,5159,mm,265,gr,,,,,,,,,,,,
Biology,Record,234-1005-2114,PEL,2,126439,1,,52,mm,266,gr,104,,,,,,,,,,,
Biology,Record,234-1005-2114,PEL,2,126439,1,,94,mm,266,gr,114,,,,,,,,,,,
Biology,Record,234-1005-2114,PEL,2,126439,1,,5085,mm,266,gr,122,F,B,SMSF,3,,,Otolith,,,,
Biology,Record,234-1005-2114,PEL,2,126439,1,,5096,mm,266,gr,105,M,Ca,SMSF,2,,,Otolith,,,,
Biology,Record,234-1005-2114,PEL,2,126439,1,,5131,mm,266,gr,129,,,,,,,,,,,
Biology,Record,234-1005-2114,PEL,2,126439,1,,5145,mm,266,gr,114,,,,,,,,,,,
Biology,Record,234-1005-2114,PEL,2,126439,1,,122,mm,267,gr,105,,,,,,,,,,,
Biology,Record,234-1005-2114,PEL,2,126439,1,,5103,mm,267,gr,121,M,B,SMSF,3,,,Otolith,,,,
Biology,Record,234-1005-2114,PEL,2,126439,1,,5125,mm,267,gr,114,,,,,,,,,,,
Biology,Record,234-1005-2114,PEL,2,126439,1,,50,mm,268,gr,110,,,,,,,,,,,
Biology,Record,234-1005-2114,PEL,2,126439,1,,91,mm,268,gr,129,,,,,,,,,,,
Biology,Record,234-1005-2114,PEL,2,126439,1,,97,mm,268,gr,116,,,,,,,,,,,
Biology,Record,234-1005-2114,PEL,2,126439,1,,113,mm,268,gr,123,,,,,,,,,,,
Biology,Record,234-1005-2114,PEL,2,126439,1,,5058,mm,268,gr,116,F,B,SMSF,3,,,Otolith,,,,
Biology,Record,234-1005-2114,PEL,2,126439,1,,5074,mm,268,gr,104,F,B,SMSF,2,,,Otolith,,,,
Biology,Record,234-1005-2114,PEL,2,126439,1,,5077,mm,268,gr,135,F,B,SMSF,3,,,Otolith,,,,
Biology,Record,234-1005-2114,PEL,2,126439,1,,5128,mm,269,gr,127,,,,,,,,,,,
Biology,Record,234-1005-2114,PEL,2,126439,1,,5174,mm,269,gr,,,,,,,,,,,,
Biology,Record,234-1005-2114,PEL,2,126439,1,,66,mm,270,gr,108,,,,,,,,,,,
Biology,Record,234-1005-2114,PEL,2,126439,1,,75,mm,270,gr,109,,,,,,,,,,,
Biology,Record,234-1005-2114,PEL,2,126439,1,,96,mm,270,gr,108,,,,,,,,,,,
Biology,Record,234-1005-2114,PEL,2,126439,1,,106,mm,270,gr,118,,,,,,,,,,,
Biology,Record,234-1005-2114,PEL,2,126439,1,,5098,mm,270,gr,117,M,B,SMSF,4,,,Otolith,,,,
Biology,Record,234-1005-2114,PEL,2,126439,1,,5112,mm,270,gr,124,F,B,SMSF,3,,,Otolith,,,,
Biology,Record,234-1005-2114,PEL,2,126439,1,,5157,mm,270,gr,,,,,,,,,,,,
Biology,Record,234-1005-2114,PEL,2,126439,1,,5154,mm,271,gr,,,,,,,,,,,,
Biology,Record,234-1005-2114,PEL,2,126439,1,,46,mm,272,gr,116,,,,,,,,,,,
Biology,Record,234-1005-2114,PEL,2,126439,1,,105,mm,272,gr,117,,,,,,,,,,,
Biology,Record,234-1005-2114,PEL,2,126439,1,,5076,mm,272,gr,136,F,B,SMSF,3,,,Otolith,,,,
Biology,Record,234-1005-2114,PEL,2,126439,1,,5108,mm,272,gr,112,F,B,SMSF,2,,,Otolith,,,,
Biology,Record,234-1005-2114,PEL,2,126439,1,,62,mm,273,gr,136,,,,,,,,,,,
Biology,Record,234-1005-2114,PEL,2,126439,1,,5044,mm,273,gr,116,F,B,SMSF,4,,,Otolith,,,,
Biology,Record,234-1005-2114,PEL,2,126439,1,,5049,mm,273,gr,125,M,B,SMSF,4,,,Otolith,,,,
Biology,Record,234-1005-2114,PEL,2,126439,1,,5066,mm,273,gr,110,M,B,SMSF,4,,,Otolith,,,,
Biology,Record,234-1005-2114,PEL,2,126439,1,,42,mm,274,gr,123,,,,,,,,,,,
Biology,Record,234-1005-2114,PEL,2,126439,1,,5099,mm,274,gr,133,F,B,SMSF,3,,,Otolith,,,,
Biology,Record,234-1005-2114,PEL,2,126439,1,,36,mm,275,gr,124,,,,,,,,,,,
Biology,Record,234-1005-2114,PEL,2,126439,1,,47,mm,275,gr,103,,,,,,,,,,,
Biology,Record,234-1005-2114,PEL,2,126439,1,,5024,mm,275,gr,138,F,B,SMSF,3,,,Otolith,,,,
Biology,Record,234-1005-2114,PEL,2,126439,1,,5136,mm,275,gr,140,,,,,,,,,,,
Biology,Record,234-1005-2114,PEL,2,126439,1,,5155,mm,275,gr,,,,,,,,,,,,
Biology,Record,234-1005-2114,PEL,2,126439,1,,56,mm,276,gr,117,,,,,,,,,,,
Biology,Record,234-1005-2114,PEL,2,126439,1,,5162,mm,276,gr,,,,,,,,,,,,
Biology,Record,234-1005-2114,PEL,2,126439,1,,103,mm,277,gr,122,,,,,,,,,,,
Biology,Record,234-1005-2114,PEL,2,126439,1,,114,mm,277,gr,138,,,,,,,,,,,
Biology,Record,234-1005-2114,PEL,2,126439,1,,5048,mm,277,gr,134,M,D,SMSF,6,,,Otolith,,,,
Biology,Record,234-1005-2114,PEL,2,126439,1,,5158,mm,277,gr,,,,,,,,,,,,
Biology,Record,234-1005-2114,PEL,2,126439,1,,55,mm,279,gr,112,,,,,,,,,,,
Biology,Record,234-1005-2114,PEL,2,126439,1,,5069,mm,280,gr,134,M,B,SMSF,3,,,Otolith,,,,
Biology,Record,234-1005-2114,PEL,2,126439,1,,5082,mm,280,gr,113,M,D,SMSF,4,,,Otolith,,,,
Biology,Record,234-1005-2114,PEL,2,126439,1,,5097,mm,280,gr,136,F,B,SMSF,3,,,Otolith,,,,
Biology,Record,234-1005-2114,PEL,2,126439,1,,5047,mm,281,gr,125,F,B,SMSF,4,,,Otolith,,,,
Biology,Record,234-1005-2114,PEL,2,126439,1,,5107,mm,281,gr,165,F,B,SMSF,3,,,Otolith,,,,
Biology,Record,234-1005-2114,PEL,2,126439,1,,54,mm,282,gr,136,,,,,,,,,,,
Biology,Record,234-1005-2114,PEL,2,126439,1,,64,mm,282,gr,129,,,,,,,,,,,
Biology,Record,234-1005-2114,PEL,2,126439,1,,5050,mm,282,gr,134,F,B,SMSF,3,,,Otolith,,,,
Biology,Record,234-1005-2114,PEL,2,126439,1,,51,mm,283,gr,140,,,,,,,,,,,
Biology,Record,234-1005-2114,PEL,2,126439,1,,81,mm,284,gr,128,,,,,,,,,,,
Biology,Record,234-1005-2114,PEL,2,126439,1,,5036,mm,285,gr,130,F,B,SMSF,3,,,Otolith,,,,
Biology,Record,234-1005-2114,PEL,2,126439,1,,5109,mm,285,gr,155,F,B,SMSF,4,,,Otolith,,,,
Biology,Record,234-1005-2114,PEL,2,126439,1,,49,mm,286,gr,129,,,,,,,,,,,
Biology,Record,234-1005-2114,PEL,2,126439,1,,60,mm,286,gr,133,,,,,,,,,,,
Biology,Record,234-1005-2114,PEL,2,126439,1,,5118,mm,286,gr,149,F,B,SMSF,4,,,Otolith,,,,
Biology,Record,234-1005-2114,PEL,2,126439,1,,5115,mm,288,gr,148,M,Ca,SMSF,6,,,Otolith,,,,
Biology,Record,234-1005-2114,PEL,2,126439,1,,5040,mm,291,gr,165,F,B,SMSF,4,,,Otolith,,,,
Biology,Record,234-1005-2114,PEL,2,126439,1,,117,mm,293,gr,160,,,,,,,,,,,
Biology,Record,234-1005-2114,PEL,2,126439,1,,5052,mm,295,gr,166,F,B,SMSF,4,,,Otolith,,,,
Biology,Record,234-1005-2114,PEL,2,126439,1,,100,mm,299,gr,173,,,,,,,,,,,
Biology,Record,234-1005-2114,PEL,2,126439,1,,5029,mm,302,gr,183,F,B,SMSF,4,,,Otolith,,,,
Biology,Record,234-1005-2114,PEL,2,126439,1,,5134,mm,302,gr,202,,,,,,,,,,,
Biology,Record,234-1005-2114,PEL,2,126439,1,,44,mm,305,gr,174,,,,,,,,,,,
Biology,Record,234-1005-2114,PEL,2,126439,1,,5130,mm,308,gr,129,,,,,,,,,,,
Biology,Record,234-1005-2114,PEL,2,126439,1,,5153,mm,310,gr,,,,,,,,,,,,
Biology,Record,234-1005-2114,PEL,2,126439,1,,5064,mm,314,gr,203,F,B,SMSF,4,,,Otolith,,,,
Biology,Record,234-1005-2114,PEL,2,126439,1,,95,mm,315,gr,130,,,,,,,,,,,
Biology,Record,234-1005-2114,PEL,2,126439,1,,45,mm,317,gr,190,,,,,,,,,,,
Biology,Record,234-1005-2114,PEL,2,126439,1,,43,mm,324,gr,200,,,,,,,,,,,
Biology,Record,234-1005-2114,PEL,2,126580,1,,277,mm,41,gr,1,,,,,,,,,,,
Biology,Record,234-1005-2114,PEL,2,126580,1,,278,mm,43,gr,1,,,,,,,,,,,
Biology,Record,234-1005-2114,PEL,2,126580,1,,276,mm,44,gr,0,,,,,,,,,,,
Biology,Record,234-1005-2114,PEL,2,126580,1,,256,mm,48,gr,1,,,,,,,,,,,
Biology,Record,234-1005-2114,PEL,2,126580,1,,257,mm,48,gr,1,,,,,,,,,,,
Biology,Record,234-1005-2114,PEL,2,126580,1,,274,mm,49,gr,1,,,,,,,,,,,
Biology,Record,234-1005-2114,PEL,2,126580,1,,275,mm,50,gr,1,,,,,,,,,,,
Biology,Record,234-1005-2114,PEL,2,126580,1,,255,mm,56,gr,2,,,,,,,,,,,
Biology,Record,234-1005-2114,PEL,2,126580,1,,286,mm,56,gr,1,,,,,,,,,,,
Biology,Record,234-1005-2114,PEL,2,126580,1,,283,mm,57,gr,2,,,,,,,,,,,
Biology,Record,234-1005-2114,PEL,2,126580,1,,252,mm,58,gr,2,,,,,,,,,,,
Biology,Record,234-1005-2114,PEL,2,126580,1,,269,mm,58,gr,2,,,,,,,,,,,
Biology,Record,234-1005-2114,PEL,2,126580,1,,285,mm,58,gr,2,,,,,,,,,,,
Biology,Record,234-1005-2114,PEL,2,126580,1,,273,mm,59,gr,1,,,,,,,,,,,
Biology,Record,234-1005-2114,PEL,2,126580,1,,281,mm,60,gr,2,,,,,,,,,,,
Biology,Record,234-1005-2114,PEL,2,126580,1,,253,mm,61,gr,2,,,,,,,,,,,
Biology,Record,234-1005-2114,PEL,2,126580,1,,272,mm,61,gr,2,,,,,,,,,,,
Biology,Record,234-1005-2114,PEL,2,126580,1,,284,mm,61,gr,2,,,,,,,,,,,
Biology,Record,234-1005-2114,PEL,2,126580,1,,248,mm,62,gr,2,,,,,,,,,,,
Biology,Record,234-1005-2114,PEL,2,126580,1,,251,mm,62,gr,1,,,,,,,,,,,
Biology,Record,234-1005-2114,PEL,2,126580,1,,254,mm,62,gr,2,,,,,,,,,,,
Biology,Record,234-1005-2114,PEL,2,126580,1,,282,mm,62,gr,2,,,,,,,,,,,
Biology,Record,234-1005-2114,PEL,2,126580,1,,263,mm,63,gr,3,,,,,,,,,,,
Biology,Record,234-1005-2114,PEL,2,126580,1,,279,mm,63,gr,3,,,,,,,,,,,
Biology,Record,234-1005-2114,PEL,2,126580,1,,247,mm,64,gr,3,,,,,,,,,,,
Biology,Record,234-1005-2114,PEL,2,126580,1,,249,mm,64,gr,3,,,,,,,,,,,
Biology,Record,234-1005-2114,PEL,2,126580,1,,250,mm,64,gr,2,,,,,,,,,,,
Biology,Record,234-1005-2114,PEL,2,126580,1,,267,mm,66,gr,3,,,,,,,,,,,
Biology,Record,234-1005-2114,PEL,2,126580,1,,268,mm,66,gr,3,,,,,,,,,,,
Biology,Record,234-1005-2114,PEL,2,126580,1,,270,mm,66,gr,2,,,,,,,,,,,
Biology,Record,234-1005-2114,PEL,2,126580,1,,271,mm,66,gr,3,,,,,,,,,,,
Biology,Record,234-1005-2114,PEL,2,126580,1,,287,mm,66,gr,2,,,,,,,,,,,
Biology,Record,234-1005-2114,PEL,2,126580,1,,266,mm,67,gr,3,,,,,,,,,,,
Biology,Record,234-1005-2114,PEL,2,126580,1,,262,mm,68,gr,3,,,,,,,,,,,
Biology,Record,234-1005-2114,PEL,2,126580,1,,280,mm,68,gr,3,,,,,,,,,,,
Biology,Record,234-1005-2114,PEL,2,126580,1,,265,mm,70,gr,4,,,,,,,,,,,
Biology,Record,234-1005-2114,PEL,2,126580,1,,246,mm,72,gr,4,,,,,,,,,,,
Biology,Record,234-1005-2114,PEL,2,126580,1,,261,mm,73,gr,4,,,,,,,,,,,
Biology,Record,234-1005-2114,PEL,2,126580,1,,264,mm,73,gr,3,,,,,,,,,,,
Biology,Record,234-1005-2114,PEL,2,126580,1,,260,mm,74,gr,4,,,,,,,,,,,
Biology,Record,234-1005-2114,PEL,2,126580,1,,245,mm,76,gr,5,,,,,,,,,,,
Biology,Record,234-1005-2114,PEL,2,126580,1,,259,mm,89,gr,5,,,,,,,,,,,
Biology,Record,234-1005-2114,PEL,2,127312,1,,133,mm,49,gr,1,,,,,,,,,,,
Biology,Record,234-1005-2114,PEL,2,127312,1,,131,mm,61,gr,2,,,,,,,,,,,
Biology,Record,234-1005-2114,PEL,2,127312,1,,132,mm,62,gr,2,,,,,,,,,,,
Biology,Record,234-1005-2114,PEL,2,127312,1,,130,mm,65,gr,2,,,,,,,,,,,
Biology,Record,234-1005-2114,PEL,2,140624,1,,26,mm,221,gr,260,,,,,,,,,,,
Biology,Record,234-1005-2114,PEL,2,140624,1,,25,mm,234,gr,357,,,,,,,,,,,
Biology,Record,234-1005-2114,PEL,2,140624,1,,5189,mm,238,gr,269,,,,,,,,,,,
Biology,Record,234-1005-2114,PEL,2,140624,1,,28,mm,240,gr,291,,,,,,,,,,,
Biology,Record,234-1005-2114,PEL,2,140624,1,,5188,mm,258,gr,346,,,,,,,,,,,
Biology,Record,234-1005-2114,PEL,2,140624,1,,24,mm,261,gr,413,,,,,,,,,,,
Biology,Record,234-1005-2114,PEL,2,140624,1,,27,mm,272,gr,450,,,,,,,,,,,
Biology,Record,234-1005-2114,PEL,2,140624,1,,5182,mm,272,gr,397,,,,,,,,,,,
Biology,Record,234-1005-2114,PEL,2,140624,1,,5190,mm,272,gr,351,,,,,,,,,,,
Biology,Record,234-1005-2114,PEL,2,140624,1,,5181,mm,276,gr,381,,,,,,,,,,,
Biology,Record,234-1005-2114,PEL,2,140624,1,,5186,mm,284,gr,424,,,,,,,,,,,
Biology,Record,234-1005-2114,PEL,2,140624,1,,5187,mm,284,gr,491,,,,,,,,,,,
Biology,Record,234-1005-2114,PEL,2,140624,1,,5184,mm,286,gr,426,,,,,,,,,,,
Biology,Record,234-1005-2114,PEL,2,140624,1,,5183,mm,291,gr,499,,,,,,,,,,,
Biology,Record,234-1005-2114,PEL,2,140624,1,,23,mm,292,gr,510,,,,,,,,,,,
Biology,Record,234-1005-2114,PEL,2,140624,1,,5185,mm,301,gr,606,,,,,,,,,,,
Biology,Record,234-1005-2114,PEL,2,272728,1,,228,mm,100,gr,,,,,,,,,,,,
Biology,Record,234-1005-2114,PEL,2,272728,1,,242,mm,100,gr,,,,,,,,,,,,
Biology,Record,234-1005-2114,PEL,2,272728,1,,158,mm,101,gr,7,,,,,,,,,,,
Biology,Record,234-1005-2114,PEL,2,272728,1,,143,mm,103,gr,7,,,,,,,,,,,
Biology,Record,234-1005-2114,PEL,2,272728,1,,160,mm,103,gr,7,,,,,,,,,,,
Biology,Record,234-1005-2114,PEL,2,272728,1,,206,mm,103,gr,,,,,,,,,,,,
Biology,Record,234-1005-2114,PEL,2,272728,1,,214,mm,103,gr,,,,,,,,,,,,
Biology,Record,234-1005-2114,PEL,2,272728,1,,145,mm,108,gr,8,,,,,,,,,,,
Biology,Record,234-1005-2114,PEL,2,272728,1,,164,mm,108,gr,,,,,,,,,,,,
Biology,Record,234-1005-2114,PEL,2,272728,1,,181,mm,109,gr,,,,,,,,,,,,
Biology,Record,234-1005-2114,PEL,2,272728,1,,240,mm,110,gr,,,,,,,,,,,,
Biology,Record,234-1005-2114,PEL,2,272728,1,,161,mm,114,gr,7,,,,,,,,,,,
Biology,Record,234-1005-2114,PEL,2,272728,1,,163,mm,116,gr,,,,,,,,,,,,
Biology,Record,234-1005-2114,PEL,2,272728,1,,212,mm,117,gr,,,,,,,,,,,,
Biology,Record,234-1005-2114,PEL,2,272728,1,,167,mm,118,gr,,,,,,,,,,,,
Biology,Record,234-1005-2114,PEL,2,272728,1,,184,mm,118,gr,,,,,,,,,,,,
Biology,Record,234-1005-2114,PEL,2,272728,1,,151,mm,120,gr,14,,,,,,,,,,,
Biology,Record,234-1005-2114,PEL,2,272728,1,,165,mm,120,gr,,,,,,,,,,,,
Biology,Record,234-1005-2114,PEL,2,272728,1,,149,mm,121,gr,14,,,,,,,,,,,
Biology,Record,234-1005-2114,PEL,2,272728,1,,192,mm,121,gr,,,,,,,,,,,,
Biology,Record,234-1005-2114,PEL,2,272728,1,,211,mm,121,gr,,,,,,,,,,,,
Biology,Record,234-1005-2114,PEL,2,272728,1,,218,mm,121,gr,,,,,,,,,,,,
Biology,Record,234-1005-2114,PEL,2,272728,1,,219,mm,121,gr,,,,,,,,,,,,
Biology,Record,234-1005-2114,PEL,2,272728,1,,239,mm,121,gr,,,,,,,,,,,,
Biology,Record,234-1005-2114,PEL,2,272728,1,,147,mm,122,gr,13,,,,,,,,,,,
Biology,Record,234-1005-2114,PEL,2,272728,1,,169,mm,122,gr,,,,,,,,,,,,
Biology,Record,234-1005-2114,PEL,2,272728,1,,199,mm,122,gr,,,,,,,,,,,,
Biology,Record,234-1005-2114,PEL,2,272728,1,,220,mm,123,gr,,,,,,,,,,,,
Biology,Record,234-1005-2114,PEL,2,272728,1,,144,mm,124,gr,8,,,,,,,,,,,
Biology,Record,234-1005-2114,PEL,2,272728,1,,180,mm,124,gr,,,,,,,,,,,,
Biology,Record,234-1005-2114,PEL,2,272728,1,,232,mm,124,gr,,,,,,,,,,,,
Biology,Record,234-1005-2114,PEL,2,272728,1,,182,mm,125,gr,,,,,,,,,,,,
Biology,Record,234-1005-2114,PEL,2,272728,1,,236,mm,125,gr,,,,,,,,,,,,
Biology,Record,234-1005-2114,PEL,2,272728,1,,146,mm,126,gr,14,,,,,,,,,,,
Biology,Record,234-1005-2114,PEL,2,272728,1,,157,mm,126,gr,16,,,,,,,,,,,
Biology,Record,234-1005-2114,PEL,2,272728,1,,194,mm,126,gr,,,,,,,,,,,,
Biology,Record,234-1005-2114,PEL,2,272728,1,,204,mm,126,gr,,,,,,,,,,,,
Biology,Record,234-1005-2114,PEL,2,272728,1,,230,mm,126,gr,,,,,,,,,,,,
Biology,Record,234-1005-2114,PEL,2,272728,1,,238,mm,126,gr,,,,,,,,,,,,
Biology,Record,234-1005-2114,PEL,2,272728,1,,168,mm,127,gr,,,,,,,,,,,,
Biology,Record,234-1005-2114,PEL,2,272728,1,,171,mm,127,gr,,,,,,,,,,,,
Biology,Record,234-1005-2114,PEL,2,272728,1,,221,mm,127,gr,,,,,,,,,,,,
Biology,Record,234-1005-2114,PEL,2,272728,1,,234,mm,127,gr,,,,,,,,,,,,
Biology,Record,234-1005-2114,PEL,2,272728,1,,209,mm,128,gr,,,,,,,,,,,,
Biology,Record,234-1005-2114,PEL,2,272728,1,,237,mm,128,gr,,,,,,,,,,,,
Biology,Record,234-1005-2114,PEL,2,272728,1,,191,mm,129,gr,,,,,,,,,,,,
Biology,Record,234-1005-2114,PEL,2,272728,1,,193,mm,129,gr,,,,,,,,,,,,
Biology,Record,234-1005-2114,PEL,2,272728,1,,195,mm,129,gr,,,,,,,,,,,,
Biology,Record,234-1005-2114,PEL,2,272728,1,,162,mm,130,gr,16,,,,,,,,,,,
Biology,Record,234-1005-2114,PEL,2,272728,1,,178,mm,130,gr,,,,,,,,,,,,
Biology,Record,234-1005-2114,PEL,2,272728,1,,179,mm,130,gr,,,,,,,,,,,,
Biology,Record,234-1005-2114,PEL,2,272728,1,,187,mm,130,gr,,,,,,,,,,,,
Biology,Record,234-1005-2114,PEL,2,272728,1,,197,mm,130,gr,,,,,,,,,,,,
Biology,Record,234-1005-2114,PEL,2,272728,1,,217,mm,130,gr,,,,,,,,,,,,
Biology,Record,234-1005-2114,PEL,2,272728,1,,152,mm,131,gr,17,,,,,,,,,,,
Biology,Record,234-1005-2114,PEL,2,272728,1,,207,mm,131,gr,,,,,,,,,,,,
Biology,Record,234-1005-2114,PEL,2,272728,1,,208,mm,131,gr,,,,,,,,,,,,
Biology,Record,234-1005-2114,PEL,2,272728,1,,222,mm,131,gr,,,,,,,,,,,,
Biology,Record,234-1005-2114,PEL,2,272728,1,,225,mm,131,gr,,,,,,,,,,,,
Biology,Record,234-1005-2114,PEL,2,272728,1,,226,mm,131,gr,,,,,,,,,,,,
Biology,Record,234-1005-2114,PEL,2,272728,1,,185,mm,132,gr,,,,,,,,,,,,
Biology,Record,234-1005-2114,PEL,2,272728,1,,223,mm,132,gr,,,,,,,,,,,,
Biology,Record,234-1005-2114,PEL,2,272728,1,,175,mm,133,gr,,,,,,,,,,,,
Biology,Record,234-1005-2114,PEL,2,272728,1,,183,mm,133,gr,,,,,,,,,,,,
Biology,Record,234-1005-2114,PEL,2,272728,1,,200,mm,133,gr,,,,,,,,,,,,
Biology,Record,234-1005-2114,PEL,2,272728,1,,216,mm,133,gr,,,,,,,,,,,,
Biology,Record,234-1005-2114,PEL,2,272728,1,,224,mm,133,gr,,,,,,,,,,,,
Biology,Record,234-1005-2114,PEL,2,272728,1,,231,mm,133,gr,,,,,,,,,,,,
Biology,Record,234-1005-2114,PEL,2,272728,1,,148,mm,134,gr,21,,,,,,,,,,,
Biology,Record,234-1005-2114,PEL,2,272728,1,,155,mm,134,gr,18,,,,,,,,,,,
Biology,Record,234-1005-2114,PEL,2,272728,1,,186,mm,134,gr,,,,,,,,,,,,
Biology,Record,234-1005-2114,PEL,2,272728,1,,196,mm,134,gr,,,,,,,,,,,,
Biology,Record,234-1005-2114,PEL,2,272728,1,,227,mm,134,gr,,,,,,,,,,,,
Biology,Record,234-1005-2114,PEL,2,272728,1,,153,mm,135,gr,19,,,,,,,,,,,
Biology,Record,234-1005-2114,PEL,2,272728,1,,172,mm,135,gr,,,,,,,,,,,,
Biology,Record,234-1005-2114,PEL,2,272728,1,,177,mm,135,gr,,,,,,,,,,,,
Biology,Record,234-1005-2114,PEL,2,272728,1,,205,mm,135,gr,,,,,,,,,,,,
Biology,Record,234-1005-2114,PEL,2,272728,1,,202,mm,137,gr,,,,,,,,,,,,
Biology,Record,234-1005-2114,PEL,2,272728,1,,174,mm,138,gr,,,,,,,,,,,,
Biology,Record,234-1005-2114,PEL,2,272728,1,,203,mm,138,gr,,,,,,,,,,,,
Biology,Record,234-1005-2114,PEL,2,272728,1,,210,mm,139,gr,,,,,,,,,,,,
Biology,Record,234-1005-2114,PEL,2,272728,1,,233,mm,139,gr,,,,,,,,,,,,
Biology,Record,234-1005-2114,PEL,2,272728,1,,173,mm,140,gr,,,,,,,,,,,,
Biology,Record,234-1005-2114,PEL,2,272728,1,,176,mm,140,gr,,,,,,,,,,,,
Biology,Record,234-1005-2114,PEL,2,272728,1,,235,mm,140,gr,,,,,,,,,,,,
Biology,Record,234-1005-2114,PEL,2,272728,1,,156,mm,142,gr,24,,,,,,,,,,,
Biology,Record,234-1005-2114,PEL,2,272728,1,,201,mm,142,gr,,,,,,,,,,,,
Biology,Record,234-1005-2114,PEL,2,272728,1,,188,mm,143,gr,,,,,,,,,,,,
Biology,Record,234-1005-2114,PEL,2,272728,1,,189,mm,143,gr,,,,,,,,,,,,
Biology,Record,234-1005-2114,PEL,2,272728,1,,166,mm,144,gr,,,,,,,,,,,,
Biology,Record,234-1005-2114,PEL,2,272728,1,,215,mm,144,gr,,,,,,,,,,,,
Biology,Record,234-1005-2114,PEL,2,272728,1,,198,mm,146,gr,,,,,,,,,,,,
Biology,Record,234-1005-2114,PEL,2,272728,1,,154,mm,147,gr,24,,,,,,,,,,,
Biology,Record,234-1005-2114,PEL,2,272728,1,,159,mm,87,gr,3,,,,,,,,,,,
Biology,Record,234-1005-2114,PEL,2,272728,1,,170,mm,96,gr,,,,,,,,,,,,
Biology,Record,234-1005-2114,PEL,2,272728,1,,229,mm,96,gr,,,,,,,,,,,,
Biology,Record,234-1005-2114,PEL,2,272728,1,,243,mm,96,gr,,,,,,,,,,,,
Biology,Record,234-1005-2114,PEL,2,272728,1,,150,mm,97,gr,7,,,,,,,,,,,
Biology,Record,234-1005-2114,PEL,2,272728,1,,213,mm,98,gr,,,,,,,,,,,,
Biology,Record,234-1005-2114,PEL,2,272728,1,,241,mm,98,gr,,,,,,,,,,,,
Biology,Record,234-1005-2114,PEL,2,272728,1,,190,mm,99,gr,,,,,,,,,,,,
Biology,Record,234-1005-2114,PEL,3,107052,1,,38,mm,34,gr,10,,,,,,,,,,,
Biology,Record,234-1005-2114,PEL,3,107052,1,,39,mm,34,gr,7,,,,,,,,,,,
Biology,Record,234-1005-2114,PEL,3,126352,1,,36,mm,161,gr,4,,,,,,,,,,,
Biology,Record,234-1005-2114,PEL,3,126352,1,,34,mm,190,gr,9,,,,,,,,,,,
Biology,Record,234-1005-2114,PEL,3,126352,1,,35,mm,205,gr,10,,,,,,,,,,,
Biology,Record,234-1005-2114,PEL,3,126352,1,,32,mm,261,gr,33,,,,,,,,,,,
Biology,Record,234-1005-2114,PEL,3,126352,1,,33,mm,263,gr,29,,,,,,,,,,,
Biology,Record,234-1005-2114,PEL,3,126439,1,,5058,mm,154,gr,22,M,A,SMSF,1,,,Otolith,,,,
Biology,Record,234-1005-2114,PEL,3,126439,1,,182,mm,162,gr,23,,,,,,,,,,,
Biology,Record,234-1005-2114,PEL,3,126439,1,,169,mm,164,gr,27,,,,,,,,,,,
Biology,Record,234-1005-2114,PEL,3,126439,1,,120,mm,167,gr,27,,,,,,,,,,,
Biology,Record,234-1005-2114,PEL,3,126439,1,,5084,mm,167,gr,23,M,A,SMSF,1,,,Otolith,,,,
Biology,Record,234-1005-2114,PEL,3,126439,1,,171,mm,168,gr,24,,,,,,,,,,,
Biology,Record,234-1005-2114,PEL,3,126439,1,,183,mm,169,gr,30,,,,,,,,,,,
Biology,Record,234-1005-2114,PEL,3,126439,1,,5040,mm,169,gr,25,M,A,SMSF,1,,,Otolith,,,,
Biology,Record,234-1005-2114,PEL,3,126439,1,,168,mm,170,gr,26,,,,,,,,,,,
Biology,Record,234-1005-2114,PEL,3,126439,1,,180,mm,170,gr,30,,,,,,,,,,,
Biology,Record,234-1005-2114,PEL,3,126439,1,,5057,mm,170,gr,29,F,A,SMSF,1,,,Otolith,,,,
Biology,Record,234-1005-2114,PEL,3,126439,1,,110,mm,172,gr,26,,,,,,,,,,,
Biology,Record,234-1005-2114,PEL,3,126439,1,,137,mm,173,gr,30,,,,,,,,,,,
Biology,Record,234-1005-2114,PEL,3,126439,1,,5070,mm,174,gr,31,M,A,SMSF,1,,,Otolith,,,,
Biology,Record,234-1005-2114,PEL,3,126439,1,,5078,mm,174,gr,31,M,A,SMSF,1,,,Otolith,,,,
Biology,Record,234-1005-2114,PEL,3,126439,1,,5089,mm,174,gr,28,F,A,SMSF,1,,,Otolith,,,,
Biology,Record,234-1005-2114,PEL,3,126439,1,,131,mm,175,gr,26,,,,,,,,,,,
Biology,Record,234-1005-2114,PEL,3,126439,1,,174,mm,176,gr,32,,,,,,,,,,,
Biology,Record,234-1005-2114,PEL,3,126439,1,,5133,mm,176,gr,32,,,,,,,,,,,
Biology,Record,234-1005-2114,PEL,3,126439,1,,178,mm,177,gr,29,,,,,,,,,,,
Biology,Record,234-1005-2114,PEL,3,126439,1,,111,mm,178,gr,32,,,,,,,,,,,
Biology,Record,234-1005-2114,PEL,3,126439,1,,113,mm,178,gr,31,,,,,,,,,,,
Biology,Record,234-1005-2114,PEL,3,126439,1,,5069,mm,179,gr,34,M,A,SMSF,1,,,Otolith,,,,
Biology,Record,234-1005-2114,PEL,3,126439,1,,126,mm,180,gr,34,,,,,,,,,,,
Biology,Record,234-1005-2114,PEL,3,126439,1,,135,mm,180,gr,36,,,,,,,,,,,
Biology,Record,234-1005-2114,PEL,3,126439,1,,136,mm,180,gr,31,,,,,,,,,,,
Biology,Record,234-1005-2114,PEL,3,126439,1,,5056,mm,180,gr,34,M,A,SMSF,1,,,Otolith,,,,
Biology,Record,234-1005-2114,PEL,3,126439,1,,5125,mm,180,gr,37,,,,,,,,,,,
Biology,Record,234-1005-2114,PEL,3,126439,1,,116,mm,181,gr,32,,,,,,,,,,,
Biology,Record,234-1005-2114,PEL,3,126439,1,,5134,mm,181,gr,36,,,,,,,,,,,
Biology,Record,234-1005-2114,PEL,3,126439,1,,117,mm,182,gr,33,,,,,,,,,,,
Biology,Record,234-1005-2114,PEL,3,126439,1,,172,mm,182,gr,36,,,,,,,,,,,
Biology,Record,234-1005-2114,PEL,3,126439,1,,123,mm,183,gr,34,,,,,,,,,,,
Biology,Record,234-1005-2114,PEL,3,126439,1,,5117,mm,183,gr,34,M,A,SMSF,2,,,Otolith,,,,
Biology,Record,234-1005-2114,PEL,3,126439,1,,119,mm,185,gr,32,,,,,,,,,,,
Biology,Record,234-1005-2114,PEL,3,126439,1,,124,mm,185,gr,34,,,,,,,,,,,
Biology,Record,234-1005-2114,PEL,3,126439,1,,5123,mm,185,gr,37,,,,,,,,,,,
Biology,Record,234-1005-2114,PEL,3,126439,1,,127,mm,186,gr,31,,,,,,,,,,,
Biology,Record,234-1005-2114,PEL,3,126439,1,,128,mm,186,gr,32,,,,,,,,,,,
Biology,Record,234-1005-2114,PEL,3,126439,1,,144,mm,186,gr,33,,,,,,,,,,,
Biology,Record,234-1005-2114,PEL,3,126439,1,,153,mm,186,gr,37,,,,,,,,,,,
Biology,Record,234-1005-2114,PEL,3,126439,1,,5022,mm,186,gr,36,M,A,SMSF,1,,,Otolith,,,,
Biology,Record,234-1005-2114,PEL,3,126439,1,,5062,mm,186,gr,35,M,A,SMSF,1,,,Otolith,,,,
Biology,Record,234-1005-2114,PEL,3,126439,1,,5115,mm,186,gr,40,F,A,SMSF,1,,,Otolith,,,,
Biology,Record,234-1005-2114,PEL,3,126439,1,,114,mm,187,gr,41,,,,,,,,,,,
Biology,Record,234-1005-2114,PEL,3,126439,1,,115,mm,187,gr,36,,,,,,,,,,,
Biology,Record,234-1005-2114,PEL,3,126439,1,,173,mm,188,gr,35,,,,,,,,,,,
Biology,Record,234-1005-2114,PEL,3,126439,1,,5082,mm,188,gr,36,M,A,SMSF,1,,,Otolith,,,,
Biology,Record,234-1005-2114,PEL,3,126439,1,,5088,mm,189,gr,37,M,A,SMSF,1,,,Otolith,,,,
Biology,Record,234-1005-2114,PEL,3,126439,1,,5106,mm,189,gr,37,M,A,SMSF,1,,,Otolith,,,,
Biology,Record,234-1005-2114,PEL,3,126439,1,,5114,mm,189,gr,39,M,A,SMSF,1,,,Otolith,,,,
Biology,Record,234-1005-2114,PEL,3,126439,1,,152,mm,190,gr,37,,,,,,,,,,,
Biology,Record,234-1005-2114,PEL,3,126439,1,,5068,mm,190,gr,43,F,A,SMSF,1,,,Otolith,,,,
Biology,Record,234-1005-2114,PEL,3,126439,1,,5112,mm,190,gr,41,M,A,SMSF,1,,,Otolith,,,,
Biology,Record,234-1005-2114,PEL,3,126439,1,,5124,mm,190,gr,41,,,,,,,,,,,
Biology,Record,234-1005-2114,PEL,3,126439,1,,5130,mm,190,gr,40,,,,,,,,,,,
Biology,Record,234-1005-2114,PEL,3,126439,1,,181,mm,191,gr,36,,,,,,,,,,,
Biology,Record,234-1005-2114,PEL,3,126439,1,,5025,mm,191,gr,37,M,A,SMSF,1,,,Otolith,,,,
Biology,Record,234-1005-2114,PEL,3,126439,1,,5096,mm,191,gr,40,M,A,SMSF,1,,,Otolith,,,,
Biology,Record,234-1005-2114,PEL,3,126439,1,,5139,mm,191,gr,40,,,,,,,,,,,
Biology,Record,234-1005-2114,PEL,3,126439,1,,143,mm,192,gr,47,,,,,,,,,,,
Biology,Record,234-1005-2114,PEL,3,126439,1,,5094,mm,192,gr,38,F,A,SMSF,1,,,Otolith,,,,
Biology,Record,234-1005-2114,PEL,3,126439,1,,5126,mm,192,gr,48,,,,,,,,,,,
Biology,Record,234-1005-2114,PEL,3,126439,1,,5087,mm,193,gr,35,M,A,SMSF,1,,,Otolith,,,,
Biology,Record,234-1005-2114,PEL,3,126439,1,,5138,mm,193,gr,42,,,,,,,,,,,
Biology,Record,234-1005-2114,PEL,3,126439,1,,134,mm,194,gr,39,,,,,,,,,,,
Biology,Record,234-1005-2114,PEL,3,126439,1,,170,mm,194,gr,37,,,,,,,,,,,
Biology,Record,234-1005-2114,PEL,3,126439,1,,177,mm,194,gr,40,,,,,,,,,,,
Biology,Record,234-1005-2114,PEL,3,126439,1,,5054,mm,194,gr,37,F,A,SMSF,1,,,Otolith,,,,
Biology,Record,234-1005-2114,PEL,3,126439,1,,5059,mm,194,gr,41,M,A,SMSF,1,,,Otolith,,,,
Biology,Record,234-1005-2114,PEL,3,126439,1,,5021,mm,195,gr,44,M,A,SMSF,1,,,Otolith,,,,
Biology,Record,234-1005-2114,PEL,3,126439,1,,5085,mm,195,gr,40,F,A,SMSF,1,,,Otolith,,,,
Biology,Record,234-1005-2114,PEL,3,126439,1,,147,mm,196,gr,42,,,,,,,,,,,
Biology,Record,234-1005-2114,PEL,3,126439,1,,179,mm,196,gr,41,,,,,,,,,,,
Biology,Record,234-1005-2114,PEL,3,126439,1,,5083,mm,196,gr,40,M,A,SMSF,1,,,Otolith,,,,
Biology,Record,234-1005-2114,PEL,3,126439,1,,5071,mm,197,gr,39,M,A,SMSF,1,,,Otolith,,,,
Biology,Record,234-1005-2114,PEL,3,126439,1,,5108,mm,197,gr,41,F,A,SMSF,1,,,Otolith,,,,
Biology,Record,234-1005-2114,PEL,3,126439,1,,5122,mm,197,gr,46,,,,,,,,,,,
Biology,Record,234-1005-2114,PEL,3,126439,1,,5131,mm,197,gr,46,,,,,,,,,,,
Biology,Record,234-1005-2114,PEL,3,126439,1,,112,mm,198,gr,49,,,,,,,,,,,
Biology,Record,234-1005-2114,PEL,3,126439,1,,176,mm,198,gr,41,,,,,,,,,,,
Biology,Record,234-1005-2114,PEL,3,126439,1,,5042,mm,198,gr,44,M,A,SMSF,1,,,Otolith,,,,
Biology,Record,234-1005-2114,PEL,3,126439,1,,5073,mm,198,gr,39,M,A,SMSF,1,,,Otolith,,,,
Biology,Record,234-1005-2114,PEL,3,126439,1,,5079,mm,198,gr,42,M,A,SMSF,1,,,Otolith,,,,
Biology,Record,234-1005-2114,PEL,3,126439,1,,5137,mm,198,gr,43,,,,,,,,,,,
Biology,Record,234-1005-2114,PEL,3,126439,1,,5041,mm,199,gr,43,F,A,SMSF,1,,,Otolith,,,,
Biology,Record,234-1005-2114,PEL,3,126439,1,,5053,mm,199,gr,46,M,A,SMSF,1,,,Otolith,,,,
Biology,Record,234-1005-2114,PEL,3,126439,1,,5076,mm,199,gr,44,F,A,SMSF,1,,,Otolith,,,,
Biology,Record,234-1005-2114,PEL,3,126439,1,,5086,mm,199,gr,40,M,A,SMSF,1,,,Otolith,,,,
Biology,Record,234-1005-2114,PEL,3,126439,1,,5093,mm,199,gr,44,M,A,SMSF,1,,,Otolith,,,,
Biology,Record,234-1005-2114,PEL,3,126439,1,,133,mm,200,gr,48,,,,,,,,,,,
Biology,Record,234-1005-2114,PEL,3,126439,1,,175,mm,200,gr,43,,,,,,,,,,,
Biology,Record,234-1005-2114,PEL,3,126439,1,,5081,mm,200,gr,43,F,A,SMSF,1,,,Otolith,,,,
Biology,Record,234-1005-2114,PEL,3,126439,1,,118,mm,201,gr,46,,,,,,,,,,,
Biology,Record,234-1005-2114,PEL,3,126439,1,,5043,mm,201,gr,40,F,A,SMSF,1,,,Otolith,,,,
Biology,Record,234-1005-2114,PEL,3,126439,1,,5063,mm,201,gr,41,F,A,SMSF,1,,,Otolith,,,,
Biology,Record,234-1005-2114,PEL,3,126439,1,,5064,mm,201,gr,47,M,A,SMSF,1,,,Otolith,,,,
Biology,Record,234-1005-2114,PEL,3,126439,1,,5051,mm,202,gr,44,F,A,SMSF,1,,,Otolith,,,,
Biology,Record,234-1005-2114,PEL,3,126439,1,,125,mm,203,gr,46,,,,,,,,,,,
Biology,Record,234-1005-2114,PEL,3,126439,1,,163,mm,203,gr,46,,,,,,,,,,,
Biology,Record,234-1005-2114,PEL,3,126439,1,,165,mm,203,gr,43,,,,,,,,,,,
Biology,Record,234-1005-2114,PEL,3,126439,1,,5075,mm,203,gr,45,F,A,SMSF,1,,,Otolith,,,,
Biology,Record,234-1005-2114,PEL,3,126439,1,,5090,mm,203,gr,46,F,A,SMSF,1,,,Otolith,,,,
Biology,Record,234-1005-2114,PEL,3,126439,1,,5109,mm,203,gr,50,F,A,SMSF,1,,,Otolith,,,,
Biology,Record,234-1005-2114,PEL,3,126439,1,,5121,mm,203,gr,45,,,,,,,,,,,
Biology,Record,234-1005-2114,PEL,3,126439,1,,160,mm,204,gr,45,,,,,,,,,,,
Biology,Record,234-1005-2114,PEL,3,126439,1,,5107,mm,204,gr,50,M,A,SMSF,1,,,Otolith,,,,
Biology,Record,234-1005-2114,PEL,3,126439,1,,142,mm,205,gr,45,,,,,,,,,,,
Biology,Record,234-1005-2114,PEL,3,126439,1,,161,mm,205,gr,45,,,,,,,,,,,
Biology,Record,234-1005-2114,PEL,3,126439,1,,166,mm,205,gr,47,,,,,,,,,,,
Biology,Record,234-1005-2114,PEL,3,126439,1,,5055,mm,205,gr,46,F,A,SMSF,1,,,Otolith,,,,
Biology,Record,234-1005-2114,PEL,3,126439,1,,149,mm,206,gr,43,,,,,,,,,,,
Biology,Record,234-1005-2114,PEL,3,126439,1,,5027,mm,206,gr,47,M,B,SMSF,1,,,Otolith,,,,
Biology,Record,234-1005-2114,PEL,3,126439,1,,5132,mm,206,gr,52,,,,,,,,,,,
Biology,Record,234-1005-2114,PEL,3,126439,1,,5067,mm,208,gr,47,M,A,SMSF,1,,,Otolith,,,,
Biology,Record,234-1005-2114,PEL,3,126439,1,,150,mm,209,gr,53,,,,,,,,,,,
Biology,Record,234-1005-2114,PEL,3,126439,1,,151,mm,209,gr,47,,,,,,,,,,,
Biology,Record,234-1005-2114,PEL,3,126439,1,,5103,mm,209,gr,51,F,A,SMSF,1,,,Otolith,,,,
Biology,Record,234-1005-2114,PEL,3,126439,1,,132,mm,210,gr,54,,,,,,,,,,,
Biology,Record,234-1005-2114,PEL,3,126439,1,,164,mm,210,gr,49,,,,,,,,,,,
Biology,Record,234-1005-2114,PEL,3,126439,1,,5077,mm,211,gr,52,M,A,SMSF,1,,,Otolith,,,,
Biology,Record,234-1005-2114,PEL,3,126439,1,,5113,mm,211,gr,50,M,A,SMSF,1,,,Otolith,,,,
Biology,Record,234-1005-2114,PEL,3,126439,1,,5129,mm,211,gr,58,,,,,,,,,,,
Biology,Record,234-1005-2114,PEL,3,126439,1,,130,mm,212,gr,49,,,,,,,,,,,
Biology,Record,234-1005-2114,PEL,3,126439,1,,148,mm,212,gr,55,,,,,,,,,,,
Biology,Record,234-1005-2114,PEL,3,126439,1,,5111,mm,212,gr,54,M,A,SMSF,1,,,Otolith,,,,
Biology,Record,234-1005-2114,PEL,3,126439,1,,167,mm,213,gr,48,,,,,,,,,,,
Biology,Record,234-1005-2114,PEL,3,126439,1,,5074,mm,214,gr,48,F,A,SMSF,1,,,Otolith,,,,
Biology,Record,234-1005-2114,PEL,3,126439,1,,5052,mm,215,gr,53,F,A,SMSF,1,,,Otolith,,,,
Biology,Record,234-1005-2114,PEL,3,126439,1,,162,mm,216,gr,57,,,,,,,,,,,
Biology,Record,234-1005-2114,PEL,3,126439,1,,5110,mm,219,gr,64,M,A,SMSF,1,,,Otolith,,,,
Biology,Record,234-1005-2114,PEL,3,126439,1,,5102,mm,224,gr,59,F,A,SMSF,1,,,Otolith,,,,
Biology,Record,234-1005-2114,PEL,3,126439,1,,5116,mm,228,gr,74,M,B,SMSF,2,,,Otolith,,,,
Biology,Record,234-1005-2114,PEL,3,126439,1,,5092,mm,229,gr,77,M,B,SMSF,3,,,Otolith,,,,
Biology,Record,234-1005-2114,PEL,3,126439,1,,159,mm,231,gr,83,,,,,,,,,,,
Biology,Record,234-1005-2114,PEL,3,126439,1,,5044,mm,233,gr,80,M,B,SMSF,2,,,Otolith,,,,
Biology,Record,234-1005-2114,PEL,3,126439,1,,5095,mm,233,gr,79,M,B,SMSF,3,,,Otolith,,,,
Biology,Record,234-1005-2114,PEL,3,126439,1,,141,mm,235,gr,82,,,,,,,,,,,
Biology,Record,234-1005-2114,PEL,3,126439,1,,5119,mm,235,gr,83,M,B,SMSF,2,,,Otolith,,,,
Biology,Record,234-1005-2114,PEL,3,126439,1,,5135,mm,236,gr,80,,,,,,,,,,,
Biology,Record,234-1005-2114,PEL,3,126439,1,,5039,mm,238,gr,83,M,B,SMSF,2,,,Otolith,,,,
Biology,Record,234-1005-2114,PEL,3,126439,1,,5060,mm,238,gr,78,M,B,SMSF,2,,,Otolith,,,,
Biology,Record,234-1005-2114,PEL,3,126439,1,,5091,mm,241,gr,87,F,B,SMSF,2,,,Otolith,,,,
Biology,Record,234-1005-2114,PEL,3,126439,1,,5066,mm,242,gr,93,M,B,SMSF,3,,,Otolith,,,,
Biology,Record,234-1005-2114,PEL,3,126439,1,,5104,mm,242,gr,90,M,B,SMSF,3,,,Otolith,,,,
Biology,Record,234-1005-2114,PEL,3,126439,1,,5097,mm,243,gr,96,M,B,SMSF,3,,,Otolith,,,,
Biology,Record,234-1005-2114,PEL,3,126439,1,,5136,mm,243,gr,86,,,,,,,,,,,
Biology,Record,234-1005-2114,PEL,3,126439,1,,5020,mm,244,gr,85,M,D,SMSF,2,,,Otolith,,,,
Biology,Record,234-1005-2114,PEL,3,126439,1,,109,mm,245,gr,91,,,,,,,,,,,
Biology,Record,234-1005-2114,PEL,3,126439,1,,146,mm,245,gr,82,,,,,,,,,,,
Biology,Record,234-1005-2114,PEL,3,126439,1,,5120,mm,245,gr,91,,,,,,,,,,,
Biology,Record,234-1005-2114,PEL,3,126439,1,,5105,mm,247,gr,88,M,B,SMSF,2,,,Otolith,,,,
Biology,Record,234-1005-2114,PEL,3,126439,1,,5035,mm,250,gr,98,M,B,SMSF,3,,,Otolith,,,,
Biology,Record,234-1005-2114,PEL,3,126439,1,,5061,mm,250,gr,94,M,B,SMSF,2,,,Otolith,,,,
Biology,Record,234-1005-2114,PEL,3,126439,1,,139,mm,251,gr,90,,,,,,,,,,,
Biology,Record,234-1005-2114,PEL,3,126439,1,,5099,mm,251,gr,93,M,A,SMSF,3,,,Otolith,,,,
Biology,Record,234-1005-2114,PEL,3,126439,1,,5023,mm,252,gr,107,M,B,SMSF,2,,,Otolith,,,,
Biology,Record,234-1005-2114,PEL,3,126439,1,,5127,mm,252,gr,103,,,,,,,,,,,
Biology,Record,234-1005-2114,PEL,3,126439,1,,5026,mm,253,gr,105,M,D,SMSF,3,,,Otolith,,,,
Biology,Record,234-1005-2114,PEL,3,126439,1,,5033,mm,253,gr,99,M,B,SMSF,2,,,Otolith,,,,
Biology,Record,234-1005-2114,PEL,3,126439,1,,140,mm,254,gr,92,,,,,,,,,,,
Biology,Record,234-1005-2114,PEL,3,126439,1,,158,mm,254,gr,89,,,,,,,,,,,
Biology,Record,234-1005-2114,PEL,3,126439,1,,5065,mm,254,gr,107,M,B,SMSF,3,,,Otolith,,,,
Biology,Record,234-1005-2114,PEL,3,126439,1,,5118,mm,254,gr,98,F,B,SMSF,3,,,Otolith,,,,
Biology,Record,234-1005-2114,PEL,3,126439,1,,157,mm,255,gr,102,,,,,,,,,,,
Biology,Record,234-1005-2114,PEL,3,126439,1,,5072,mm,256,gr,97,M,B,SMSF,2,,,Otolith,,,,
Biology,Record,234-1005-2114,PEL,3,126439,1,,156,mm,257,gr,94,,,,,,,,,,,
Biology,Record,234-1005-2114,PEL,3,126439,1,,5080,mm,257,gr,98,M,B,SMSF,3,,,Otolith,,,,
Biology,Record,234-1005-2114,PEL,3,126439,1,,5128,mm,257,gr,111,,,,,,,,,,,
Biology,Record,234-1005-2114,PEL,3,126439,1,,5045,mm,258,gr,93,F,B,SMSF,2,,,Otolith,,,,
Biology,Record,234-1005-2114,PEL,3,126439,1,,5101,mm,258,gr,101,F,B,SMSF,3,,,Otolith,,,,
Biology,Record,234-1005-2114,PEL,3,126439,1,,5036,mm,259,gr,99,M,B,SMSF,2,,,Otolith,,,,
Biology,Record,234-1005-2114,PEL,3,126439,1,,5047,mm,259,gr,106,F,B,SMSF,4,,,Otolith,,,,
Biology,Record,234-1005-2114,PEL,3,126439,1,,155,mm,260,gr,106,,,,,,,,,,,
Biology,Record,234-1005-2114,PEL,3,126439,1,,5031,mm,260,gr,112,F,B,SMSF,2,,,Otolith,,,,
Biology,Record,234-1005-2114,PEL,3,126439,1,,5140,mm,260,gr,132,,,,,,,,,,,
Biology,Record,234-1005-2114,PEL,3,126439,1,,138,mm,261,gr,98,,,,,,,,,,,
Biology,Record,234-1005-2114,PEL,3,126439,1,,5034,mm,261,gr,113,M,D,SMSF,3,,,Otolith,,,,
Biology,Record,234-1005-2114,PEL,3,126439,1,,5098,mm,262,gr,105,F,B,SMSF,2,,,Otolith,,,,
Biology,Record,234-1005-2114,PEL,3,126439,1,,129,mm,263,gr,119,,,,,,,,,,,
Biology,Record,234-1005-2114,PEL,3,126439,1,,5028,mm,263,gr,115,M,B,SMSF,3,,,Otolith,,,,
Biology,Record,234-1005-2114,PEL,3,126439,1,,5030,mm,263,gr,115,F,B,SMSF,2,,,Otolith,,,,
Biology,Record,234-1005-2114,PEL,3,126439,1,,121,mm,264,gr,101,,,,,,,,,,,
Biology,Record,234-1005-2114,PEL,3,126439,1,,154,mm,264,gr,105,,,,,,,,,,,
Biology,Record,234-1005-2114,PEL,3,126439,1,,107,mm,265,gr,119,,,,,,,,,,,
Biology,Record,234-1005-2114,PEL,3,126439,1,,5037,mm,265,gr,105,M,B,SMSF,2,,,Otolith,,,,
Biology,Record,234-1005-2114,PEL,3,126439,1,,145,mm,267,gr,122,,,,,,,,,,,
Biology,Record,234-1005-2114,PEL,3,126439,1,,122,mm,269,gr,113,,,,,,,,,,,
Biology,Record,234-1005-2114,PEL,3,126439,1,,5032,mm,271,gr,143,F,B,SMSF,4,,,Otolith,,,,
Biology,Record,234-1005-2114,PEL,3,126439,1,,5050,mm,273,gr,125,F,B,SMSF,3,,,Otolith,,,,
Biology,Record,234-1005-2114,PEL,3,126439,1,,5024,mm,274,gr,141,F,B,SMSF,2,,,Otolith,,,,
Biology,Record,234-1005-2114,PEL,3,126439,1,,5100,mm,275,gr,116,F,B,SMSF,3,,,Otolith,,,,
Biology,Record,234-1005-2114,PEL,3,126439,1,,5038,mm,278,gr,132,F,B,SMSF,3,,,Otolith,,,,
Biology,Record,234-1005-2114,PEL,3,126439,1,,5029,mm,279,gr,130,F,B,SMSF,4,,,Otolith,,,,
Biology,Record,234-1005-2114,PEL,3,126439,1,,5048,mm,280,gr,140,F,B,SMSF,4,,,Otolith,,,,
Biology,Record,234-1005-2114,PEL,3,126439,1,,106,mm,281,gr,154,,,,,,,,,,,
Biology,Record,234-1005-2114,PEL,3,126439,1,,108,mm,286,gr,168,,,,,,,,,,,
Biology,Record,234-1005-2114,PEL,3,126439,1,,5049,mm,293,gr,154,M,B,SMSF,6,,,Otolith,,,,
Biology,Record,234-1005-2114,PEL,3,126439,1,,5046,mm,299,gr,157,M,D,SMSF,6,,,Otolith,,,,
Biology,Record,234-1005-2114,PEL,3,126527,1,,5142,mm,1854,gr,16800,,,,,,,,,,,
Biology,Record,234-1005-2114,PEL,3,126580,1,,43,mm,75,gr,5,,,,,,,,,,,
Biology,Record,234-1005-2114,PEL,3,126580,1,,42,mm,85,gr,6,,,,,,,,,,,
Biology,Record,234-1005-2114,PEL,3,126580,1,,41,mm,88,gr,8,,,,,,,,,,,
Biology,Record,234-1005-2114,PEL,3,140624,1,,27,mm,221,gr,231,,,,,,,,,,,
Biology,Record,234-1005-2114,PEL,3,140624,1,,192,mm,224,gr,244,,,,,,,,,,,
Biology,Record,234-1005-2114,PEL,3,140624,1,,25,mm,231,gr,291,,,,,,,,,,,
Biology,Record,234-1005-2114,PEL,3,140624,1,,203,mm,235,gr,269,,,,,,,,,,,
Biology,Record,234-1005-2114,PEL,3,140624,1,,202,mm,237,gr,298,,,,,,,,,,,
Biology,Record,234-1005-2114,PEL,3,140624,1,,207,mm,238,gr,279,,,,,,,,,,,
Biology,Record,234-1005-2114,PEL,3,140624,1,,187,mm,244,gr,275,,,,,,,,,,,
Biology,Record,234-1005-2114,PEL,3,140624,1,,198,mm,248,gr,298,,,,,,,,,,,
Biology,Record,234-1005-2114,PEL,3,140624,1,,186,mm,250,gr,275,,,,,,,,,,,
Biology,Record,234-1005-2114,PEL,3,140624,1,,204,mm,253,gr,322,,,,,,,,,,,
Biology,Record,234-1005-2114,PEL,3,140624,1,,191,mm,255,gr,354,,,,,,,,,,,
Biology,Record,234-1005-2114,PEL,3,140624,1,,188,mm,257,gr,374,,,,,,,,,,,
Biology,Record,234-1005-2114,PEL,3,140624,1,,205,mm,258,gr,294,,,,,,,,,,,
Biology,Record,234-1005-2114,PEL,3,140624,1,,194,mm,259,gr,493,,,,,,,,,,,
Biology,Record,234-1005-2114,PEL,3,140624,1,,196,mm,259,gr,364,,,,,,,,,,,
Biology,Record,234-1005-2114,PEL,3,140624,1,,190,mm,264,gr,335,,,,,,,,,,,
Biology,Record,234-1005-2114,PEL,3,140624,1,,206,mm,264,gr,396,,,,,,,,,,,
Biology,Record,234-1005-2114,PEL,3,140624,1,,199,mm,268,gr,371,,,,,,,,,,,
Biology,Record,234-1005-2114,PEL,3,140624,1,,193,mm,269,gr,383,,,,,,,,,,,
Biology,Record,234-1005-2114,PEL,3,140624,1,,208,mm,269,gr,322,,,,,,,,,,,
Biology,Record,234-1005-2114,PEL,3,140624,1,,200,mm,270,gr,365,,,,,,,,,,,
Biology,Record,234-1005-2114,PEL,3,140624,1,,201,mm,271,gr,379,,,,,,,,,,,
Biology,Record,234-1005-2114,PEL,3,140624,1,,26,mm,272,gr,493,,,,,,,,,,,
Biology,Record,234-1005-2114,PEL,3,140624,1,,195,mm,273,gr,503,,,,,,,,,,,
Biology,Record,234-1005-2114,PEL,3,140624,1,,189,mm,281,gr,469,,,,,,,,,,,
Biology,Record,234-1005-2114,PEL,3,140624,1,,197,mm,287,gr,500,,,,,,,,,,,
Biology,Record,234-1005-2114,PEL,3,140624,1,,185,mm,308,gr,566,,,,,,,,,,,
Biology,Record,234-1005-2114,PEL,3,140624,1,,24,mm,54,gr,7,,,,,,,,,,,
Biology,Record,234-1005-2114,PEL,3,140624,1,,209,mm,69,gr,14,,,,,,,,,,,
Biology,Record,234-1005-2114,PEL,3,272728,1,,65,mm,101,gr,6,,,,,,,,,,,
Biology,Record,234-1005-2114,PEL,3,272728,1,,103,mm,106,gr,9,,,,,,,,,,,
Biology,Record,234-1005-2114,PEL,3,272728,1,,51,mm,114,gr,15,,,,,,,,,,,
Biology,Record,234-1005-2114,PEL,3,272728,1,,85,mm,114,gr,10,,,,,,,,,,,
Biology,Record,234-1005-2114,PEL,3,272728,1,,64,mm,116,gr,16,,,,,,,,,,,
Biology,Record,234-1005-2114,PEL,3,272728,1,,78,mm,118,gr,14,,,,,,,,,,,
Biology,Record,234-1005-2114,PEL,3,272728,1,,63,mm,121,gr,19,,,,,,,,,,,
Biology,Record,234-1005-2114,PEL,3,272728,1,,101,mm,121,gr,17,,,,,,,,,,,
Biology,Record,234-1005-2114,PEL,3,272728,1,,48,mm,122,gr,14,,,,,,,,,,,
Biology,Record,234-1005-2114,PEL,3,272728,1,,74,mm,123,gr,15,,,,,,,,,,,
Biology,Record,234-1005-2114,PEL,3,272728,1,,90,mm,124,gr,20,,,,,,,,,,,
Biology,Record,234-1005-2114,PEL,3,272728,1,,102,mm,124,gr,16,,,,,,,,,,,
Biology,Record,234-1005-2114,PEL,3,272728,1,,68,mm,125,gr,18,,,,,,,,,,,
Biology,Record,234-1005-2114,PEL,3,272728,1,,91,mm,125,gr,22,,,,,,,,,,,
Biology,Record,234-1005-2114,PEL,3,272728,1,,50,mm,126,gr,20,,,,,,,,,,,
Biology,Record,234-1005-2114,PEL,3,272728,1,,66,mm,126,gr,19,,,,,,,,,,,
Biology,Record,234-1005-2114,PEL,3,272728,1,,80,mm,126,gr,18,,,,,,,,,,,
Biology,Record,234-1005-2114,PEL,3,272728,1,,81,mm,126,gr,22,,,,,,,,,,,
Biology,Record,234-1005-2114,PEL,3,272728,1,,62,mm,127,gr,19,,,,,,,,,,,
Biology,Record,234-1005-2114,PEL,3,272728,1,,88,mm,127,gr,22,,,,,,,,,,,
Biology,Record,234-1005-2114,PEL,3,272728,1,,67,mm,128,gr,18,,,,,,,,,,,
Biology,Record,234-1005-2114,PEL,3,272728,1,,100,mm,128,gr,19,,,,,,,,,,,
Biology,Record,234-1005-2114,PEL,3,272728,1,,46,mm,129,gr,20,,,,,,,,,,,
Biology,Record,234-1005-2114,PEL,3,272728,1,,54,mm,129,gr,21,,,,,,,,,,,
Biology,Record,234-1005-2114,PEL,3,272728,1,,69,mm,129,gr,20,,,,,,,,,,,
Biology,Record,234-1005-2114,PEL,3,272728,1,,77,mm,129,gr,22,,,,,,,,,,,
Biology,Record,234-1005-2114,PEL,3,272728,1,,92,mm,129,gr,22,,,,,,,,,,,
Biology,Record,234-1005-2114,PEL,3,272728,1,,98,mm,129,gr,21,,,,,,,,,,,
Biology,Record,234-1005-2114,PEL,3,272728,1,,104,mm,130,gr,23,,,,,,,,,,,
Biology,Record,234-1005-2114,PEL,3,272728,1,,61,mm,131,gr,16,,,,,,,,,,,
Biology,Record,234-1005-2114,PEL,3,272728,1,,96,mm,131,gr,23,,,,,,,,,,,
Biology,Record,234-1005-2114,PEL,3,272728,1,,70,mm,132,gr,23,,,,,,,,,,,
Biology,Record,234-1005-2114,PEL,3,272728,1,,83,mm,132,gr,22,,,,,,,,,,,
Biology,Record,234-1005-2114,PEL,3,272728,1,,87,mm,132,gr,20,,,,,,,,,,,
Biology,Record,234-1005-2114,PEL,3,272728,1,,93,mm,133,gr,22,,,,,,,,,,,
Biology,Record,234-1005-2114,PEL,3,272728,1,,45,mm,134,gr,23,,,,,,,,,,,
Biology,Record,234-1005-2114,PEL,3,272728,1,,95,mm,134,gr,20,,,,,,,,,,,
Biology,Record,234-1005-2114,PEL,3,272728,1,,84,mm,135,gr,19,,,,,,,,,,,
Biology,Record,234-1005-2114,PEL,3,272728,1,,94,mm,135,gr,25,,,,,,,,,,,
Biology,Record,234-1005-2114,PEL,3,272728,1,,60,mm,136,gr,16,,,,,,,,,,,
Biology,Record,234-1005-2114,PEL,3,272728,1,,49,mm,137,gr,22,,,,,,,,,,,
Biology,Record,234-1005-2114,PEL,3,272728,1,,89,mm,137,gr,20,,,,,,,,,,,
Biology,Record,234-1005-2114,PEL,3,272728,1,,73,mm,138,gr,21,,,,,,,,,,,
Biology,Record,234-1005-2114,PEL,3,272728,1,,53,mm,139,gr,25,,,,,,,,,,,
Biology,Record,234-1005-2114,PEL,3,272728,1,,82,mm,139,gr,28,,,,,,,,,,,
Biology,Record,234-1005-2114,PEL,3,272728,1,,59,mm,140,gr,24,,,,,,,,,,,
Biology,Record,234-1005-2114,PEL,3,272728,1,,71,mm,140,gr,26,,,,,,,,,,,
Biology,Record,234-1005-2114,PEL,3,272728,1,,47,mm,142,gr,23,,,,,,,,,,,
Biology,Record,234-1005-2114,PEL,3,272728,1,,97,mm,144,gr,21,,,,,,,,,,,
Biology,Record,234-1005-2114,PEL,3,272728,1,,72,mm,145,gr,25,,,,,,,,,,,
Biology,Record,234-1005-2114,PEL,3,272728,1,,76,mm,145,gr,27,,,,,,,,,,,
Biology,Record,234-1005-2114,PEL,3,272728,1,,79,mm,145,gr,25,,,,,,,,,,,
Biology,Record,234-1005-2114,PEL,3,272728,1,,99,mm,145,gr,26,,,,,,,,,,,
Biology,Record,234-1005-2114,PEL,3,272728,1,,52,mm,147,gr,23,,,,,,,,,,,
Biology,Record,234-1005-2114,PEL,3,272728,1,,57,mm,152,gr,27,,,,,,,,,,,
Biology,Record,234-1005-2114,PEL,3,272728,1,,58,mm,153,gr,30,,,,,,,,,,,
Biology,Record,234-1005-2114,PEL,3,272728,1,,56,mm,154,gr,28,,,,,,,,,,,
Biology,Record,234-1005-2114,PEL,3,272728,1,,86,mm,86,gr,7,,,,,,,,,,,
Biology,Record,234-1005-2114,PEL,3,272728,1,,55,mm,95,gr,6,,,,,,,,,,,
Biology,Record,234-1005-2114,PEL,3,272728,1,,75,mm,97,gr,8,,,,,,,,,,,

