﻿Cruise,Header,CruiseSurvey,CruiseCountry,CruisePlatform,CruiseStartDate,CruiseEndDate,CruiseOrganisation,CruiseLocalID
Cruise,Record,IBWSS,NL,64T2,2022-03-21,2022-04-02,1340,NLIBWSS2022
Haul,Header,CruiseLocalID,HaulGear,HaulNumber,HaulStationName,HaulStartTime,HaulDuration,HaulValidity,HaulStartLatitude,HaulStartLongitude,HaulStopLatitude,HaulStopLongitude,HaulStatisticalRectangle,HaulMinTrawlDepth,HaulMaxTrawlDepth,HaulBottomDepth,HaulDistance,HaulNetopening,HaulCodendMesh,HaulSweepLength,HaulGearExceptions,HaulDoorType,HaulWarpLength,HaulWarpDiameter,HaulWarpDensity,HaulDoorSurface,HaulDoorWeight,HaulDoorSpread,HaulWingSpread,HaulBuoyancy,HaulKiteArea,HaulGroundRopeWeight,HaulRigging,HaulTickler,HaulHydrographicStationID,HaulTowDirection,HaulSpeedGround,HaulSpeedWater,HaulWindDirection,HaulWindSpeed,HaulSwellDirection,HaulSwellHeight,HaulLogDistance,HaulStratum
Haul,Record,NLIBWSS2022,PEL,1,5400001,2022-03-23T18:20,39,V,51.4795,-11.425667,51.4505,-11.393333,,215,273,273,,56,,,,P,525,,,,,,,,,,,,,,,,,,,,,
Haul,Record,NLIBWSS2022,PEL,2,5400002,2022-03-24T15:47,26,V,52.066666,-14.2545,52.065334,-14.212,,299,300,300,,40,,,,P,725,,,,,,,,,,,,,,,,,,,,,
Haul,Record,NLIBWSS2022,PEL,3,5400003,2022-03-24T22:06,49,V,52.045666,-14.961667,52.07567,-14.906667,,14.8,537,537,,40,,,,P,999,,,,,,,,,,,,,,,,,,,,,
Haul,Record,NLIBWSS2022,PEL,4,5400004,2022-03-25T16:17,44,V,52.840168,-14.59,52.84,-14.675,,400,400,400,,40,,,,P,999,,,,,,,,,,,,,,,,,,,,,
Haul,Record,NLIBWSS2022,PEL,5,5400005,2022-03-26T06:10,21,V,53.30633,-14.348166,53.306168,-14.381833,,290,333.3,333.3,,40,,,,P,720,,,,,,,,,,,,,,,,,,,,,
Haul,Record,NLIBWSS2022,PEL,6,5400006,2022-03-27T02:58,51,V,53.776833,-14.147333,53.772335,-14.232,,455,1150,1150,,80,,,,P,999,,,,,,,,,,,,,,,,,,,,,
Haul,Record,NLIBWSS2022,PEL,7,5400007,2022-03-28T01:32,51,V,55.368,-11.425667,55.373665,-11.3165,,500,1150,1150,,50,,,,P,999,,,,,,,,,,,,,,,,,,,,,
Haul,Record,NLIBWSS2022,PEL,8,5400008,2022-03-28T12:30,74,V,55.3705,-9.76,55.372,-9.880667,,225,340.3,340.3,,40,,,,P,555,,,,,,,,,,,,,,,,,,,,,
Haul,Record,NLIBWSS2022,PEL,9,5400009,2022-03-29T09:46,34,V,56.42967,-10.192,56.43667,-10.231334,,999,1101,1101,,40,,,,P,999,,,,,,,,,,,,,,,,,,,,,
Haul,Record,NLIBWSS2022,PEL,10,5400010,2022-03-29T17:03,25,V,56.517,-11.621667,56.526833,-11.582334,,150,1850,1850,,40,,,,P,400,,,,,,,,,,,,,,,,,,,,,
Haul,Record,NLIBWSS2022,PEL,11,5400011,2022-03-30T07:10,77,V,56.867332,-13.671833,56.814835,-13.745167,,275,325,325,,40,,,,P,700,,,,,,,,,,,,,,,,,,,,,
Haul,Record,NLIBWSS2022,PEL,12,5400012,2022-03-30T14:15,58,V,56.811,-14.605,56.813667,-14.711166,,275,325,325,,40,,,,P,700,,,,,,,,,,,,,,,,,,,,,
Haul,Record,NLIBWSS2022,PEL,13,5400013,2022-03-30T20:03,34,V,56.841835,-15.322,56.814335,-15.3465,,415,466.9,466.9,,40,,,,P,999,,,,,,,,,,,,,,,,,,,,,
Haul,Record,NLIBWSS2022,PEL,14,5400014,2022-04-01T20:32,34,V,58.792835,-9.169833,58.803833,-9.23,,396,400,400,,40,,,,P,999,,,,,,,,,,,,,,,,,,,,,
Catch,Header,CruiseLocalID,HaulGear,HaulNumber,CatchDataType,CatchSpeciesCode,CatchSpeciesValidity,CatchSpeciesCategory,CatchSpeciesCategoryNumber,CatchWeightUnit,CatchSpeciesCategoryWeight,CatchSpeciesSex,CatchSubsampledNumber,CatchSubsamplingFactor,CatchSubsampleWeight,CatchLengthCode,CatchLengthClass,CatchLengthType,CatchNumberAtLength,CatchWeightAtLength
Catch,Record,NLIBWSS2022,PEL,1,R,126439,1,1,,kg,37.4625,,,1.875,19.98,,,,,
Catch,Record,NLIBWSS2022,PEL,2,R,126439,1,1,,kg,1295.8253,,,128.03334,10.121,,,,,
Catch,Record,NLIBWSS2022,PEL,3,R,126439,1,1,,kg,819.0309,,,23.314285,35.13,,,,,
Catch,Record,NLIBWSS2022,PEL,4,R,126439,1,1,,kg,3524.4,,,110,32.04,,,,,
Catch,Record,NLIBWSS2022,PEL,5,R,126439,1,1,,kg,10629.8125,,,331.25,32.09,,,,,
Catch,Record,NLIBWSS2022,PEL,6,R,126439,1,1,,kg,231.15,,,8.214286,28.14,,,,,
Catch,Record,NLIBWSS2022,PEL,7,R,126439,1,1,,kg,880,,,28.947369,30.4,,,,,
Catch,Record,NLIBWSS2022,PEL,8,R,126439,1,1,,kg,1093.4185,,,51.070457,21.41,,,,,
Catch,Record,NLIBWSS2022,PEL,9,R,126439,1,1,,kg,0,,,0,0,,,,,
Catch,Record,NLIBWSS2022,PEL,10,R,126439,1,1,,kg,0,,,0,0,,,,,
Catch,Record,NLIBWSS2022,PEL,11,R,126439,1,1,,kg,8.0312805,,,6.02045,1.334,,,,,
Catch,Record,NLIBWSS2022,PEL,12,R,126439,1,1,,kg,0,,,0,0,,,,,
Catch,Record,NLIBWSS2022,PEL,13,R,126439,1,1,,kg,576.94116,,,14.85048,38.85,,,,,
Catch,Record,NLIBWSS2022,PEL,14,R,126439,1,1,,kg,12482.687,,,346.26038,36.05,,,,,
Biology,Header,CruiseLocalID,HaulGear,HaulNumber,CatchSpeciesCode,CatchSpeciesCategory,BiologyStockCode,BiologyFishID,BiologyLengthCode,BiologyLengthClass,BiologyWeightUnit,BiologyIndividualWeight,BiologyIndividualSex,BiologyIndividualMaturity,BiologyMaturityScale,BiologyIndividualAge,BiologyIndividualGrowthRings,BiologyAgePlusGroup,BiologyAgeSource,BiologyGeneticSamplingFlag,BiologyStomachSamplingFlag,BiologyParasiteSamplingFlag,BiologyIndividualVertebraeCount
Biology,Record,NLIBWSS2022,PEL,1,126439,1,,1,mm,163,gr,21,M,61,M6,1,,,Otolith,,,,
Biology,Record,NLIBWSS2022,PEL,1,126439,1,,2,mm,168,gr,23,M,61,M6,1,,,Otolith,,,,
Biology,Record,NLIBWSS2022,PEL,1,126439,1,,4,mm,177,gr,26,F,61,M6,1,,,Otolith,,,,
Biology,Record,NLIBWSS2022,PEL,1,126439,1,,3,mm,178,gr,26,M,61,M6,1,,,Otolith,,,,
Biology,Record,NLIBWSS2022,PEL,1,126439,1,,5,mm,179,gr,29,M,61,M6,1,,,Otolith,,,,
Biology,Record,NLIBWSS2022,PEL,1,126439,1,,7,mm,182,gr,30,F,61,M6,1,,,Otolith,,,,
Biology,Record,NLIBWSS2022,PEL,1,126439,1,,6,mm,183,gr,30,M,61,M6,1,,,Otolith,,,,
Biology,Record,NLIBWSS2022,PEL,1,126439,1,,11,mm,186,gr,30,F,61,M6,1,,,Otolith,,,,
Biology,Record,NLIBWSS2022,PEL,1,126439,1,,8,mm,187,gr,32,M,63,M6,1,,,Otolith,,,,
Biology,Record,NLIBWSS2022,PEL,1,126439,1,,9,mm,187,gr,34,F,61,M6,1,,,Otolith,,,,
Biology,Record,NLIBWSS2022,PEL,1,126439,1,,10,mm,188,gr,33,F,61,M6,1,,,Otolith,,,,
Biology,Record,NLIBWSS2022,PEL,1,126439,1,,12,mm,190,gr,33,M,61,M6,1,,,Otolith,,,,
Biology,Record,NLIBWSS2022,PEL,1,126439,1,,13,mm,194,gr,36,F,61,M6,1,,,Otolith,,,,
Biology,Record,NLIBWSS2022,PEL,1,126439,1,,15,mm,201,gr,36,M,61,M6,1,,,Otolith,,,,
Biology,Record,NLIBWSS2022,PEL,1,126439,1,,14,mm,207,gr,47,F,61,M6,1,,,Otolith,,,,
Biology,Record,NLIBWSS2022,PEL,1,126439,1,,16,mm,212,gr,45,F,61,M6,1,,,Otolith,,,,
Biology,Record,NLIBWSS2022,PEL,1,126439,1,,19,mm,213,gr,45,M,64,M6,2,,,Otolith,,,,
Biology,Record,NLIBWSS2022,PEL,1,126439,1,,22,mm,213,gr,43,M,64,M6,2,,,Otolith,,,,
Biology,Record,NLIBWSS2022,PEL,1,126439,1,,17,mm,214,gr,44,M,64,M6,2,,,Otolith,,,,
Biology,Record,NLIBWSS2022,PEL,1,126439,1,,18,mm,214,gr,45,M,64,M6,2,,,Otolith,,,,
Biology,Record,NLIBWSS2022,PEL,1,126439,1,,21,mm,214,gr,46,M,64,M6,2,,,Otolith,,,,
Biology,Record,NLIBWSS2022,PEL,1,126439,1,,20,mm,215,gr,45,M,64,M6,2,,,Otolith,,,,
Biology,Record,NLIBWSS2022,PEL,1,126439,1,,23,mm,218,gr,41,M,64,M6,2,,,Otolith,,,,
Biology,Record,NLIBWSS2022,PEL,1,126439,1,,24,mm,218,gr,49,M,64,M6,2,,,Otolith,,,,
Biology,Record,NLIBWSS2022,PEL,1,126439,1,,25,mm,218,gr,50,M,64,M6,2,,,Otolith,,,,
Biology,Record,NLIBWSS2022,PEL,1,126439,1,,26,mm,218,gr,44,M,64,M6,2,,,Otolith,,,,
Biology,Record,NLIBWSS2022,PEL,1,126439,1,,40,mm,218,gr,53,M,64,M6,2,,,Otolith,,,,
Biology,Record,NLIBWSS2022,PEL,1,126439,1,,38,mm,220,gr,49,M,64,M6,2,,,Otolith,,,,
Biology,Record,NLIBWSS2022,PEL,1,126439,1,,41,mm,220,gr,48,M,64,M6,2,,,Otolith,,,,
Biology,Record,NLIBWSS2022,PEL,1,126439,1,,27,mm,221,gr,49,M,64,M6,2,,,Otolith,,,,
Biology,Record,NLIBWSS2022,PEL,1,126439,1,,36,mm,221,gr,55,M,64,M6,2,,,Otolith,,,,
Biology,Record,NLIBWSS2022,PEL,1,126439,1,,30,mm,222,gr,51,M,63,M6,2,,,Otolith,,,,
Biology,Record,NLIBWSS2022,PEL,1,126439,1,,31,mm,222,gr,49,M,64,M6,2,,,Otolith,,,,
Biology,Record,NLIBWSS2022,PEL,1,126439,1,,33,mm,222,gr,47,M,64,M6,2,,,Otolith,,,,
Biology,Record,NLIBWSS2022,PEL,1,126439,1,,37,mm,222,gr,51,M,64,M6,2,,,Otolith,,,,
Biology,Record,NLIBWSS2022,PEL,1,126439,1,,48,mm,223,gr,53,M,64,M6,2,,,Otolith,,,,
Biology,Record,NLIBWSS2022,PEL,1,126439,1,,28,mm,224,gr,54,M,64,M6,2,,,Otolith,,,,
Biology,Record,NLIBWSS2022,PEL,1,126439,1,,44,mm,225,gr,53,M,64,M6,2,,,Otolith,,,,
Biology,Record,NLIBWSS2022,PEL,1,126439,1,,46,mm,225,gr,55,M,64,M6,2,,,Otolith,,,,
Biology,Record,NLIBWSS2022,PEL,1,126439,1,,47,mm,226,gr,56,M,64,M6,2,,,Otolith,,,,
Biology,Record,NLIBWSS2022,PEL,1,126439,1,,55,mm,226,gr,53,M,64,M6,2,,,Otolith,,,,
Biology,Record,NLIBWSS2022,PEL,1,126439,1,,29,mm,227,gr,54,M,64,M6,2,,,Otolith,,,,
Biology,Record,NLIBWSS2022,PEL,1,126439,1,,45,mm,227,gr,58,M,64,M6,2,,,Otolith,,,,
Biology,Record,NLIBWSS2022,PEL,1,126439,1,,35,mm,228,gr,58,M,64,M6,2,,,Otolith,,,,
Biology,Record,NLIBWSS2022,PEL,1,126439,1,,39,mm,228,gr,59,F,61,M6,2,,,Otolith,,,,
Biology,Record,NLIBWSS2022,PEL,1,126439,1,,43,mm,228,gr,54,M,64,M6,2,,,Otolith,,,,
Biology,Record,NLIBWSS2022,PEL,1,126439,1,,63,mm,228,gr,54,M,64,M6,2,,,Otolith,,,,
Biology,Record,NLIBWSS2022,PEL,1,126439,1,,32,mm,229,gr,60,M,64,M6,2,,,Otolith,,,,
Biology,Record,NLIBWSS2022,PEL,1,126439,1,,34,mm,229,gr,59,M,64,M6,2,,,Otolith,,,,
Biology,Record,NLIBWSS2022,PEL,1,126439,1,,42,mm,229,gr,55,F,61,M6,2,,,Otolith,,,,
Biology,Record,NLIBWSS2022,PEL,1,126439,1,,57,mm,229,gr,60,M,64,M6,2,,,Otolith,,,,
Biology,Record,NLIBWSS2022,PEL,1,126439,1,,60,mm,230,gr,54,M,64,M6,2,,,Otolith,,,,
Biology,Record,NLIBWSS2022,PEL,1,126439,1,,52,mm,231,gr,55,F,64,M6,2,,,Otolith,,,,
Biology,Record,NLIBWSS2022,PEL,1,126439,1,,59,mm,231,gr,59,M,64,M6,2,,,Otolith,,,,
Biology,Record,NLIBWSS2022,PEL,1,126439,1,,64,mm,231,gr,61,M,64,M6,2,,,Otolith,,,,
Biology,Record,NLIBWSS2022,PEL,1,126439,1,,50,mm,232,gr,55,F,64,M6,2,,,Otolith,,,,
Biology,Record,NLIBWSS2022,PEL,1,126439,1,,53,mm,232,gr,59,M,64,M6,2,,,Otolith,,,,
Biology,Record,NLIBWSS2022,PEL,1,126439,1,,56,mm,233,gr,65,M,64,M6,2,,,Otolith,,,,
Biology,Record,NLIBWSS2022,PEL,1,126439,1,,49,mm,236,gr,57,F,62,M6,2,,,Otolith,,,,
Biology,Record,NLIBWSS2022,PEL,1,126439,1,,51,mm,236,gr,59,M,64,M6,2,,,Otolith,,,,
Biology,Record,NLIBWSS2022,PEL,1,126439,1,,54,mm,236,gr,55,F,64,M6,2,,,Otolith,,,,
Biology,Record,NLIBWSS2022,PEL,1,126439,1,,62,mm,237,gr,62,M,64,M6,2,,,Otolith,,,,
Biology,Record,NLIBWSS2022,PEL,1,126439,1,,61,mm,238,gr,77,F,64,M6,2,,,Otolith,,,,
Biology,Record,NLIBWSS2022,PEL,1,126439,1,,58,mm,240,gr,62,F,64,M6,2,,,Otolith,,,,
Biology,Record,NLIBWSS2022,PEL,1,126439,1,,67,mm,242,gr,71,F,64,M6,2,,,Otolith,,,,
Biology,Record,NLIBWSS2022,PEL,1,126439,1,,65,mm,245,gr,71,F,62,M6,2,,,Otolith,,,,
Biology,Record,NLIBWSS2022,PEL,1,126439,1,,68,mm,246,gr,64,F,64,M6,2,,,Otolith,,,,
Biology,Record,NLIBWSS2022,PEL,1,126439,1,,66,mm,248,gr,69,F,64,M6,2,,,Otolith,,,,
Biology,Record,NLIBWSS2022,PEL,1,126439,1,,76,mm,250,gr,50,M,64,M6,3,,,Otolith,,,,
Biology,Record,NLIBWSS2022,PEL,1,126439,1,,71,mm,254,gr,71,M,64,M6,3,,,Otolith,,,,
Biology,Record,NLIBWSS2022,PEL,1,126439,1,,73,mm,254,gr,83,M,64,M6,4,,,Otolith,,,,
Biology,Record,NLIBWSS2022,PEL,1,126439,1,,72,mm,255,gr,80,M,64,M6,3,,,Otolith,,,,
Biology,Record,NLIBWSS2022,PEL,1,126439,1,,75,mm,255,gr,79,M,64,M6,2,,,Otolith,,,,
Biology,Record,NLIBWSS2022,PEL,1,126439,1,,69,mm,256,gr,75,M,64,M6,2,,,Otolith,,,,
Biology,Record,NLIBWSS2022,PEL,1,126439,1,,70,mm,257,gr,78,F,64,M6,2,,,Otolith,,,,
Biology,Record,NLIBWSS2022,PEL,1,126439,1,,74,mm,257,gr,81,M,64,M6,3,,,Otolith,,,,
Biology,Record,NLIBWSS2022,PEL,1,126439,1,,81,mm,258,gr,81,M,64,M6,3,,,Otolith,,,,
Biology,Record,NLIBWSS2022,PEL,1,126439,1,,79,mm,261,gr,97,M,64,M6,3,,,Otolith,,,,
Biology,Record,NLIBWSS2022,PEL,1,126439,1,,84,mm,263,gr,91,M,64,M6,4,,,Otolith,,,,
Biology,Record,NLIBWSS2022,PEL,1,126439,1,,86,mm,264,gr,88,M,64,M6,4,,,Otolith,,,,
Biology,Record,NLIBWSS2022,PEL,1,126439,1,,82,mm,265,gr,99,M,64,M6,3,,,Otolith,,,,
Biology,Record,NLIBWSS2022,PEL,1,126439,1,,77,mm,266,gr,104,M,64,M6,4,,,Otolith,,,,
Biology,Record,NLIBWSS2022,PEL,1,126439,1,,78,mm,267,gr,95,M,64,M6,4,,,Otolith,,,,
Biology,Record,NLIBWSS2022,PEL,1,126439,1,,80,mm,268,gr,100,M,64,M6,4,,,Otolith,,,,
Biology,Record,NLIBWSS2022,PEL,1,126439,1,,83,mm,268,gr,87,M,64,M6,4,,,Otolith,,,,
Biology,Record,NLIBWSS2022,PEL,1,126439,1,,85,mm,269,gr,112,M,64,M6,4,,,Otolith,,,,
Biology,Record,NLIBWSS2022,PEL,1,126439,1,,89,mm,270,gr,96,M,64,M6,5,,,Otolith,,,,
Biology,Record,NLIBWSS2022,PEL,1,126439,1,,90,mm,272,gr,97,M,64,M6,4,,,Otolith,,,,
Biology,Record,NLIBWSS2022,PEL,1,126439,1,,91,mm,272,gr,108,M,64,M6,5,,,Otolith,,,,
Biology,Record,NLIBWSS2022,PEL,1,126439,1,,87,mm,276,gr,77,F,64,M6,3,,,Otolith,,,,
Biology,Record,NLIBWSS2022,PEL,1,126439,1,,93,mm,276,gr,96,F,64,M6,4,,,Otolith,,,,
Biology,Record,NLIBWSS2022,PEL,1,126439,1,,88,mm,278,gr,121,F,64,M6,4,,,Otolith,,,,
Biology,Record,NLIBWSS2022,PEL,1,126439,1,,92,mm,278,gr,112,F,64,M6,4,,,Otolith,,,,
Biology,Record,NLIBWSS2022,PEL,1,126439,1,,96,mm,280,gr,128,M,64,M6,4,,,Otolith,,,,
Biology,Record,NLIBWSS2022,PEL,1,126439,1,,94,mm,283,gr,119,M,64,M6,4,,,Otolith,,,,
Biology,Record,NLIBWSS2022,PEL,1,126439,1,,95,mm,286,gr,117,M,64,M6,5,,,Otolith,,,,
Biology,Record,NLIBWSS2022,PEL,1,126439,1,,97,mm,298,gr,151,M,64,M6,8,,,Otolith,,,,
Biology,Record,NLIBWSS2022,PEL,1,126439,1,,98,mm,300,gr,149,F,64,M6,4,,,Otolith,,,,
Biology,Record,NLIBWSS2022,PEL,1,126439,1,,99,mm,311,gr,146,M,64,M6,8,,,Otolith,,,,
Biology,Record,NLIBWSS2022,PEL,1,126439,1,,100,mm,340,gr,210,F,64,M6,7,,,Otolith,,,,
Biology,Record,NLIBWSS2022,PEL,2,126439,1,,1,mm,164,gr,20,M,61,M6,1,,,Otolith,,,,
Biology,Record,NLIBWSS2022,PEL,2,126439,1,,2,mm,193,gr,35,M,61,M6,1,,,Otolith,,,,
Biology,Record,NLIBWSS2022,PEL,2,126439,1,,4,mm,209,gr,41,M,64,M6,2,,,Otolith,,,,
Biology,Record,NLIBWSS2022,PEL,2,126439,1,,9,mm,213,gr,50,M,64,M6,2,,,Otolith,,,,
Biology,Record,NLIBWSS2022,PEL,2,126439,1,,5,mm,217,gr,46,M,64,M6,2,,,Otolith,,,,
Biology,Record,NLIBWSS2022,PEL,2,126439,1,,7,mm,217,gr,50,M,64,M6,2,,,Otolith,,,,
Biology,Record,NLIBWSS2022,PEL,2,126439,1,,8,mm,217,gr,49,M,64,M6,2,,,Otolith,,,,
Biology,Record,NLIBWSS2022,PEL,2,126439,1,,3,mm,218,gr,41,F,64,M6,2,,,Otolith,,,,
Biology,Record,NLIBWSS2022,PEL,2,126439,1,,6,mm,218,gr,51,M,64,M6,2,,,Otolith,,,,
Biology,Record,NLIBWSS2022,PEL,2,126439,1,,18,mm,220,gr,48,M,64,M6,2,,,Otolith,,,,
Biology,Record,NLIBWSS2022,PEL,2,126439,1,,10,mm,222,gr,50,M,64,M6,2,,,Otolith,,,,
Biology,Record,NLIBWSS2022,PEL,2,126439,1,,12,mm,222,gr,52,M,64,M6,2,,,Otolith,,,,
Biology,Record,NLIBWSS2022,PEL,2,126439,1,,13,mm,222,gr,48,M,64,M6,2,,,Otolith,,,,
Biology,Record,NLIBWSS2022,PEL,2,126439,1,,14,mm,225,gr,49,M,64,M6,2,,,Otolith,,,,
Biology,Record,NLIBWSS2022,PEL,2,126439,1,,15,mm,226,gr,57,M,64,M6,2,,,Otolith,,,,
Biology,Record,NLIBWSS2022,PEL,2,126439,1,,21,mm,226,gr,50,M,63,M6,2,,,Otolith,,,,
Biology,Record,NLIBWSS2022,PEL,2,126439,1,,11,mm,228,gr,54,M,64,M6,2,,,Otolith,,,,
Biology,Record,NLIBWSS2022,PEL,2,126439,1,,16,mm,228,gr,55,M,64,M6,2,,,Otolith,,,,
Biology,Record,NLIBWSS2022,PEL,2,126439,1,,17,mm,228,gr,57,M,64,M6,2,,,Otolith,,,,
Biology,Record,NLIBWSS2022,PEL,2,126439,1,,19,mm,228,gr,52,M,64,M6,2,,,Otolith,,,,
Biology,Record,NLIBWSS2022,PEL,2,126439,1,,24,mm,228,gr,56,M,64,M6,2,,,Otolith,,,,
Biology,Record,NLIBWSS2022,PEL,2,126439,1,,26,mm,228,gr,55,F,64,M6,2,,,Otolith,,,,
Biology,Record,NLIBWSS2022,PEL,2,126439,1,,20,mm,229,gr,49,M,64,M6,2,,,Otolith,,,,
Biology,Record,NLIBWSS2022,PEL,2,126439,1,,29,mm,232,gr,54,M,64,M6,2,,,Otolith,,,,
Biology,Record,NLIBWSS2022,PEL,2,126439,1,,22,mm,233,gr,54,F,64,M6,2,,,Otolith,,,,
Biology,Record,NLIBWSS2022,PEL,2,126439,1,,27,mm,235,gr,64,F,64,M6,2,,,Otolith,,,,
Biology,Record,NLIBWSS2022,PEL,2,126439,1,,28,mm,236,gr,60,M,64,M6,2,,,Otolith,,,,
Biology,Record,NLIBWSS2022,PEL,2,126439,1,,25,mm,238,gr,54,F,64,M6,2,,,Otolith,,,,
Biology,Record,NLIBWSS2022,PEL,2,126439,1,,23,mm,239,gr,72,F,64,M6,2,,,Otolith,,,,
Biology,Record,NLIBWSS2022,PEL,2,126439,1,,30,mm,240,gr,63,M,64,M6,2,,,Otolith,,,,
Biology,Record,NLIBWSS2022,PEL,2,126439,1,,35,mm,240,gr,63,M,64,M6,2,,,Otolith,,,,
Biology,Record,NLIBWSS2022,PEL,2,126439,1,,34,mm,241,gr,64,F,64,M6,2,,,Otolith,,,,
Biology,Record,NLIBWSS2022,PEL,2,126439,1,,31,mm,243,gr,65,F,64,M6,2,,,Otolith,,,,
Biology,Record,NLIBWSS2022,PEL,2,126439,1,,32,mm,249,gr,72,M,64,M6,2,,,Otolith,,,,
Biology,Record,NLIBWSS2022,PEL,2,126439,1,,33,mm,249,gr,63,F,64,M6,2,,,Otolith,,,,
Biology,Record,NLIBWSS2022,PEL,2,126439,1,,39,mm,250,gr,61,M,64,M6,2,,,Otolith,,,,
Biology,Record,NLIBWSS2022,PEL,2,126439,1,,40,mm,250,gr,68,M,64,M6,3,,,Otolith,,,,
Biology,Record,NLIBWSS2022,PEL,2,126439,1,,36,mm,252,gr,63,M,64,M6,3,,,Otolith,,,,
Biology,Record,NLIBWSS2022,PEL,2,126439,1,,37,mm,255,gr,80,M,64,M6,3,,,Otolith,,,,
Biology,Record,NLIBWSS2022,PEL,2,126439,1,,41,mm,256,gr,70,M,64,M6,3,,,Otolith,,,,
Biology,Record,NLIBWSS2022,PEL,2,126439,1,,38,mm,259,gr,81,M,64,M6,3,,,Otolith,,,,
Biology,Record,NLIBWSS2022,PEL,2,126439,1,,43,mm,261,gr,81,M,64,M6,3,,,Otolith,,,,
Biology,Record,NLIBWSS2022,PEL,2,126439,1,,47,mm,261,gr,87,F,64,M6,2,,,Otolith,,,,
Biology,Record,NLIBWSS2022,PEL,2,126439,1,,51,mm,261,gr,79,M,64,M6,3,,,Otolith,,,,
Biology,Record,NLIBWSS2022,PEL,2,126439,1,,42,mm,263,gr,85,M,64,M6,3,,,Otolith,,,,
Biology,Record,NLIBWSS2022,PEL,2,126439,1,,48,mm,263,gr,82,M,64,M6,3,,,Otolith,,,,
Biology,Record,NLIBWSS2022,PEL,2,126439,1,,45,mm,266,gr,98,M,63,M6,4,,,Otolith,,,,
Biology,Record,NLIBWSS2022,PEL,2,126439,1,,44,mm,268,gr,94,M,64,M6,3,,,Otolith,,,,
Biology,Record,NLIBWSS2022,PEL,2,126439,1,,46,mm,268,gr,98,M,64,M6,4,,,Otolith,,,,
Biology,Record,NLIBWSS2022,PEL,2,126439,1,,49,mm,273,gr,99,M,64,M6,3,,,Otolith,,,,
Biology,Record,NLIBWSS2022,PEL,2,126439,1,,50,mm,275,gr,95,M,64,M6,4,,,Otolith,,,,
Biology,Record,NLIBWSS2022,PEL,2,126439,1,,53,mm,278,gr,107,M,64,M6,4,,,Otolith,,,,
Biology,Record,NLIBWSS2022,PEL,2,126439,1,,52,mm,282,gr,99,F,64,M6,4,,,Otolith,,,,
Biology,Record,NLIBWSS2022,PEL,2,126439,1,,58,mm,282,gr,111,M,64,M6,4,,,Otolith,,,,
Biology,Record,NLIBWSS2022,PEL,2,126439,1,,57,mm,283,gr,124,M,64,M6,7,,,Otolith,,,,
Biology,Record,NLIBWSS2022,PEL,2,126439,1,,55,mm,287,gr,116,M,64,M6,6,,,Otolith,,,,
Biology,Record,NLIBWSS2022,PEL,2,126439,1,,63,mm,288,gr,116,M,64,M6,5,,,Otolith,,,,
Biology,Record,NLIBWSS2022,PEL,2,126439,1,,54,mm,289,gr,116,M,64,M6,5,,,Otolith,,,,
Biology,Record,NLIBWSS2022,PEL,2,126439,1,,56,mm,290,gr,120,M,64,M6,8,,,Otolith,,,,
Biology,Record,NLIBWSS2022,PEL,2,126439,1,,67,mm,290,gr,120,M,64,M6,5,,,Otolith,,,,
Biology,Record,NLIBWSS2022,PEL,2,126439,1,,59,mm,292,gr,133,M,64,M6,6,,,Otolith,,,,
Biology,Record,NLIBWSS2022,PEL,2,126439,1,,62,mm,292,gr,113,F,64,M6,4,,,Otolith,,,,
Biology,Record,NLIBWSS2022,PEL,2,126439,1,,65,mm,292,gr,108,F,62,M6,5,,,Otolith,,,,
Biology,Record,NLIBWSS2022,PEL,2,126439,1,,69,mm,292,gr,120,M,64,M6,6,,,Otolith,,,,
Biology,Record,NLIBWSS2022,PEL,2,126439,1,,68,mm,295,gr,122,M,64,M6,7,,,Otolith,,,,
Biology,Record,NLIBWSS2022,PEL,2,126439,1,,60,mm,296,gr,126,M,64,M6,5,,,Otolith,,,,
Biology,Record,NLIBWSS2022,PEL,2,126439,1,,64,mm,297,gr,123,M,64,M6,5,,,Otolith,,,,
Biology,Record,NLIBWSS2022,PEL,2,126439,1,,61,mm,299,gr,138,M,64,M6,4,,,Otolith,,,,
Biology,Record,NLIBWSS2022,PEL,2,126439,1,,70,mm,299,gr,131,M,64,M6,6,,,Otolith,,,,
Biology,Record,NLIBWSS2022,PEL,2,126439,1,,73,mm,300,gr,130,M,64,M6,6,,,Otolith,,,,
Biology,Record,NLIBWSS2022,PEL,2,126439,1,,66,mm,301,gr,143,M,63,M6,8,,,Otolith,,,,
Biology,Record,NLIBWSS2022,PEL,2,126439,1,,78,mm,301,gr,136,F,64,M6,4,,,Otolith,,,,
Biology,Record,NLIBWSS2022,PEL,2,126439,1,,79,mm,301,gr,133,M,64,M6,5,,,Otolith,,,,
Biology,Record,NLIBWSS2022,PEL,2,126439,1,,77,mm,302,gr,144,M,64,M6,5,,,Otolith,,,,
Biology,Record,NLIBWSS2022,PEL,2,126439,1,,75,mm,303,gr,127,M,64,M6,507,,,Otolith,,,,
Biology,Record,NLIBWSS2022,PEL,2,126439,1,,76,mm,303,gr,140,M,64,M6,7,,,Otolith,,,,
Biology,Record,NLIBWSS2022,PEL,2,126439,1,,71,mm,304,gr,141,M,64,M6,4,,,Otolith,,,,
Biology,Record,NLIBWSS2022,PEL,2,126439,1,,72,mm,305,gr,142,M,64,M6,5,,,Otolith,,,,
Biology,Record,NLIBWSS2022,PEL,2,126439,1,,74,mm,308,gr,148,M,64,M6,6,,,Otolith,,,,
Biology,Record,NLIBWSS2022,PEL,2,126439,1,,89,mm,309,gr,151,F,64,M6,8,,,Otolith,,,,
Biology,Record,NLIBWSS2022,PEL,2,126439,1,,82,mm,311,gr,132,M,64,M6,7,,,Otolith,,,,
Biology,Record,NLIBWSS2022,PEL,2,126439,1,,84,mm,313,gr,148,M,64,M6,7,,,Otolith,,,,
Biology,Record,NLIBWSS2022,PEL,2,126439,1,,87,mm,313,gr,154,M,64,M6,7,,,Otolith,,,,
Biology,Record,NLIBWSS2022,PEL,2,126439,1,,80,mm,315,gr,133,F,64,M6,5,,,Otolith,,,,
Biology,Record,NLIBWSS2022,PEL,2,126439,1,,85,mm,316,gr,135,F,64,M6,3,,,Otolith,,,,
Biology,Record,NLIBWSS2022,PEL,2,126439,1,,88,mm,316,gr,132,F,64,M6,5,,,Otolith,,,,
Biology,Record,NLIBWSS2022,PEL,2,126439,1,,81,mm,317,gr,149,F,64,M6,5,,,Otolith,,,,
Biology,Record,NLIBWSS2022,PEL,2,126439,1,,83,mm,317,gr,145,F,62,M6,6,,,Otolith,,,,
Biology,Record,NLIBWSS2022,PEL,2,126439,1,,86,mm,317,gr,173,M,64,M6,7,,,Otolith,,,,
Biology,Record,NLIBWSS2022,PEL,2,126439,1,,93,mm,320,gr,147,F,63,M6,8,,,Otolith,,,,
Biology,Record,NLIBWSS2022,PEL,2,126439,1,,92,mm,322,gr,160,F,64,M6,5,,,Otolith,,,,
Biology,Record,NLIBWSS2022,PEL,2,126439,1,,94,mm,325,gr,142,F,64,M6,5,,,Otolith,,,,
Biology,Record,NLIBWSS2022,PEL,2,126439,1,,91,mm,326,gr,169,F,64,M6,5,,,Otolith,,,,
Biology,Record,NLIBWSS2022,PEL,2,126439,1,,90,mm,327,gr,146,F,64,M6,7,,,Otolith,,,,
Biology,Record,NLIBWSS2022,PEL,2,126439,1,,95,mm,327,gr,182,M,64,M6,7,,,Otolith,,,,
Biology,Record,NLIBWSS2022,PEL,2,126439,1,,97,mm,331,gr,175,M,64,M6,7,,,Otolith,,,,
Biology,Record,NLIBWSS2022,PEL,2,126439,1,,96,mm,338,gr,194,F,62,M6,8,,,Otolith,,,,
Biology,Record,NLIBWSS2022,PEL,2,126439,1,,98,mm,347,gr,193,F,62,M6,5,,,Otolith,,,,
Biology,Record,NLIBWSS2022,PEL,2,126439,1,,99,mm,350,gr,210,F,64,M6,5,,,Otolith,,,,
Biology,Record,NLIBWSS2022,PEL,2,126439,1,,100,mm,374,gr,240,F,64,M6,7,,,Otolith,,,,
Biology,Record,NLIBWSS2022,PEL,3,126439,1,,1,mm,227,gr,54,M,64,M6,2,,,Otolith,,,,
Biology,Record,NLIBWSS2022,PEL,3,126439,1,,2,mm,228,gr,53,M,64,M6,2,,,Otolith,,,,
Biology,Record,NLIBWSS2022,PEL,3,126439,1,,3,mm,228,gr,47,M,64,M6,2,,,Otolith,,,,
Biology,Record,NLIBWSS2022,PEL,3,126439,1,,4,mm,232,gr,55,M,64,M6,2,,,Otolith,,,,
Biology,Record,NLIBWSS2022,PEL,3,126439,1,,5,mm,233,gr,53,M,64,M6,2,,,Otolith,,,,
Biology,Record,NLIBWSS2022,PEL,3,126439,1,,6,mm,233,gr,53,M,64,M6,2,,,Otolith,,,,
Biology,Record,NLIBWSS2022,PEL,3,126439,1,,8,mm,236,gr,59,M,64,M6,2,,,Otolith,,,,
Biology,Record,NLIBWSS2022,PEL,3,126439,1,,7,mm,237,gr,58,M,64,M6,2,,,Otolith,,,,
Biology,Record,NLIBWSS2022,PEL,3,126439,1,,11,mm,241,gr,71,M,64,M6,2,,,Otolith,,,,
Biology,Record,NLIBWSS2022,PEL,3,126439,1,,13,mm,242,gr,67,M,64,M6,2,,,Otolith,,,,
Biology,Record,NLIBWSS2022,PEL,3,126439,1,,12,mm,243,gr,70,M,64,M6,3,,,Otolith,,,,
Biology,Record,NLIBWSS2022,PEL,3,126439,1,,9,mm,250,gr,71,F,64,M6,2,,,Otolith,,,,
Biology,Record,NLIBWSS2022,PEL,3,126439,1,,10,mm,251,gr,67,M,64,M6,3,,,Otolith,,,,
Biology,Record,NLIBWSS2022,PEL,3,126439,1,,14,mm,252,gr,78,M,64,M6,2,,,Otolith,,,,
Biology,Record,NLIBWSS2022,PEL,3,126439,1,,15,mm,253,gr,74,M,64,M6,3,,,Otolith,,,,
Biology,Record,NLIBWSS2022,PEL,3,126439,1,,18,mm,254,gr,82,M,64,M6,3,,,Otolith,,,,
Biology,Record,NLIBWSS2022,PEL,3,126439,1,,17,mm,257,gr,73,M,64,M6,2,,,Otolith,,,,
Biology,Record,NLIBWSS2022,PEL,3,126439,1,,20,mm,257,gr,82,M,64,M6,3,,,Otolith,,,,
Biology,Record,NLIBWSS2022,PEL,3,126439,1,,21,mm,257,gr,83,M,64,M6,3,,,Otolith,,,,
Biology,Record,NLIBWSS2022,PEL,3,126439,1,,24,mm,257,gr,72,M,64,M6,3,,,Otolith,,,,
Biology,Record,NLIBWSS2022,PEL,3,126439,1,,25,mm,257,gr,75,M,64,M6,3,,,Otolith,,,,
Biology,Record,NLIBWSS2022,PEL,3,126439,1,,16,mm,258,gr,73,M,64,M6,4,,,Otolith,,,,
Biology,Record,NLIBWSS2022,PEL,3,126439,1,,19,mm,258,gr,81,M,64,M6,3,,,Otolith,,,,
Biology,Record,NLIBWSS2022,PEL,3,126439,1,,34,mm,258,gr,86,M,64,M6,3,,,Otolith,,,,
Biology,Record,NLIBWSS2022,PEL,3,126439,1,,22,mm,259,gr,74,M,64,M6,3,,,Otolith,,,,
Biology,Record,NLIBWSS2022,PEL,3,126439,1,,23,mm,260,gr,82,M,64,M6,3,,,Otolith,,,,
Biology,Record,NLIBWSS2022,PEL,3,126439,1,,36,mm,260,gr,87,M,64,M6,5,,,Otolith,,,,
Biology,Record,NLIBWSS2022,PEL,3,126439,1,,31,mm,261,gr,80,M,64,M6,3,,,Otolith,,,,
Biology,Record,NLIBWSS2022,PEL,3,126439,1,,33,mm,261,gr,88,M,64,M6,3,,,Otolith,,,,
Biology,Record,NLIBWSS2022,PEL,3,126439,1,,35,mm,262,gr,92,M,64,M6,4,,,Otolith,,,,
Biology,Record,NLIBWSS2022,PEL,3,126439,1,,41,mm,264,gr,90,M,64,M6,3,,,Otolith,,,,
Biology,Record,NLIBWSS2022,PEL,3,126439,1,,28,mm,265,gr,85,M,64,M6,3,,,Otolith,,,,
Biology,Record,NLIBWSS2022,PEL,3,126439,1,,26,mm,266,gr,83,M,64,M6,3,,,Otolith,,,,
Biology,Record,NLIBWSS2022,PEL,3,126439,1,,29,mm,266,gr,88,M,64,M6,3,,,Otolith,,,,
Biology,Record,NLIBWSS2022,PEL,3,126439,1,,27,mm,267,gr,86,M,64,M6,3,,,Otolith,,,,
Biology,Record,NLIBWSS2022,PEL,3,126439,1,,30,mm,267,gr,97,M,64,M6,3,,,Otolith,,,,
Biology,Record,NLIBWSS2022,PEL,3,126439,1,,38,mm,267,gr,86,M,64,M6,5,,,Otolith,,,,
Biology,Record,NLIBWSS2022,PEL,3,126439,1,,37,mm,268,gr,92,M,64,M6,4,,,Otolith,,,,
Biology,Record,NLIBWSS2022,PEL,3,126439,1,,40,mm,268,gr,90,M,64,M6,3,,,Otolith,,,,
Biology,Record,NLIBWSS2022,PEL,3,126439,1,,48,mm,268,gr,98,M,64,M6,3,,,Otolith,,,,
Biology,Record,NLIBWSS2022,PEL,3,126439,1,,53,mm,270,gr,94,M,64,M6,4,,,Otolith,,,,
Biology,Record,NLIBWSS2022,PEL,3,126439,1,,54,mm,270,gr,102,M,64,M6,4,,,Otolith,,,,
Biology,Record,NLIBWSS2022,PEL,3,126439,1,,32,mm,271,gr,94,M,64,M6,3,,,Otolith,,,,
Biology,Record,NLIBWSS2022,PEL,3,126439,1,,39,mm,271,gr,97,M,64,M6,4,,,Otolith,,,,
Biology,Record,NLIBWSS2022,PEL,3,126439,1,,46,mm,271,gr,105,M,64,M6,4,,,Otolith,,,,
Biology,Record,NLIBWSS2022,PEL,3,126439,1,,51,mm,271,gr,98,M,64,M6,4,,,Otolith,,,,
Biology,Record,NLIBWSS2022,PEL,3,126439,1,,43,mm,272,gr,103,M,64,M6,3,,,Otolith,,,,
Biology,Record,NLIBWSS2022,PEL,3,126439,1,,49,mm,272,gr,94,M,64,M6,4,,,Otolith,,,,
Biology,Record,NLIBWSS2022,PEL,3,126439,1,,44,mm,273,gr,97,M,64,M6,3,,,Otolith,,,,
Biology,Record,NLIBWSS2022,PEL,3,126439,1,,42,mm,274,gr,101,M,64,M6,4,,,Otolith,,,,
Biology,Record,NLIBWSS2022,PEL,3,126439,1,,45,mm,276,gr,97,M,64,M6,3,,,Otolith,,,,
Biology,Record,NLIBWSS2022,PEL,3,126439,1,,52,mm,277,gr,101,M,64,M6,4,,,Otolith,,,,
Biology,Record,NLIBWSS2022,PEL,3,126439,1,,47,mm,278,gr,106,M,64,M6,4,,,Otolith,,,,
Biology,Record,NLIBWSS2022,PEL,3,126439,1,,50,mm,280,gr,119,M,64,M6,4,,,Otolith,,,,
Biology,Record,NLIBWSS2022,PEL,3,126439,1,,58,mm,281,gr,100,M,64,M6,3,,,Otolith,,,,
Biology,Record,NLIBWSS2022,PEL,3,126439,1,,60,mm,282,gr,107,M,64,M6,3,,,Otolith,,,,
Biology,Record,NLIBWSS2022,PEL,3,126439,1,,59,mm,285,gr,105,M,64,M6,3,,,Otolith,,,,
Biology,Record,NLIBWSS2022,PEL,3,126439,1,,57,mm,287,gr,114,M,64,M6,4,,,Otolith,,,,
Biology,Record,NLIBWSS2022,PEL,3,126439,1,,56,mm,288,gr,129,M,62,M6,5,,,Otolith,,,,
Biology,Record,NLIBWSS2022,PEL,3,126439,1,,61,mm,289,gr,121,M,64,M6,5,,,Otolith,,,,
Biology,Record,NLIBWSS2022,PEL,3,126439,1,,62,mm,289,gr,91,M,64,M6,5,,,Otolith,,,,
Biology,Record,NLIBWSS2022,PEL,3,126439,1,,75,mm,289,gr,119,M,64,M6,9,,,Otolith,,,,
Biology,Record,NLIBWSS2022,PEL,3,126439,1,,55,mm,290,gr,112,M,64,M6,4,,,Otolith,,,,
Biology,Record,NLIBWSS2022,PEL,3,126439,1,,71,mm,290,gr,118,M,64,M6,6,,,Otolith,,,,
Biology,Record,NLIBWSS2022,PEL,3,126439,1,,74,mm,290,gr,121,M,64,M6,6,,,Otolith,,,,
Biology,Record,NLIBWSS2022,PEL,3,126439,1,,63,mm,291,gr,117,M,64,M6,5,,,Otolith,,,,
Biology,Record,NLIBWSS2022,PEL,3,126439,1,,72,mm,291,gr,112,M,64,M6,5,,,Otolith,,,,
Biology,Record,NLIBWSS2022,PEL,3,126439,1,,64,mm,292,gr,123,M,64,M6,4,,,Otolith,,,,
Biology,Record,NLIBWSS2022,PEL,3,126439,1,,66,mm,293,gr,120,M,64,M6,6,,,Otolith,,,,
Biology,Record,NLIBWSS2022,PEL,3,126439,1,,69,mm,295,gr,130,M,64,M6,6,,,Otolith,,,,
Biology,Record,NLIBWSS2022,PEL,3,126439,1,,76,mm,296,gr,134,M,64,M6,7,,,Otolith,,,,
Biology,Record,NLIBWSS2022,PEL,3,126439,1,,65,mm,297,gr,125,M,64,M6,6,,,Otolith,,,,
Biology,Record,NLIBWSS2022,PEL,3,126439,1,,67,mm,297,gr,134,M,64,M6,6,,,Otolith,,,,
Biology,Record,NLIBWSS2022,PEL,3,126439,1,,70,mm,297,gr,125,M,64,M6,5,,,Otolith,,,,
Biology,Record,NLIBWSS2022,PEL,3,126439,1,,73,mm,297,gr,123,F,62,M6,5,,,Otolith,,,,
Biology,Record,NLIBWSS2022,PEL,3,126439,1,,83,mm,297,gr,144,M,64,M6,4,,,Otolith,,,,
Biology,Record,NLIBWSS2022,PEL,3,126439,1,,68,mm,298,gr,136,M,64,M6,7,,,Otolith,,,,
Biology,Record,NLIBWSS2022,PEL,3,126439,1,,79,mm,298,gr,122,M,64,M6,7,,,Otolith,,,,
Biology,Record,NLIBWSS2022,PEL,3,126439,1,,89,mm,299,gr,133,M,64,M6,5,,,Otolith,,,,
Biology,Record,NLIBWSS2022,PEL,3,126439,1,,81,mm,301,gr,135,M,64,M6,7,,,Otolith,,,,
Biology,Record,NLIBWSS2022,PEL,3,126439,1,,77,mm,302,gr,126,M,64,M6,5,,,Otolith,,,,
Biology,Record,NLIBWSS2022,PEL,3,126439,1,,78,mm,302,gr,131,M,64,M6,5,,,Otolith,,,,
Biology,Record,NLIBWSS2022,PEL,3,126439,1,,85,mm,302,gr,125,M,64,M6,7,,,Otolith,,,,
Biology,Record,NLIBWSS2022,PEL,3,126439,1,,88,mm,302,gr,127,M,64,M6,7,,,Otolith,,,,
Biology,Record,NLIBWSS2022,PEL,3,126439,1,,84,mm,304,gr,140,M,64,M6,6,,,Otolith,,,,
Biology,Record,NLIBWSS2022,PEL,3,126439,1,,80,mm,306,gr,141,M,64,M6,6,,,Otolith,,,,
Biology,Record,NLIBWSS2022,PEL,3,126439,1,,82,mm,308,gr,129,F,64,M6,4,,,Otolith,,,,
Biology,Record,NLIBWSS2022,PEL,3,126439,1,,87,mm,308,gr,147,F,64,M6,3,,,Otolith,,,,
Biology,Record,NLIBWSS2022,PEL,3,126439,1,,90,mm,310,gr,141,M,64,M6,6,,,Otolith,,,,
Biology,Record,NLIBWSS2022,PEL,3,126439,1,,92,mm,310,gr,143,M,64,M6,6,,,Otolith,,,,
Biology,Record,NLIBWSS2022,PEL,3,126439,1,,86,mm,311,gr,139,F,64,M6,5,,,Otolith,,,,
Biology,Record,NLIBWSS2022,PEL,3,126439,1,,93,mm,313,gr,158,M,64,M6,6,,,Otolith,,,,
Biology,Record,NLIBWSS2022,PEL,3,126439,1,,91,mm,317,gr,147,M,64,M6,6,,,Otolith,,,,
Biology,Record,NLIBWSS2022,PEL,3,126439,1,,95,mm,318,gr,151,M,64,M6,6,,,Otolith,,,,
Biology,Record,NLIBWSS2022,PEL,3,126439,1,,94,mm,323,gr,179,F,64,M6,7,,,Otolith,,,,
Biology,Record,NLIBWSS2022,PEL,3,126439,1,,96,mm,332,gr,216,M,64,M6,7,,,Otolith,,,,
Biology,Record,NLIBWSS2022,PEL,3,126439,1,,98,mm,332,gr,164,F,64,M6,5,,,Otolith,,,,
Biology,Record,NLIBWSS2022,PEL,3,126439,1,,97,mm,336,gr,191,F,62,M6,5,,,Otolith,,,,
Biology,Record,NLIBWSS2022,PEL,3,126439,1,,99,mm,363,gr,217,F,64,M6,6,,,Otolith,,,,
Biology,Record,NLIBWSS2022,PEL,3,126439,1,,100,mm,376,gr,283,F,62,M6,8,,,Otolith,,,,
Biology,Record,NLIBWSS2022,PEL,4,126439,1,,1,mm,213,gr,44,M,64,M6,2,,,Otolith,,,,
Biology,Record,NLIBWSS2022,PEL,4,126439,1,,3,mm,220,gr,45,M,64,M6,2,,,Otolith,,,,
Biology,Record,NLIBWSS2022,PEL,4,126439,1,,4,mm,221,gr,46,M,64,M6,2,,,Otolith,,,,
Biology,Record,NLIBWSS2022,PEL,4,126439,1,,2,mm,224,gr,53,M,64,M6,2,,,Otolith,,,,
Biology,Record,NLIBWSS2022,PEL,4,126439,1,,6,mm,230,gr,53,M,64,M6,2,,,Otolith,,,,
Biology,Record,NLIBWSS2022,PEL,4,126439,1,,8,mm,235,gr,56,M,64,M6,2,,,Otolith,,,,
Biology,Record,NLIBWSS2022,PEL,4,126439,1,,10,mm,235,gr,59,M,64,M6,2,,,Otolith,,,,
Biology,Record,NLIBWSS2022,PEL,4,126439,1,,7,mm,238,gr,60,M,64,M6,2,,,Otolith,,,,
Biology,Record,NLIBWSS2022,PEL,4,126439,1,,9,mm,238,gr,58,M,64,M6,2,,,Otolith,,,,
Biology,Record,NLIBWSS2022,PEL,4,126439,1,,5,mm,239,gr,63,M,64,M6,2,,,Otolith,,,,
Biology,Record,NLIBWSS2022,PEL,4,126439,1,,12,mm,244,gr,63,M,64,M6,4,,,Otolith,,,,
Biology,Record,NLIBWSS2022,PEL,4,126439,1,,11,mm,245,gr,69,M,64,M6,2,,,Otolith,,,,
Biology,Record,NLIBWSS2022,PEL,4,126439,1,,14,mm,246,gr,67,M,64,M6,3,,,Otolith,,,,
Biology,Record,NLIBWSS2022,PEL,4,126439,1,,13,mm,249,gr,69,M,64,M6,3,,,Otolith,,,,
Biology,Record,NLIBWSS2022,PEL,4,126439,1,,16,mm,252,gr,65,F,64,M6,2,,,Otolith,,,,
Biology,Record,NLIBWSS2022,PEL,4,126439,1,,15,mm,257,gr,74,F,64,M6,2,,,Otolith,,,,
Biology,Record,NLIBWSS2022,PEL,4,126439,1,,19,mm,257,gr,73,M,64,M6,3,,,Otolith,,,,
Biology,Record,NLIBWSS2022,PEL,4,126439,1,,20,mm,258,gr,79,M,64,M6,3,,,Otolith,,,,
Biology,Record,NLIBWSS2022,PEL,4,126439,1,,17,mm,259,gr,71,M,64,M6,3,,,Otolith,,,,
Biology,Record,NLIBWSS2022,PEL,4,126439,1,,18,mm,259,gr,81,M,64,M6,3,,,Otolith,,,,
Biology,Record,NLIBWSS2022,PEL,4,126439,1,,26,mm,260,gr,76,M,64,M6,3,,,Otolith,,,,
Biology,Record,NLIBWSS2022,PEL,4,126439,1,,30,mm,263,gr,78,M,64,M6,3,,,Otolith,,,,
Biology,Record,NLIBWSS2022,PEL,4,126439,1,,27,mm,265,gr,92,M,64,M6,3,,,Otolith,,,,
Biology,Record,NLIBWSS2022,PEL,4,126439,1,,31,mm,265,gr,78,M,64,M6,4,,,Otolith,,,,
Biology,Record,NLIBWSS2022,PEL,4,126439,1,,28,mm,266,gr,92,M,64,M6,3,,,Otolith,,,,
Biology,Record,NLIBWSS2022,PEL,4,126439,1,,29,mm,266,gr,84,M,64,M6,4,,,Otolith,,,,
Biology,Record,NLIBWSS2022,PEL,4,126439,1,,25,mm,267,gr,85,M,64,M6,3,,,Otolith,,,,
Biology,Record,NLIBWSS2022,PEL,4,126439,1,,21,mm,268,gr,85,M,64,M6,3,,,Otolith,,,,
Biology,Record,NLIBWSS2022,PEL,4,126439,1,,22,mm,270,gr,95,F,64,M6,3,,,Otolith,,,,
Biology,Record,NLIBWSS2022,PEL,4,126439,1,,33,mm,271,gr,89,M,64,M6,4,,,Otolith,,,,
Biology,Record,NLIBWSS2022,PEL,4,126439,1,,37,mm,271,gr,89,M,64,M6,3,,,Otolith,,,,
Biology,Record,NLIBWSS2022,PEL,4,126439,1,,24,mm,273,gr,91,M,64,M6,5,,,Otolith,,,,
Biology,Record,NLIBWSS2022,PEL,4,126439,1,,32,mm,273,gr,89,F,64,M6,4,,,Otolith,,,,
Biology,Record,NLIBWSS2022,PEL,4,126439,1,,40,mm,275,gr,104,M,64,M6,3,,,Otolith,,,,
Biology,Record,NLIBWSS2022,PEL,4,126439,1,,23,mm,276,gr,82,M,64,M6,3,,,Otolith,,,,
Biology,Record,NLIBWSS2022,PEL,4,126439,1,,34,mm,276,gr,83,M,64,M6,4,,,Otolith,,,,
Biology,Record,NLIBWSS2022,PEL,4,126439,1,,35,mm,278,gr,102,F,64,M6,4,,,Otolith,,,,
Biology,Record,NLIBWSS2022,PEL,4,126439,1,,36,mm,278,gr,110,M,64,M6,4,,,Otolith,,,,
Biology,Record,NLIBWSS2022,PEL,4,126439,1,,38,mm,279,gr,100,M,64,M6,4,,,Otolith,,,,
Biology,Record,NLIBWSS2022,PEL,4,126439,1,,41,mm,281,gr,104,F,64,M6,4,,,Otolith,,,,
Biology,Record,NLIBWSS2022,PEL,4,126439,1,,48,mm,281,gr,99,F,64,M6,4,,,Otolith,,,,
Biology,Record,NLIBWSS2022,PEL,4,126439,1,,50,mm,281,gr,106,F,64,M6,4,,,Otolith,,,,
Biology,Record,NLIBWSS2022,PEL,4,126439,1,,52,mm,284,gr,105,M,64,M6,3,,,Otolith,,,,
Biology,Record,NLIBWSS2022,PEL,4,126439,1,,42,mm,285,gr,98,F,64,M6,4,,,Otolith,,,,
Biology,Record,NLIBWSS2022,PEL,4,126439,1,,43,mm,285,gr,110,F,62,M6,4,,,Otolith,,,,
Biology,Record,NLIBWSS2022,PEL,4,126439,1,,49,mm,285,gr,102,M,64,M6,7,,,Otolith,,,,
Biology,Record,NLIBWSS2022,PEL,4,126439,1,,44,mm,287,gr,122,M,64,M6,4,,,Otolith,,,,
Biology,Record,NLIBWSS2022,PEL,4,126439,1,,47,mm,287,gr,110,F,64,M6,4,,,Otolith,,,,
Biology,Record,NLIBWSS2022,PEL,4,126439,1,,39,mm,288,gr,115,M,64,M6,5,,,Otolith,,,,
Biology,Record,NLIBWSS2022,PEL,4,126439,1,,45,mm,288,gr,116,M,64,M6,3,,,Otolith,,,,
Biology,Record,NLIBWSS2022,PEL,4,126439,1,,46,mm,288,gr,124,M,62,M6,5,,,Otolith,,,,
Biology,Record,NLIBWSS2022,PEL,4,126439,1,,51,mm,290,gr,117,M,64,M6,6,,,Otolith,,,,
Biology,Record,NLIBWSS2022,PEL,4,126439,1,,61,mm,290,gr,117,M,64,M6,6,,,Otolith,,,,
Biology,Record,NLIBWSS2022,PEL,4,126439,1,,68,mm,290,gr,115,M,64,M6,5,,,Otolith,,,,
Biology,Record,NLIBWSS2022,PEL,4,126439,1,,67,mm,291,gr,119,M,64,M6,5,,,Otolith,,,,
Biology,Record,NLIBWSS2022,PEL,4,126439,1,,55,mm,292,gr,123,M,64,M6,7,,,Otolith,,,,
Biology,Record,NLIBWSS2022,PEL,4,126439,1,,54,mm,293,gr,141,M,64,M6,6,,,Otolith,,,,
Biology,Record,NLIBWSS2022,PEL,4,126439,1,,56,mm,293,gr,118,F,64,M6,3,,,Otolith,,,,
Biology,Record,NLIBWSS2022,PEL,4,126439,1,,59,mm,293,gr,107,F,64,M6,5,,,Otolith,,,,
Biology,Record,NLIBWSS2022,PEL,4,126439,1,,65,mm,293,gr,118,M,64,M6,6,,,Otolith,,,,
Biology,Record,NLIBWSS2022,PEL,4,126439,1,,57,mm,296,gr,128,M,64,M6,7,,,Otolith,,,,
Biology,Record,NLIBWSS2022,PEL,4,126439,1,,58,mm,296,gr,124,M,64,M6,4,,,Otolith,,,,
Biology,Record,NLIBWSS2022,PEL,4,126439,1,,64,mm,296,gr,123,M,64,M6,4,,,Otolith,,,,
Biology,Record,NLIBWSS2022,PEL,4,126439,1,,66,mm,296,gr,111,F,64,M6,5,,,Otolith,,,,
Biology,Record,NLIBWSS2022,PEL,4,126439,1,,60,mm,297,gr,114,F,64,M6,6,,,Otolith,,,,
Biology,Record,NLIBWSS2022,PEL,4,126439,1,,53,mm,298,gr,125,M,64,M6,6,,,Otolith,,,,
Biology,Record,NLIBWSS2022,PEL,4,126439,1,,62,mm,298,gr,133,M,64,M6,5,,,Otolith,,,,
Biology,Record,NLIBWSS2022,PEL,4,126439,1,,71,mm,298,gr,126,M,64,M6,7,,,Otolith,,,,
Biology,Record,NLIBWSS2022,PEL,4,126439,1,,76,mm,300,gr,120,F,64,M6,4,,,Otolith,,,,
Biology,Record,NLIBWSS2022,PEL,4,126439,1,,63,mm,301,gr,123,M,64,M6,6,,,Otolith,,,,
Biology,Record,NLIBWSS2022,PEL,4,126439,1,,69,mm,303,gr,118,F,64,M6,4,,,Otolith,,,,
Biology,Record,NLIBWSS2022,PEL,4,126439,1,,72,mm,303,gr,124,M,64,M6,6,,,Otolith,,,,
Biology,Record,NLIBWSS2022,PEL,4,126439,1,,77,mm,303,gr,115,F,64,M6,4,,,Otolith,,,,
Biology,Record,NLIBWSS2022,PEL,4,126439,1,,79,mm,303,gr,122,M,64,M6,7,,,Otolith,,,,
Biology,Record,NLIBWSS2022,PEL,4,126439,1,,73,mm,304,gr,136,M,64,M6,6,,,Otolith,,,,
Biology,Record,NLIBWSS2022,PEL,4,126439,1,,80,mm,306,gr,121,M,64,M6,7,,,Otolith,,,,
Biology,Record,NLIBWSS2022,PEL,4,126439,1,,74,mm,307,gr,131,M,64,M6,6,,,Otolith,,,,
Biology,Record,NLIBWSS2022,PEL,4,126439,1,,70,mm,309,gr,125,F,64,M6,6,,,Otolith,,,,
Biology,Record,NLIBWSS2022,PEL,4,126439,1,,81,mm,309,gr,132,F,64,M6,7,,,Otolith,,,,
Biology,Record,NLIBWSS2022,PEL,4,126439,1,,75,mm,310,gr,140,F,64,M6,5,,,Otolith,,,,
Biology,Record,NLIBWSS2022,PEL,4,126439,1,,78,mm,310,gr,132,F,64,M6,6,,,Otolith,,,,
Biology,Record,NLIBWSS2022,PEL,4,126439,1,,83,mm,310,gr,150,M,64,M6,8,,,Otolith,,,,
Biology,Record,NLIBWSS2022,PEL,4,126439,1,,88,mm,311,gr,162,M,64,M6,4,,,Otolith,,,,
Biology,Record,NLIBWSS2022,PEL,4,126439,1,,87,mm,312,gr,136,M,64,M6,7,,,Otolith,,,,
Biology,Record,NLIBWSS2022,PEL,4,126439,1,,84,mm,313,gr,148,M,64,M6,6,,,Otolith,,,,
Biology,Record,NLIBWSS2022,PEL,4,126439,1,,82,mm,314,gr,145,M,64,M6,6,,,Otolith,,,,
Biology,Record,NLIBWSS2022,PEL,4,126439,1,,86,mm,314,gr,133,F,64,M6,5,,,Otolith,,,,
Biology,Record,NLIBWSS2022,PEL,4,126439,1,,85,mm,315,gr,151,M,64,M6,7,,,Otolith,,,,
Biology,Record,NLIBWSS2022,PEL,4,126439,1,,92,mm,322,gr,150,M,64,M6,7,,,Otolith,,,,
Biology,Record,NLIBWSS2022,PEL,4,126439,1,,90,mm,323,gr,166,F,64,M6,7,,,Otolith,,,,
Biology,Record,NLIBWSS2022,PEL,4,126439,1,,89,mm,326,gr,178,M,64,M6,8,,,Otolith,,,,
Biology,Record,NLIBWSS2022,PEL,4,126439,1,,91,mm,328,gr,187,F,62,M6,5,,,Otolith,,,,
Biology,Record,NLIBWSS2022,PEL,4,126439,1,,93,mm,329,gr,170,F,64,M6,5,,,Otolith,,,,
Biology,Record,NLIBWSS2022,PEL,4,126439,1,,95,mm,336,gr,173,F,64,M6,7,,,Otolith,,,,
Biology,Record,NLIBWSS2022,PEL,4,126439,1,,94,mm,337,gr,171,F,64,M6,6,,,Otolith,,,,
Biology,Record,NLIBWSS2022,PEL,4,126439,1,,97,mm,341,gr,196,U,64,M6,6,,,Otolith,,,,
Biology,Record,NLIBWSS2022,PEL,4,126439,1,,96,mm,342,gr,179,F,64,M6,8,,,Otolith,,,,
Biology,Record,NLIBWSS2022,PEL,4,126439,1,,98,mm,354,gr,222,F,64,M6,7,,,Otolith,,,,
Biology,Record,NLIBWSS2022,PEL,4,126439,1,,99,mm,366,gr,236,F,64,M6,7,,,Otolith,,,,
Biology,Record,NLIBWSS2022,PEL,4,126439,1,,100,mm,383,gr,242,F,64,M6,8,,,Otolith,,,,
Biology,Record,NLIBWSS2022,PEL,5,126439,1,,1,mm,219,gr,48,M,64,M6,2,,,Otolith,,,,
Biology,Record,NLIBWSS2022,PEL,5,126439,1,,7,mm,223,gr,48,M,64,M6,2,,,Otolith,,,,
Biology,Record,NLIBWSS2022,PEL,5,126439,1,,4,mm,224,gr,51,M,64,M6,2,,,Otolith,,,,
Biology,Record,NLIBWSS2022,PEL,5,126439,1,,5,mm,224,gr,46,F,64,M6,2,,,Otolith,,,,
Biology,Record,NLIBWSS2022,PEL,5,126439,1,,2,mm,228,gr,57,M,64,M6,2,,,Otolith,,,,
Biology,Record,NLIBWSS2022,PEL,5,126439,1,,3,mm,228,gr,54,M,64,M6,2,,,Otolith,,,,
Biology,Record,NLIBWSS2022,PEL,5,126439,1,,6,mm,229,gr,53,M,64,M6,2,,,Otolith,,,,
Biology,Record,NLIBWSS2022,PEL,5,126439,1,,10,mm,230,gr,55,M,64,M6,2,,,Otolith,,,,
Biology,Record,NLIBWSS2022,PEL,5,126439,1,,13,mm,230,gr,55,M,64,M6,2,,,Otolith,,,,
Biology,Record,NLIBWSS2022,PEL,5,126439,1,,11,mm,231,gr,54,F,64,M6,2,,,Otolith,,,,
Biology,Record,NLIBWSS2022,PEL,5,126439,1,,9,mm,232,gr,59,M,64,M6,2,,,Otolith,,,,
Biology,Record,NLIBWSS2022,PEL,5,126439,1,,8,mm,233,gr,53,M,64,M6,2,,,Otolith,,,,
Biology,Record,NLIBWSS2022,PEL,5,126439,1,,12,mm,237,gr,56,F,64,M6,2,,,Otolith,,,,
Biology,Record,NLIBWSS2022,PEL,5,126439,1,,15,mm,237,gr,67,F,64,M6,2,,,Otolith,,,,
Biology,Record,NLIBWSS2022,PEL,5,126439,1,,14,mm,238,gr,59,F,64,M6,2,,,Otolith,,,,
Biology,Record,NLIBWSS2022,PEL,5,126439,1,,16,mm,242,gr,59,F,64,M6,2,,,Otolith,,,,
Biology,Record,NLIBWSS2022,PEL,5,126439,1,,19,mm,243,gr,69,M,64,M6,3,,,Otolith,,,,
Biology,Record,NLIBWSS2022,PEL,5,126439,1,,18,mm,247,gr,64,M,64,M6,3,,,Otolith,,,,
Biology,Record,NLIBWSS2022,PEL,5,126439,1,,20,mm,247,gr,63,F,64,M6,2,,,Otolith,,,,
Biology,Record,NLIBWSS2022,PEL,5,126439,1,,17,mm,248,gr,65,F,64,M6,2,,,Otolith,,,,
Biology,Record,NLIBWSS2022,PEL,5,126439,1,,23,mm,255,gr,74,F,64,M6,3,,,Otolith,,,,
Biology,Record,NLIBWSS2022,PEL,5,126439,1,,24,mm,255,gr,72,M,64,M6,3,,,Otolith,,,,
Biology,Record,NLIBWSS2022,PEL,5,126439,1,,22,mm,256,gr,71,F,64,M6,2,,,Otolith,,,,
Biology,Record,NLIBWSS2022,PEL,5,126439,1,,26,mm,256,gr,79,M,64,M6,3,,,Otolith,,,,
Biology,Record,NLIBWSS2022,PEL,5,126439,1,,25,mm,257,gr,71,F,64,M6,3,,,Otolith,,,,
Biology,Record,NLIBWSS2022,PEL,5,126439,1,,21,mm,258,gr,87,M,64,M6,3,,,Otolith,,,,
Biology,Record,NLIBWSS2022,PEL,5,126439,1,,34,mm,261,gr,81,M,64,M6,4,,,Otolith,,,,
Biology,Record,NLIBWSS2022,PEL,5,126439,1,,35,mm,262,gr,84,M,64,M6,5,,,Otolith,,,,
Biology,Record,NLIBWSS2022,PEL,5,126439,1,,27,mm,263,gr,89,M,64,M6,3,,,Otolith,,,,
Biology,Record,NLIBWSS2022,PEL,5,126439,1,,31,mm,263,gr,84,M,64,M6,3,,,Otolith,,,,
Biology,Record,NLIBWSS2022,PEL,5,126439,1,,33,mm,263,gr,83,F,64,M6,4,,,Otolith,,,,
Biology,Record,NLIBWSS2022,PEL,5,126439,1,,28,mm,266,gr,88,M,64,M6,3,,,Otolith,,,,
Biology,Record,NLIBWSS2022,PEL,5,126439,1,,30,mm,268,gr,83,F,64,M6,3,,,Otolith,,,,
Biology,Record,NLIBWSS2022,PEL,5,126439,1,,32,mm,270,gr,88,F,64,M6,3,,,Otolith,,,,
Biology,Record,NLIBWSS2022,PEL,5,126439,1,,43,mm,270,gr,101,M,64,M6,4,,,Otolith,,,,
Biology,Record,NLIBWSS2022,PEL,5,126439,1,,44,mm,270,gr,91,M,64,M6,3,,,Otolith,,,,
Biology,Record,NLIBWSS2022,PEL,5,126439,1,,29,mm,271,gr,91,M,64,M6,4,,,Otolith,,,,
Biology,Record,NLIBWSS2022,PEL,5,126439,1,,40,mm,271,gr,83,F,64,M6,3,,,Otolith,,,,
Biology,Record,NLIBWSS2022,PEL,5,126439,1,,42,mm,271,gr,93,M,64,M6,3,,,Otolith,,,,
Biology,Record,NLIBWSS2022,PEL,5,126439,1,,45,mm,271,gr,89,F,64,M6,3,,,Otolith,,,,
Biology,Record,NLIBWSS2022,PEL,5,126439,1,,36,mm,274,gr,107,F,64,M6,3,,,Otolith,,,,
Biology,Record,NLIBWSS2022,PEL,5,126439,1,,38,mm,278,gr,110,M,64,M6,8,,,Otolith,,,,
Biology,Record,NLIBWSS2022,PEL,5,126439,1,,39,mm,278,gr,98,F,64,M6,3,,,Otolith,,,,
Biology,Record,NLIBWSS2022,PEL,5,126439,1,,37,mm,279,gr,92,F,64,M6,3,,,Otolith,,,,
Biology,Record,NLIBWSS2022,PEL,5,126439,1,,47,mm,280,gr,102,F,64,M6,3,,,Otolith,,,,
Biology,Record,NLIBWSS2022,PEL,5,126439,1,,41,mm,281,gr,96,F,64,M6,3,,,Otolith,,,,
Biology,Record,NLIBWSS2022,PEL,5,126439,1,,49,mm,284,gr,105,M,64,M6,4,,,Otolith,,,,
Biology,Record,NLIBWSS2022,PEL,5,126439,1,,48,mm,285,gr,115,M,64,M6,3,,,Otolith,,,,
Biology,Record,NLIBWSS2022,PEL,5,126439,1,,50,mm,285,gr,102,F,64,M6,3,,,Otolith,,,,
Biology,Record,NLIBWSS2022,PEL,5,126439,1,,46,mm,287,gr,110,F,64,M6,3,,,Otolith,,,,
Biology,Record,NLIBWSS2022,PEL,5,126439,1,,51,mm,287,gr,121,M,64,M6,5,,,Otolith,,,,
Biology,Record,NLIBWSS2022,PEL,5,126439,1,,52,mm,287,gr,125,M,64,M6,8,,,Otolith,,,,
Biology,Record,NLIBWSS2022,PEL,5,126439,1,,60,mm,289,gr,115,M,64,M6,5,,,Otolith,,,,
Biology,Record,NLIBWSS2022,PEL,5,126439,1,,55,mm,290,gr,130,M,64,M6,6,,,Otolith,,,,
Biology,Record,NLIBWSS2022,PEL,5,126439,1,,53,mm,292,gr,114,M,64,M6,6,,,Otolith,,,,
Biology,Record,NLIBWSS2022,PEL,5,126439,1,,56,mm,295,gr,118,F,64,M6,4,,,Otolith,,,,
Biology,Record,NLIBWSS2022,PEL,5,126439,1,,57,mm,295,gr,95,F,64,M6,6,,,Otolith,,,,
Biology,Record,NLIBWSS2022,PEL,5,126439,1,,58,mm,295,gr,124,F,64,M6,5,,,Otolith,,,,
Biology,Record,NLIBWSS2022,PEL,5,126439,1,,54,mm,297,gr,131,M,64,M6,5,,,Otolith,,,,
Biology,Record,NLIBWSS2022,PEL,5,126439,1,,59,mm,298,gr,124,M,64,M6,7,,,Otolith,,,,
Biology,Record,NLIBWSS2022,PEL,5,126439,1,,62,mm,302,gr,127,M,64,M6,7,,,Otolith,,,,
Biology,Record,NLIBWSS2022,PEL,5,126439,1,,65,mm,302,gr,112,F,64,M6,4,,,Otolith,,,,
Biology,Record,NLIBWSS2022,PEL,5,126439,1,,66,mm,302,gr,135,M,64,M6,5,,,Otolith,,,,
Biology,Record,NLIBWSS2022,PEL,5,126439,1,,61,mm,305,gr,131,F,64,M6,7,,,Otolith,,,,
Biology,Record,NLIBWSS2022,PEL,5,126439,1,,64,mm,305,gr,137,M,64,M6,5,,,Otolith,,,,
Biology,Record,NLIBWSS2022,PEL,5,126439,1,,69,mm,305,gr,132,M,64,M6,6,,,Otolith,,,,
Biology,Record,NLIBWSS2022,PEL,5,126439,1,,63,mm,306,gr,120,F,64,M6,5,,,Otolith,,,,
Biology,Record,NLIBWSS2022,PEL,5,126439,1,,72,mm,306,gr,130,F,64,M6,7,,,Otolith,,,,
Biology,Record,NLIBWSS2022,PEL,5,126439,1,,68,mm,307,gr,130,F,64,M6,4,,,Otolith,,,,
Biology,Record,NLIBWSS2022,PEL,5,126439,1,,70,mm,307,gr,159,M,64,M6,5,,,Otolith,,,,
Biology,Record,NLIBWSS2022,PEL,5,126439,1,,71,mm,307,gr,132,F,64,M6,8,,,Otolith,,,,
Biology,Record,NLIBWSS2022,PEL,5,126439,1,,67,mm,310,gr,141,F,64,M6,6,,,Otolith,,,,
Biology,Record,NLIBWSS2022,PEL,5,126439,1,,76,mm,314,gr,136,F,64,M6,8,,,Otolith,,,,
Biology,Record,NLIBWSS2022,PEL,5,126439,1,,74,mm,316,gr,146,F,64,M6,8,,,Otolith,,,,
Biology,Record,NLIBWSS2022,PEL,5,126439,1,,79,mm,316,gr,152,F,64,M6,7,,,Otolith,,,,
Biology,Record,NLIBWSS2022,PEL,5,126439,1,,81,mm,316,gr,143,F,64,M6,6,,,Otolith,,,,
Biology,Record,NLIBWSS2022,PEL,5,126439,1,,78,mm,317,gr,151,F,64,M6,6,,,Otolith,,,,
Biology,Record,NLIBWSS2022,PEL,5,126439,1,,75,mm,318,gr,153,F,64,M6,6,,,Otolith,,,,
Biology,Record,NLIBWSS2022,PEL,5,126439,1,,82,mm,318,gr,163,F,62,M6,6,,,Otolith,,,,
Biology,Record,NLIBWSS2022,PEL,5,126439,1,,77,mm,319,gr,142,F,64,M6,6,,,Otolith,,,,
Biology,Record,NLIBWSS2022,PEL,5,126439,1,,80,mm,319,gr,155,F,64,M6,5,,,Otolith,,,,
Biology,Record,NLIBWSS2022,PEL,5,126439,1,,73,mm,321,gr,164,F,64,M6,8,,,Otolith,,,,
Biology,Record,NLIBWSS2022,PEL,5,126439,1,,87,mm,322,gr,152,M,64,M6,5,,,Otolith,,,,
Biology,Record,NLIBWSS2022,PEL,5,126439,1,,88,mm,322,gr,149,F,64,M6,5,,,Otolith,,,,
Biology,Record,NLIBWSS2022,PEL,5,126439,1,,83,mm,326,gr,159,F,64,M6,5,,,Otolith,,,,
Biology,Record,NLIBWSS2022,PEL,5,126439,1,,85,mm,327,gr,173,F,64,M6,6,,,Otolith,,,,
Biology,Record,NLIBWSS2022,PEL,5,126439,1,,86,mm,329,gr,185,M,64,M6,10,,,Otolith,,,,
Biology,Record,NLIBWSS2022,PEL,5,126439,1,,89,mm,329,gr,150,F,64,M6,6,,,Otolith,,,,
Biology,Record,NLIBWSS2022,PEL,5,126439,1,,91,mm,329,gr,166,F,64,M6,6,,,Otolith,,,,
Biology,Record,NLIBWSS2022,PEL,5,126439,1,,92,mm,330,gr,170,M,64,M6,6,,,Otolith,,,,
Biology,Record,NLIBWSS2022,PEL,5,126439,1,,84,mm,331,gr,174,F,64,M6,8,,,Otolith,,,,
Biology,Record,NLIBWSS2022,PEL,5,126439,1,,90,mm,333,gr,182,F,64,M6,6,,,Otolith,,,,
Biology,Record,NLIBWSS2022,PEL,5,126439,1,,93,mm,334,gr,172,F,64,M6,5,,,Otolith,,,,
Biology,Record,NLIBWSS2022,PEL,5,126439,1,,95,mm,345,gr,184,F,64,M6,8,,,Otolith,,,,
Biology,Record,NLIBWSS2022,PEL,5,126439,1,,97,mm,347,gr,185,F,64,M6,6,,,Otolith,,,,
Biology,Record,NLIBWSS2022,PEL,5,126439,1,,98,mm,347,gr,182,F,64,M6,6,,,Otolith,,,,
Biology,Record,NLIBWSS2022,PEL,5,126439,1,,94,mm,348,gr,204,F,64,M6,6,,,Otolith,,,,
Biology,Record,NLIBWSS2022,PEL,5,126439,1,,96,mm,349,gr,176,F,64,M6,7,,,Otolith,,,,
Biology,Record,NLIBWSS2022,PEL,5,126439,1,,99,mm,356,gr,240,F,64,M6,7,,,Otolith,,,,
Biology,Record,NLIBWSS2022,PEL,5,126439,1,,100,mm,361,gr,207,F,64,M6,8,,,Otolith,,,,
Biology,Record,NLIBWSS2022,PEL,6,126439,1,,1,mm,224,gr,49,M,64,M6,2,,,Otolith,,,,
Biology,Record,NLIBWSS2022,PEL,6,126439,1,,2,mm,227,gr,47,M,64,M6,2,,,Otolith,,,,
Biology,Record,NLIBWSS2022,PEL,6,126439,1,,3,mm,227,gr,50,M,64,M6,2,,,Otolith,,,,
Biology,Record,NLIBWSS2022,PEL,6,126439,1,,7,mm,231,gr,56,M,64,M6,2,,,Otolith,,,,
Biology,Record,NLIBWSS2022,PEL,6,126439,1,,12,mm,231,gr,58,M,64,M6,3,,,Otolith,,,,
Biology,Record,NLIBWSS2022,PEL,6,126439,1,,6,mm,232,gr,58,M,64,M6,2,,,Otolith,,,,
Biology,Record,NLIBWSS2022,PEL,6,126439,1,,5,mm,233,gr,53,M,64,M6,2,,,Otolith,,,,
Biology,Record,NLIBWSS2022,PEL,6,126439,1,,9,mm,233,gr,49,M,64,M6,2,,,Otolith,,,,
Biology,Record,NLIBWSS2022,PEL,6,126439,1,,10,mm,233,gr,58,M,64,M6,2,,,Otolith,,,,
Biology,Record,NLIBWSS2022,PEL,6,126439,1,,4,mm,234,gr,55,M,64,M6,2,,,Otolith,,,,
Biology,Record,NLIBWSS2022,PEL,6,126439,1,,11,mm,237,gr,60,M,64,M6,2,,,Otolith,,,,
Biology,Record,NLIBWSS2022,PEL,6,126439,1,,8,mm,239,gr,62,M,64,M6,2,,,Otolith,,,,
Biology,Record,NLIBWSS2022,PEL,6,126439,1,,15,mm,243,gr,65,M,64,M6,3,,,Otolith,,,,
Biology,Record,NLIBWSS2022,PEL,6,126439,1,,17,mm,245,gr,69,M,64,M6,2,,,Otolith,,,,
Biology,Record,NLIBWSS2022,PEL,6,126439,1,,18,mm,245,gr,68,M,64,M6,2,,,Otolith,,,,
Biology,Record,NLIBWSS2022,PEL,6,126439,1,,14,mm,246,gr,64,F,64,M6,2,,,Otolith,,,,
Biology,Record,NLIBWSS2022,PEL,6,126439,1,,16,mm,248,gr,73,M,64,M6,3,,,Otolith,,,,
Biology,Record,NLIBWSS2022,PEL,6,126439,1,,19,mm,248,gr,72,M,64,M6,2,,,Otolith,,,,
Biology,Record,NLIBWSS2022,PEL,6,126439,1,,13,mm,250,gr,65,M,64,M6,5,,,Otolith,,,,
Biology,Record,NLIBWSS2022,PEL,6,126439,1,,28,mm,251,gr,77,M,64,M6,3,,,Otolith,,,,
Biology,Record,NLIBWSS2022,PEL,6,126439,1,,29,mm,251,gr,70,M,64,M6,3,,,Otolith,,,,
Biology,Record,NLIBWSS2022,PEL,6,126439,1,,31,mm,251,gr,70,M,64,M6,3,,,Otolith,,,,
Biology,Record,NLIBWSS2022,PEL,6,126439,1,,23,mm,252,gr,73,M,64,M6,3,,,Otolith,,,,
Biology,Record,NLIBWSS2022,PEL,6,126439,1,,24,mm,252,gr,72,M,64,M6,3,,,Otolith,,,,
Biology,Record,NLIBWSS2022,PEL,6,126439,1,,32,mm,252,gr,69,F,64,M6,2,,,Otolith,,,,
Biology,Record,NLIBWSS2022,PEL,6,126439,1,,25,mm,253,gr,74,M,64,M6,2,,,Otolith,,,,
Biology,Record,NLIBWSS2022,PEL,6,126439,1,,34,mm,253,gr,76,M,64,M6,3,,,Otolith,,,,
Biology,Record,NLIBWSS2022,PEL,6,126439,1,,27,mm,256,gr,79,M,64,M6,3,,,Otolith,,,,
Biology,Record,NLIBWSS2022,PEL,6,126439,1,,30,mm,256,gr,77,M,64,M6,3,,,Otolith,,,,
Biology,Record,NLIBWSS2022,PEL,6,126439,1,,22,mm,257,gr,88,M,64,M6,3,,,Otolith,,,,
Biology,Record,NLIBWSS2022,PEL,6,126439,1,,26,mm,258,gr,84,M,64,M6,3,,,Otolith,,,,
Biology,Record,NLIBWSS2022,PEL,6,126439,1,,21,mm,259,gr,88,M,64,M6,4,,,Otolith,,,,
Biology,Record,NLIBWSS2022,PEL,6,126439,1,,20,mm,261,gr,89,M,64,M6,3,,,Otolith,,,,
Biology,Record,NLIBWSS2022,PEL,6,126439,1,,44,mm,262,gr,85,M,64,M6,3,,,Otolith,,,,
Biology,Record,NLIBWSS2022,PEL,6,126439,1,,45,mm,262,gr,78,M,64,M6,3,,,Otolith,,,,
Biology,Record,NLIBWSS2022,PEL,6,126439,1,,53,mm,263,gr,79,M,64,M6,3,,,Otolith,,,,
Biology,Record,NLIBWSS2022,PEL,6,126439,1,,46,mm,264,gr,82,M,64,M6,3,,,Otolith,,,,
Biology,Record,NLIBWSS2022,PEL,6,126439,1,,33,mm,265,gr,80,F,64,M6,3,,,Otolith,,,,
Biology,Record,NLIBWSS2022,PEL,6,126439,1,,35,mm,265,gr,91,M,64,M6,4,,,Otolith,,,,
Biology,Record,NLIBWSS2022,PEL,6,126439,1,,36,mm,265,gr,84,M,64,M6,3,,,Otolith,,,,
Biology,Record,NLIBWSS2022,PEL,6,126439,1,,39,mm,265,gr,87,M,64,M6,3,,,Otolith,,,,
Biology,Record,NLIBWSS2022,PEL,6,126439,1,,43,mm,265,gr,84,M,64,M6,3,,,Otolith,,,,
Biology,Record,NLIBWSS2022,PEL,6,126439,1,,55,mm,265,gr,77,F,64,M6,3,,,Otolith,,,,
Biology,Record,NLIBWSS2022,PEL,6,126439,1,,41,mm,266,gr,82,M,64,M6,3,,,Otolith,,,,
Biology,Record,NLIBWSS2022,PEL,6,126439,1,,47,mm,266,gr,83,F,64,M6,4,,,Otolith,,,,
Biology,Record,NLIBWSS2022,PEL,6,126439,1,,49,mm,266,gr,89,M,64,M6,3,,,Otolith,,,,
Biology,Record,NLIBWSS2022,PEL,6,126439,1,,52,mm,266,gr,92,M,64,M6,3,,,Otolith,,,,
Biology,Record,NLIBWSS2022,PEL,6,126439,1,,37,mm,267,gr,91,M,64,M6,3,,,Otolith,,,,
Biology,Record,NLIBWSS2022,PEL,6,126439,1,,50,mm,267,gr,96,M,64,M6,2,,,Otolith,,,,
Biology,Record,NLIBWSS2022,PEL,6,126439,1,,54,mm,267,gr,87,M,64,M6,3,,,Otolith,,,,
Biology,Record,NLIBWSS2022,PEL,6,126439,1,,38,mm,268,gr,86,M,64,M6,3,,,Otolith,,,,
Biology,Record,NLIBWSS2022,PEL,6,126439,1,,42,mm,268,gr,87,M,64,M6,5,,,Otolith,,,,
Biology,Record,NLIBWSS2022,PEL,6,126439,1,,48,mm,268,gr,81,M,64,M6,3,,,Otolith,,,,
Biology,Record,NLIBWSS2022,PEL,6,126439,1,,40,mm,269,gr,90,F,64,M6,3,,,Otolith,,,,
Biology,Record,NLIBWSS2022,PEL,6,126439,1,,51,mm,270,gr,85,M,64,M6,3,,,Otolith,,,,
Biology,Record,NLIBWSS2022,PEL,6,126439,1,,61,mm,270,gr,98,M,64,M6,3,,,Otolith,,,,
Biology,Record,NLIBWSS2022,PEL,6,126439,1,,64,mm,270,gr,97,M,64,M6,3,,,Otolith,,,,
Biology,Record,NLIBWSS2022,PEL,6,126439,1,,70,mm,270,gr,91,M,64,M6,3,,,Otolith,,,,
Biology,Record,NLIBWSS2022,PEL,6,126439,1,,67,mm,271,gr,95,M,64,M6,4,,,Otolith,,,,
Biology,Record,NLIBWSS2022,PEL,6,126439,1,,56,mm,272,gr,89,M,64,M6,3,,,Otolith,,,,
Biology,Record,NLIBWSS2022,PEL,6,126439,1,,59,mm,272,gr,87,M,64,M6,3,,,Otolith,,,,
Biology,Record,NLIBWSS2022,PEL,6,126439,1,,65,mm,272,gr,90,M,64,M6,4,,,Otolith,,,,
Biology,Record,NLIBWSS2022,PEL,6,126439,1,,71,mm,272,gr,83,F,64,M6,3,,,Otolith,,,,
Biology,Record,NLIBWSS2022,PEL,6,126439,1,,60,mm,273,gr,90,M,64,M6,2,,,Otolith,,,,
Biology,Record,NLIBWSS2022,PEL,6,126439,1,,68,mm,273,gr,100,M,64,M6,3,,,Otolith,,,,
Biology,Record,NLIBWSS2022,PEL,6,126439,1,,72,mm,273,gr,100,M,64,M6,5,,,Otolith,,,,
Biology,Record,NLIBWSS2022,PEL,6,126439,1,,66,mm,276,gr,95,M,64,M6,4,,,Otolith,,,,
Biology,Record,NLIBWSS2022,PEL,6,126439,1,,62,mm,277,gr,100,M,64,M6,3,,,Otolith,,,,
Biology,Record,NLIBWSS2022,PEL,6,126439,1,,57,mm,278,gr,95,F,64,M6,3,,,Otolith,,,,
Biology,Record,NLIBWSS2022,PEL,6,126439,1,,69,mm,278,gr,101,M,64,M6,3,,,Otolith,,,,
Biology,Record,NLIBWSS2022,PEL,6,126439,1,,58,mm,280,gr,102,F,64,M6,3,,,Otolith,,,,
Biology,Record,NLIBWSS2022,PEL,6,126439,1,,63,mm,281,gr,102,F,64,M6,3,,,Otolith,,,,
Biology,Record,NLIBWSS2022,PEL,6,126439,1,,80,mm,281,gr,111,M,64,M6,4,,,Otolith,,,,
Biology,Record,NLIBWSS2022,PEL,6,126439,1,,74,mm,282,gr,94,F,62,M6,4,,,Otolith,,,,
Biology,Record,NLIBWSS2022,PEL,6,126439,1,,78,mm,283,gr,106,M,64,M6,4,,,Otolith,,,,
Biology,Record,NLIBWSS2022,PEL,6,126439,1,,82,mm,283,gr,107,M,64,M6,3,,,Otolith,,,,
Biology,Record,NLIBWSS2022,PEL,6,126439,1,,73,mm,285,gr,103,M,64,M6,4,,,Otolith,,,,
Biology,Record,NLIBWSS2022,PEL,6,126439,1,,76,mm,285,gr,96,F,64,M6,4,,,Otolith,,,,
Biology,Record,NLIBWSS2022,PEL,6,126439,1,,75,mm,287,gr,107,M,64,M6,6,,,Otolith,,,,
Biology,Record,NLIBWSS2022,PEL,6,126439,1,,81,mm,287,gr,95,F,64,M6,3,,,Otolith,,,,
Biology,Record,NLIBWSS2022,PEL,6,126439,1,,77,mm,288,gr,112,M,64,M6,4,,,Otolith,,,,
Biology,Record,NLIBWSS2022,PEL,6,126439,1,,86,mm,288,gr,105,F,64,M6,4,,,Otolith,,,,
Biology,Record,NLIBWSS2022,PEL,6,126439,1,,79,mm,290,gr,105,F,64,M6,3,,,Otolith,,,,
Biology,Record,NLIBWSS2022,PEL,6,126439,1,,83,mm,291,gr,120,M,64,M6,4,,,Otolith,,,,
Biology,Record,NLIBWSS2022,PEL,6,126439,1,,85,mm,291,gr,110,M,64,M6,4,,,Otolith,,,,
Biology,Record,NLIBWSS2022,PEL,6,126439,1,,88,mm,294,gr,113,F,64,M6,3,,,Otolith,,,,
Biology,Record,NLIBWSS2022,PEL,6,126439,1,,87,mm,297,gr,111,M,64,M6,5,,,Otolith,,,,
Biology,Record,NLIBWSS2022,PEL,6,126439,1,,84,mm,298,gr,134,F,62,M6,4,,,Otolith,,,,
Biology,Record,NLIBWSS2022,PEL,6,126439,1,,91,mm,302,gr,134,M,64,M6,6,,,Otolith,,,,
Biology,Record,NLIBWSS2022,PEL,6,126439,1,,89,mm,304,gr,137,M,64,M6,5,,,Otolith,,,,
Biology,Record,NLIBWSS2022,PEL,6,126439,1,,92,mm,304,gr,130,F,64,M6,4,,,Otolith,,,,
Biology,Record,NLIBWSS2022,PEL,6,126439,1,,90,mm,305,gr,142,F,64,M6,3,,,Otolith,,,,
Biology,Record,NLIBWSS2022,PEL,6,126439,1,,94,mm,310,gr,136,F,64,M6,5,,,Otolith,,,,
Biology,Record,NLIBWSS2022,PEL,6,126439,1,,95,mm,311,gr,143,M,64,M6,5,,,Otolith,,,,
Biology,Record,NLIBWSS2022,PEL,6,126439,1,,96,mm,312,gr,160,M,64,M6,4,,,Otolith,,,,
Biology,Record,NLIBWSS2022,PEL,6,126439,1,,93,mm,313,gr,143,F,62,M6,5,,,Otolith,,,,
Biology,Record,NLIBWSS2022,PEL,6,126439,1,,98,mm,324,gr,150,F,64,M6,8,,,Otolith,,,,
Biology,Record,NLIBWSS2022,PEL,6,126439,1,,97,mm,325,gr,160,F,62,M6,5,,,Otolith,,,,
Biology,Record,NLIBWSS2022,PEL,6,126439,1,,99,mm,331,gr,189,F,64,M6,6,,,Otolith,,,,
Biology,Record,NLIBWSS2022,PEL,6,126439,1,,100,mm,345,gr,203,F,64,M6,8,,,Otolith,,,,
Biology,Record,NLIBWSS2022,PEL,7,126439,1,,2,mm,217,gr,46,M,64,M6,2,,,Otolith,,,,
Biology,Record,NLIBWSS2022,PEL,7,126439,1,,1,mm,218,gr,44,M,64,M6,2,,,Otolith,,,,
Biology,Record,NLIBWSS2022,PEL,7,126439,1,,3,mm,219,gr,50,M,64,M6,2,,,Otolith,,,,
Biology,Record,NLIBWSS2022,PEL,7,126439,1,,5,mm,222,gr,50,M,64,M6,2,,,Otolith,,,,
Biology,Record,NLIBWSS2022,PEL,7,126439,1,,8,mm,223,gr,48,M,64,M6,2,,,Otolith,,,,
Biology,Record,NLIBWSS2022,PEL,7,126439,1,,7,mm,224,gr,49,M,64,M6,2,,,Otolith,,,,
Biology,Record,NLIBWSS2022,PEL,7,126439,1,,13,mm,226,gr,51,M,64,M6,2,,,Otolith,,,,
Biology,Record,NLIBWSS2022,PEL,7,126439,1,,4,mm,227,gr,52,M,64,M6,2,,,Otolith,,,,
Biology,Record,NLIBWSS2022,PEL,7,126439,1,,6,mm,227,gr,53,M,64,M6,2,,,Otolith,,,,
Biology,Record,NLIBWSS2022,PEL,7,126439,1,,9,mm,227,gr,50,M,64,M6,2,,,Otolith,,,,
Biology,Record,NLIBWSS2022,PEL,7,126439,1,,10,mm,227,gr,51,M,64,M6,2,,,Otolith,,,,
Biology,Record,NLIBWSS2022,PEL,7,126439,1,,12,mm,227,gr,51,M,64,M6,2,,,Otolith,,,,
Biology,Record,NLIBWSS2022,PEL,7,126439,1,,11,mm,228,gr,57,M,64,M6,2,,,Otolith,,,,
Biology,Record,NLIBWSS2022,PEL,7,126439,1,,16,mm,230,gr,52,M,64,M6,2,,,Otolith,,,,
Biology,Record,NLIBWSS2022,PEL,7,126439,1,,15,mm,231,gr,53,M,64,M6,2,,,Otolith,,,,
Biology,Record,NLIBWSS2022,PEL,7,126439,1,,19,mm,231,gr,56,M,64,M6,2,,,Otolith,,,,
Biology,Record,NLIBWSS2022,PEL,7,126439,1,,14,mm,232,gr,51,M,64,M6,2,,,Otolith,,,,
Biology,Record,NLIBWSS2022,PEL,7,126439,1,,17,mm,235,gr,57,M,64,M6,2,,,Otolith,,,,
Biology,Record,NLIBWSS2022,PEL,7,126439,1,,20,mm,236,gr,58,M,64,M6,2,,,Otolith,,,,
Biology,Record,NLIBWSS2022,PEL,7,126439,1,,18,mm,238,gr,60,M,64,M6,2,,,Otolith,,,,
Biology,Record,NLIBWSS2022,PEL,7,126439,1,,21,mm,240,gr,63,M,64,M6,2,,,Otolith,,,,
Biology,Record,NLIBWSS2022,PEL,7,126439,1,,22,mm,245,gr,66,M,64,M6,2,,,Otolith,,,,
Biology,Record,NLIBWSS2022,PEL,7,126439,1,,23,mm,245,gr,59,F,64,M6,2,,,Otolith,,,,
Biology,Record,NLIBWSS2022,PEL,7,126439,1,,25,mm,245,gr,63,M,64,M6,3,,,Otolith,,,,
Biology,Record,NLIBWSS2022,PEL,7,126439,1,,26,mm,246,gr,65,F,64,M6,2,,,Otolith,,,,
Biology,Record,NLIBWSS2022,PEL,7,126439,1,,24,mm,250,gr,70,F,64,M6,2,,,Otolith,,,,
Biology,Record,NLIBWSS2022,PEL,7,126439,1,,28,mm,252,gr,75,M,64,M6,3,,,Otolith,,,,
Biology,Record,NLIBWSS2022,PEL,7,126439,1,,31,mm,253,gr,71,M,64,M6,3,,,Otolith,,,,
Biology,Record,NLIBWSS2022,PEL,7,126439,1,,29,mm,256,gr,77,M,64,M6,3,,,Otolith,,,,
Biology,Record,NLIBWSS2022,PEL,7,126439,1,,32,mm,257,gr,69,F,64,M6,3,,,Otolith,,,,
Biology,Record,NLIBWSS2022,PEL,7,126439,1,,27,mm,258,gr,76,F,64,M6,3,,,Otolith,,,,
Biology,Record,NLIBWSS2022,PEL,7,126439,1,,30,mm,260,gr,73,M,64,M6,3,,,Otolith,,,,
Biology,Record,NLIBWSS2022,PEL,7,126439,1,,36,mm,260,gr,77,M,64,M6,3,,,Otolith,,,,
Biology,Record,NLIBWSS2022,PEL,7,126439,1,,34,mm,261,gr,83,M,64,M6,3,,,Otolith,,,,
Biology,Record,NLIBWSS2022,PEL,7,126439,1,,33,mm,262,gr,78,M,64,M6,2,,,Otolith,,,,
Biology,Record,NLIBWSS2022,PEL,7,126439,1,,37,mm,262,gr,75,M,64,M6,2,,,Otolith,,,,
Biology,Record,NLIBWSS2022,PEL,7,126439,1,,41,mm,262,gr,81,F,64,M6,3,,,Otolith,,,,
Biology,Record,NLIBWSS2022,PEL,7,126439,1,,43,mm,262,gr,80,M,64,M6,3,,,Otolith,,,,
Biology,Record,NLIBWSS2022,PEL,7,126439,1,,35,mm,263,gr,83,M,64,M6,3,,,Otolith,,,,
Biology,Record,NLIBWSS2022,PEL,7,126439,1,,44,mm,264,gr,83,M,64,M6,3,,,Otolith,,,,
Biology,Record,NLIBWSS2022,PEL,7,126439,1,,48,mm,264,gr,82,M,64,M6,3,,,Otolith,,,,
Biology,Record,NLIBWSS2022,PEL,7,126439,1,,49,mm,266,gr,80,M,64,M6,4,,,Otolith,,,,
Biology,Record,NLIBWSS2022,PEL,7,126439,1,,38,mm,267,gr,94,M,64,M6,4,,,Otolith,,,,
Biology,Record,NLIBWSS2022,PEL,7,126439,1,,39,mm,267,gr,75,F,64,M6,3,,,Otolith,,,,
Biology,Record,NLIBWSS2022,PEL,7,126439,1,,40,mm,267,gr,72,M,64,M6,3,,,Otolith,,,,
Biology,Record,NLIBWSS2022,PEL,7,126439,1,,46,mm,267,gr,86,M,64,M6,3,,,Otolith,,,,
Biology,Record,NLIBWSS2022,PEL,7,126439,1,,45,mm,268,gr,92,M,64,M6,3,,,Otolith,,,,
Biology,Record,NLIBWSS2022,PEL,7,126439,1,,50,mm,268,gr,77,F,64,M6,3,,,Otolith,,,,
Biology,Record,NLIBWSS2022,PEL,7,126439,1,,42,mm,269,gr,81,F,64,M6,3,,,Otolith,,,,
Biology,Record,NLIBWSS2022,PEL,7,126439,1,,57,mm,270,gr,86,F,64,M6,3,,,Otolith,,,,
Biology,Record,NLIBWSS2022,PEL,7,126439,1,,47,mm,271,gr,85,F,64,M6,3,,,Otolith,,,,
Biology,Record,NLIBWSS2022,PEL,7,126439,1,,53,mm,271,gr,91,M,64,M6,3,,,Otolith,,,,
Biology,Record,NLIBWSS2022,PEL,7,126439,1,,60,mm,271,gr,98,M,64,M6,3,,,Otolith,,,,
Biology,Record,NLIBWSS2022,PEL,7,126439,1,,51,mm,272,gr,84,F,64,M6,3,,,Otolith,,,,
Biology,Record,NLIBWSS2022,PEL,7,126439,1,,52,mm,272,gr,84,F,64,M6,3,,,Otolith,,,,
Biology,Record,NLIBWSS2022,PEL,7,126439,1,,63,mm,272,gr,92,M,64,M6,3,,,Otolith,,,,
Biology,Record,NLIBWSS2022,PEL,7,126439,1,,56,mm,273,gr,86,F,64,M6,3,,,Otolith,,,,
Biology,Record,NLIBWSS2022,PEL,7,126439,1,,59,mm,273,gr,89,F,64,M6,3,,,Otolith,,,,
Biology,Record,NLIBWSS2022,PEL,7,126439,1,,61,mm,274,gr,89,M,64,M6,3,,,Otolith,,,,
Biology,Record,NLIBWSS2022,PEL,7,126439,1,,62,mm,274,gr,90,M,64,M6,3,,,Otolith,,,,
Biology,Record,NLIBWSS2022,PEL,7,126439,1,,55,mm,276,gr,98,M,64,M6,3,,,Otolith,,,,
Biology,Record,NLIBWSS2022,PEL,7,126439,1,,54,mm,277,gr,84,M,64,M6,4,,,Otolith,,,,
Biology,Record,NLIBWSS2022,PEL,7,126439,1,,58,mm,277,gr,102,F,64,M6,3,,,Otolith,,,,
Biology,Record,NLIBWSS2022,PEL,7,126439,1,,65,mm,282,gr,98,F,64,M6,3,,,Otolith,,,,
Biology,Record,NLIBWSS2022,PEL,7,126439,1,,71,mm,283,gr,107,M,64,M6,4,,,Otolith,,,,
Biology,Record,NLIBWSS2022,PEL,7,126439,1,,74,mm,283,gr,105,F,64,M6,3,,,Otolith,,,,
Biology,Record,NLIBWSS2022,PEL,7,126439,1,,75,mm,283,gr,106,F,64,M6,3,,,Otolith,,,,
Biology,Record,NLIBWSS2022,PEL,7,126439,1,,68,mm,286,gr,107,M,64,M6,4,,,Otolith,,,,
Biology,Record,NLIBWSS2022,PEL,7,126439,1,,70,mm,286,gr,101,F,63,M6,3,,,Otolith,,,,
Biology,Record,NLIBWSS2022,PEL,7,126439,1,,66,mm,287,gr,118,F,64,M6,4,,,Otolith,,,,
Biology,Record,NLIBWSS2022,PEL,7,126439,1,,67,mm,287,gr,111,F,64,M6,3,,,Otolith,,,,
Biology,Record,NLIBWSS2022,PEL,7,126439,1,,69,mm,287,gr,100,F,64,M6,3,,,Otolith,,,,
Biology,Record,NLIBWSS2022,PEL,7,126439,1,,72,mm,287,gr,98,F,64,M6,3,,,Otolith,,,,
Biology,Record,NLIBWSS2022,PEL,7,126439,1,,64,mm,288,gr,109,F,63,M6,4,,,Otolith,,,,
Biology,Record,NLIBWSS2022,PEL,7,126439,1,,73,mm,289,gr,121,M,64,M6,4,,,Otolith,,,,
Biology,Record,NLIBWSS2022,PEL,7,126439,1,,82,mm,291,gr,112,M,64,M6,5,,,Otolith,,,,
Biology,Record,NLIBWSS2022,PEL,7,126439,1,,78,mm,295,gr,122,M,64,M6,5,,,Otolith,,,,
Biology,Record,NLIBWSS2022,PEL,7,126439,1,,79,mm,295,gr,109,F,64,M6,5,,,Otolith,,,,
Biology,Record,NLIBWSS2022,PEL,7,126439,1,,76,mm,296,gr,129,M,64,M6,5,,,Otolith,,,,
Biology,Record,NLIBWSS2022,PEL,7,126439,1,,77,mm,296,gr,119,M,64,M6,6,,,Otolith,,,,
Biology,Record,NLIBWSS2022,PEL,7,126439,1,,83,mm,296,gr,114,M,64,M6,5,,,Otolith,,,,
Biology,Record,NLIBWSS2022,PEL,7,126439,1,,84,mm,296,gr,108,F,63,M6,4,,,Otolith,,,,
Biology,Record,NLIBWSS2022,PEL,7,126439,1,,81,mm,297,gr,117,F,62,M6,4,,,Otolith,,,,
Biology,Record,NLIBWSS2022,PEL,7,126439,1,,80,mm,300,gr,124,F,64,M6,3,,,Otolith,,,,
Biology,Record,NLIBWSS2022,PEL,7,126439,1,,89,mm,304,gr,120,F,62,M6,5,,,Otolith,,,,
Biology,Record,NLIBWSS2022,PEL,7,126439,1,,86,mm,306,gr,125,F,64,M6,4,,,Otolith,,,,
Biology,Record,NLIBWSS2022,PEL,7,126439,1,,90,mm,306,gr,138,F,64,M6,7,,,Otolith,,,,
Biology,Record,NLIBWSS2022,PEL,7,126439,1,,85,mm,307,gr,122,F,64,M6,4,,,Otolith,,,,
Biology,Record,NLIBWSS2022,PEL,7,126439,1,,87,mm,307,gr,123,F,64,M6,8,,,Otolith,,,,
Biology,Record,NLIBWSS2022,PEL,7,126439,1,,88,mm,307,gr,129,F,64,M6,5,,,Otolith,,,,
Biology,Record,NLIBWSS2022,PEL,7,126439,1,,91,mm,310,gr,141,M,64,M6,7,,,Otolith,,,,
Biology,Record,NLIBWSS2022,PEL,7,126439,1,,93,mm,311,gr,146,M,64,M6,6,,,Otolith,,,,
Biology,Record,NLIBWSS2022,PEL,7,126439,1,,92,mm,315,gr,157,M,64,M6,8,,,Otolith,,,,
Biology,Record,NLIBWSS2022,PEL,7,126439,1,,95,mm,321,gr,151,F,64,M6,8,,,Otolith,,,,
Biology,Record,NLIBWSS2022,PEL,7,126439,1,,96,mm,321,gr,157,F,64,M6,5,,,Otolith,,,,
Biology,Record,NLIBWSS2022,PEL,7,126439,1,,97,mm,326,gr,148,F,64,M6,5,,,Otolith,,,,
Biology,Record,NLIBWSS2022,PEL,7,126439,1,,94,mm,327,gr,163,F,64,M6,6,,,Otolith,,,,
Biology,Record,NLIBWSS2022,PEL,7,126439,1,,99,mm,332,gr,175,F,64,M6,7,,,Otolith,,,,
Biology,Record,NLIBWSS2022,PEL,7,126439,1,,98,mm,337,gr,172,F,64,M6,5,,,Otolith,,,,
Biology,Record,NLIBWSS2022,PEL,7,126439,1,,100,mm,347,gr,198,F,62,M6,5,,,Otolith,,,,
Biology,Record,NLIBWSS2022,PEL,8,126439,1,,1,mm,173,gr,20,M,61,M6,1,,,Otolith,,,,
Biology,Record,NLIBWSS2022,PEL,8,126439,1,,3,mm,200,gr,42,M,64,M6,1,,,Otolith,,,,
Biology,Record,NLIBWSS2022,PEL,8,126439,1,,2,mm,208,gr,44,M,64,M6,2,,,Otolith,,,,
Biology,Record,NLIBWSS2022,PEL,8,126439,1,,4,mm,213,gr,49,F,64,M6,2,,,Otolith,,,,
Biology,Record,NLIBWSS2022,PEL,8,126439,1,,11,mm,216,gr,40,M,64,M6,2,,,Otolith,,,,
Biology,Record,NLIBWSS2022,PEL,8,126439,1,,8,mm,217,gr,52,F,64,M6,2,,,Otolith,,,,
Biology,Record,NLIBWSS2022,PEL,8,126439,1,,9,mm,217,gr,58,M,64,M6,2,,,Otolith,,,,
Biology,Record,NLIBWSS2022,PEL,8,126439,1,,5,mm,218,gr,52,F,64,M6,2,,,Otolith,,,,
Biology,Record,NLIBWSS2022,PEL,8,126439,1,,6,mm,220,gr,52,F,64,M6,2,,,Otolith,,,,
Biology,Record,NLIBWSS2022,PEL,8,126439,1,,13,mm,220,gr,45,F,64,M6,2,,,Otolith,,,,
Biology,Record,NLIBWSS2022,PEL,8,126439,1,,25,mm,220,gr,48,M,64,M6,2,,,Otolith,,,,
Biology,Record,NLIBWSS2022,PEL,8,126439,1,,7,mm,221,gr,58,M,64,M6,2,,,Otolith,,,,
Biology,Record,NLIBWSS2022,PEL,8,126439,1,,10,mm,221,gr,56,F,64,M6,2,,,Otolith,,,,
Biology,Record,NLIBWSS2022,PEL,8,126439,1,,17,mm,222,gr,60,M,64,M6,2,,,Otolith,,,,
Biology,Record,NLIBWSS2022,PEL,8,126439,1,,20,mm,222,gr,40,M,64,M6,2,,,Otolith,,,,
Biology,Record,NLIBWSS2022,PEL,8,126439,1,,23,mm,223,gr,57,M,64,M6,2,,,Otolith,,,,
Biology,Record,NLIBWSS2022,PEL,8,126439,1,,24,mm,223,gr,54,F,64,M6,2,,,Otolith,,,,
Biology,Record,NLIBWSS2022,PEL,8,126439,1,,21,mm,224,gr,54,F,61,M6,2,,,Otolith,,,,
Biology,Record,NLIBWSS2022,PEL,8,126439,1,,30,mm,224,gr,57,M,64,M6,2,,,Otolith,,,,
Biology,Record,NLIBWSS2022,PEL,8,126439,1,,19,mm,225,gr,47,F,64,M6,2,,,Otolith,,,,
Biology,Record,NLIBWSS2022,PEL,8,126439,1,,26,mm,225,gr,54,F,61,M6,2,,,Otolith,,,,
Biology,Record,NLIBWSS2022,PEL,8,126439,1,,12,mm,226,gr,62,F,64,M6,2,,,Otolith,,,,
Biology,Record,NLIBWSS2022,PEL,8,126439,1,,22,mm,226,gr,52,M,64,M6,2,,,Otolith,,,,
Biology,Record,NLIBWSS2022,PEL,8,126439,1,,28,mm,226,gr,63,M,64,M6,2,,,Otolith,,,,
Biology,Record,NLIBWSS2022,PEL,8,126439,1,,29,mm,226,gr,57,F,64,M6,2,,,Otolith,,,,
Biology,Record,NLIBWSS2022,PEL,8,126439,1,,15,mm,227,gr,62,M,64,M6,2,,,Otolith,,,,
Biology,Record,NLIBWSS2022,PEL,8,126439,1,,14,mm,229,gr,53,F,64,M6,2,,,Otolith,,,,
Biology,Record,NLIBWSS2022,PEL,8,126439,1,,18,mm,229,gr,70,F,64,M6,2,,,Otolith,,,,
Biology,Record,NLIBWSS2022,PEL,8,126439,1,,27,mm,229,gr,60,F,64,M6,2,,,Otolith,,,,
Biology,Record,NLIBWSS2022,PEL,8,126439,1,,31,mm,230,gr,60,M,64,M6,2,,,Otolith,,,,
Biology,Record,NLIBWSS2022,PEL,8,126439,1,,42,mm,230,gr,57,M,64,M6,2,,,Otolith,,,,
Biology,Record,NLIBWSS2022,PEL,8,126439,1,,44,mm,230,gr,68,F,64,M6,2,,,Otolith,,,,
Biology,Record,NLIBWSS2022,PEL,8,126439,1,,47,mm,230,gr,67,F,64,M6,2,,,Otolith,,,,
Biology,Record,NLIBWSS2022,PEL,8,126439,1,,38,mm,231,gr,61,F,64,M6,2,,,Otolith,,,,
Biology,Record,NLIBWSS2022,PEL,8,126439,1,,16,mm,232,gr,57,F,64,M6,2,,,Otolith,,,,
Biology,Record,NLIBWSS2022,PEL,8,126439,1,,32,mm,233,gr,54,F,64,M6,2,,,Otolith,,,,
Biology,Record,NLIBWSS2022,PEL,8,126439,1,,37,mm,233,gr,62,M,64,M6,2,,,Otolith,,,,
Biology,Record,NLIBWSS2022,PEL,8,126439,1,,35,mm,235,gr,57,F,64,M6,2,,,Otolith,,,,
Biology,Record,NLIBWSS2022,PEL,8,126439,1,,45,mm,235,gr,70,F,63,M6,2,,,Otolith,,,,
Biology,Record,NLIBWSS2022,PEL,8,126439,1,,39,mm,236,gr,68,F,64,M6,2,,,Otolith,,,,
Biology,Record,NLIBWSS2022,PEL,8,126439,1,,46,mm,236,gr,63,F,64,M6,2,,,Otolith,,,,
Biology,Record,NLIBWSS2022,PEL,8,126439,1,,49,mm,236,gr,73,F,64,M6,2,,,Otolith,,,,
Biology,Record,NLIBWSS2022,PEL,8,126439,1,,33,mm,237,gr,67,F,64,M6,2,,,Otolith,,,,
Biology,Record,NLIBWSS2022,PEL,8,126439,1,,34,mm,237,gr,72,F,64,M6,2,,,Otolith,,,,
Biology,Record,NLIBWSS2022,PEL,8,126439,1,,48,mm,237,gr,66,F,64,M6,2,,,Otolith,,,,
Biology,Record,NLIBWSS2022,PEL,8,126439,1,,36,mm,238,gr,75,F,64,M6,2,,,Otolith,,,,
Biology,Record,NLIBWSS2022,PEL,8,126439,1,,41,mm,238,gr,74,F,64,M6,2,,,Otolith,,,,
Biology,Record,NLIBWSS2022,PEL,8,126439,1,,43,mm,239,gr,65,F,64,M6,2,,,Otolith,,,,
Biology,Record,NLIBWSS2022,PEL,8,126439,1,,53,mm,240,gr,75,F,64,M6,2,,,Otolith,,,,
Biology,Record,NLIBWSS2022,PEL,8,126439,1,,40,mm,241,gr,75,M,64,M6,2,,,Otolith,,,,
Biology,Record,NLIBWSS2022,PEL,8,126439,1,,57,mm,245,gr,77,F,64,M6,2,,,Otolith,,,,
Biology,Record,NLIBWSS2022,PEL,8,126439,1,,50,mm,246,gr,70,F,64,M6,2,,,Otolith,,,,
Biology,Record,NLIBWSS2022,PEL,8,126439,1,,51,mm,246,gr,79,F,64,M6,3,,,Otolith,,,,
Biology,Record,NLIBWSS2022,PEL,8,126439,1,,56,mm,246,gr,91,F,64,M6,2,,,Otolith,,,,
Biology,Record,NLIBWSS2022,PEL,8,126439,1,,54,mm,247,gr,67,F,64,M6,2,,,Otolith,,,,
Biology,Record,NLIBWSS2022,PEL,8,126439,1,,55,mm,247,gr,61,M,64,M6,2,,,Otolith,,,,
Biology,Record,NLIBWSS2022,PEL,8,126439,1,,61,mm,250,gr,65,M,64,M6,4,,,Otolith,,,,
Biology,Record,NLIBWSS2022,PEL,8,126439,1,,52,mm,251,gr,71,F,64,M6,2,,,Otolith,,,,
Biology,Record,NLIBWSS2022,PEL,8,126439,1,,64,mm,255,gr,62,M,64,M6,3,,,Otolith,,,,
Biology,Record,NLIBWSS2022,PEL,8,126439,1,,67,mm,255,gr,71,M,64,M6,3,,,Otolith,,,,
Biology,Record,NLIBWSS2022,PEL,8,126439,1,,63,mm,256,gr,72,M,64,M6,3,,,Otolith,,,,
Biology,Record,NLIBWSS2022,PEL,8,126439,1,,65,mm,256,gr,68,M,64,M6,3,,,Otolith,,,,
Biology,Record,NLIBWSS2022,PEL,8,126439,1,,68,mm,256,gr,70,M,64,M6,4,,,Otolith,,,,
Biology,Record,NLIBWSS2022,PEL,8,126439,1,,58,mm,258,gr,81,M,64,M6,3,,,Otolith,,,,
Biology,Record,NLIBWSS2022,PEL,8,126439,1,,60,mm,258,gr,69,M,64,M6,3,,,Otolith,,,,
Biology,Record,NLIBWSS2022,PEL,8,126439,1,,66,mm,258,gr,74,M,64,M6,3,,,Otolith,,,,
Biology,Record,NLIBWSS2022,PEL,8,126439,1,,59,mm,260,gr,73,F,64,M6,3,,,Otolith,,,,
Biology,Record,NLIBWSS2022,PEL,8,126439,1,,69,mm,260,gr,78,M,64,M6,3,,,Otolith,,,,
Biology,Record,NLIBWSS2022,PEL,8,126439,1,,71,mm,261,gr,81,F,64,M6,3,,,Otolith,,,,
Biology,Record,NLIBWSS2022,PEL,8,126439,1,,62,mm,262,gr,69,M,64,M6,3,,,Otolith,,,,
Biology,Record,NLIBWSS2022,PEL,8,126439,1,,73,mm,263,gr,89,M,64,M6,4,,,Otolith,,,,
Biology,Record,NLIBWSS2022,PEL,8,126439,1,,76,mm,263,gr,73,M,64,M6,3,,,Otolith,,,,
Biology,Record,NLIBWSS2022,PEL,8,126439,1,,79,mm,263,gr,76,F,64,M6,3,,,Otolith,,,,
Biology,Record,NLIBWSS2022,PEL,8,126439,1,,72,mm,264,gr,72,M,64,M6,3,,,Otolith,,,,
Biology,Record,NLIBWSS2022,PEL,8,126439,1,,70,mm,265,gr,81,M,64,M6,3,,,Otolith,,,,
Biology,Record,NLIBWSS2022,PEL,8,126439,1,,74,mm,266,gr,87,M,64,M6,3,,,Otolith,,,,
Biology,Record,NLIBWSS2022,PEL,8,126439,1,,75,mm,267,gr,91,F,64,M6,3,,,Otolith,,,,
Biology,Record,NLIBWSS2022,PEL,8,126439,1,,80,mm,267,gr,75,F,64,M6,3,,,Otolith,,,,
Biology,Record,NLIBWSS2022,PEL,8,126439,1,,78,mm,269,gr,83,F,64,M6,3,,,Otolith,,,,
Biology,Record,NLIBWSS2022,PEL,8,126439,1,,77,mm,271,gr,94,M,64,M6,4,,,Otolith,,,,
Biology,Record,NLIBWSS2022,PEL,8,126439,1,,81,mm,273,gr,81,M,64,M6,4,,,Otolith,,,,
Biology,Record,NLIBWSS2022,PEL,8,126439,1,,86,mm,273,gr,86,F,64,M6,3,,,Otolith,,,,
Biology,Record,NLIBWSS2022,PEL,8,126439,1,,89,mm,273,gr,102,F,64,M6,3,,,Otolith,,,,
Biology,Record,NLIBWSS2022,PEL,8,126439,1,,85,mm,274,gr,96,F,64,M6,3,,,Otolith,,,,
Biology,Record,NLIBWSS2022,PEL,8,126439,1,,83,mm,275,gr,83,F,64,M6,4,,,Otolith,,,,
Biology,Record,NLIBWSS2022,PEL,8,126439,1,,88,mm,276,gr,89,F,64,M6,3,,,Otolith,,,,
Biology,Record,NLIBWSS2022,PEL,8,126439,1,,82,mm,278,gr,92,F,64,M6,3,,,Otolith,,,,
Biology,Record,NLIBWSS2022,PEL,8,126439,1,,84,mm,278,gr,91,F,64,M6,3,,,Otolith,,,,
Biology,Record,NLIBWSS2022,PEL,8,126439,1,,87,mm,278,gr,97,F,64,M6,3,,,Otolith,,,,
Biology,Record,NLIBWSS2022,PEL,8,126439,1,,90,mm,278,gr,87,F,64,M6,3,,,Otolith,,,,
Biology,Record,NLIBWSS2022,PEL,8,126439,1,,96,mm,280,gr,99,F,64,M6,3,,,Otolith,,,,
Biology,Record,NLIBWSS2022,PEL,8,126439,1,,94,mm,281,gr,98,F,64,M6,4,,,Otolith,,,,
Biology,Record,NLIBWSS2022,PEL,8,126439,1,,95,mm,282,gr,104,M,64,M6,4,,,Otolith,,,,
Biology,Record,NLIBWSS2022,PEL,8,126439,1,,91,mm,287,gr,102,F,64,M6,3,,,Otolith,,,,
Biology,Record,NLIBWSS2022,PEL,8,126439,1,,92,mm,288,gr,103,F,64,M6,3,,,Otolith,,,,
Biology,Record,NLIBWSS2022,PEL,8,126439,1,,93,mm,288,gr,103,M,64,M6,3,,,Otolith,,,,
Biology,Record,NLIBWSS2022,PEL,8,126439,1,,98,mm,296,gr,115,F,64,M6,4,,,Otolith,,,,
Biology,Record,NLIBWSS2022,PEL,8,126439,1,,97,mm,297,gr,132,F,62,M6,6,,,Otolith,,,,
Biology,Record,NLIBWSS2022,PEL,8,126439,1,,99,mm,301,gr,133,F,64,M6,6,,,Otolith,,,,
Biology,Record,NLIBWSS2022,PEL,8,126439,1,,100,mm,310,gr,130,F,64,M6,6,,,Otolith,,,,
Biology,Record,NLIBWSS2022,PEL,11,126439,1,,1,mm,208,gr,39,F,64,M6,1,,,Otolith,,,,
Biology,Record,NLIBWSS2022,PEL,11,126439,1,,2,mm,222,gr,50,M,64,M6,2,,,Otolith,,,,
Biology,Record,NLIBWSS2022,PEL,11,126439,1,,6,mm,223,gr,53,M,63,M6,2,,,Otolith,,,,
Biology,Record,NLIBWSS2022,PEL,11,126439,1,,8,mm,223,gr,56,M,64,M6,2,,,Otolith,,,,
Biology,Record,NLIBWSS2022,PEL,11,126439,1,,7,mm,225,gr,51,F,64,M6,2,,,Otolith,,,,
Biology,Record,NLIBWSS2022,PEL,11,126439,1,,9,mm,225,gr,51,M,64,M6,2,,,Otolith,,,,
Biology,Record,NLIBWSS2022,PEL,11,126439,1,,3,mm,227,gr,62,M,64,M6,2,,,Otolith,,,,
Biology,Record,NLIBWSS2022,PEL,11,126439,1,,10,mm,227,gr,55,M,64,M6,2,,,Otolith,,,,
Biology,Record,NLIBWSS2022,PEL,11,126439,1,,4,mm,228,gr,53,M,64,M6,2,,,Otolith,,,,
Biology,Record,NLIBWSS2022,PEL,11,126439,1,,5,mm,228,gr,68,M,64,M6,2,,,Otolith,,,,
Biology,Record,NLIBWSS2022,PEL,11,126439,1,,12,mm,236,gr,60,M,64,M6,2,,,Otolith,,,,
Biology,Record,NLIBWSS2022,PEL,11,126439,1,,13,mm,237,gr,57,F,64,M6,2,,,Otolith,,,,
Biology,Record,NLIBWSS2022,PEL,11,126439,1,,11,mm,239,gr,70,F,63,M6,2,,,Otolith,,,,
Biology,Record,NLIBWSS2022,PEL,11,126439,1,,14,mm,245,gr,80,M,64,M6,3,,,Otolith,,,,
Biology,Record,NLIBWSS2022,PEL,11,126439,1,,15,mm,247,gr,72,F,64,M6,2,,,Otolith,,,,
Biology,Record,NLIBWSS2022,PEL,11,126439,1,,16,mm,250,gr,82,F,62,M6,2,,,Otolith,,,,
Biology,Record,NLIBWSS2022,PEL,11,126439,1,,17,mm,269,gr,87,F,64,M6,3,,,Otolith,,,,
Biology,Record,NLIBWSS2022,PEL,11,126439,1,,18,mm,281,gr,112,F,64,M6,4,,,Otolith,,,,
Biology,Record,NLIBWSS2022,PEL,11,126439,1,,19,mm,301,gr,163,M,63,M6,10,,,Otolith,,,,
Biology,Record,NLIBWSS2022,PEL,13,126439,1,,1,mm,222,gr,53,M,64,M6,2,,,Otolith,,,,
Biology,Record,NLIBWSS2022,PEL,13,126439,1,,2,mm,235,gr,72,F,64,M6,2,,,Otolith,,,,
Biology,Record,NLIBWSS2022,PEL,13,126439,1,,6,mm,244,gr,70,M,64,M6,2,,,Otolith,,,,
Biology,Record,NLIBWSS2022,PEL,13,126439,1,,3,mm,245,gr,72,M,64,M6,2,,,Otolith,,,,
Biology,Record,NLIBWSS2022,PEL,13,126439,1,,4,mm,246,gr,71,M,64,M6,2,,,Otolith,,,,
Biology,Record,NLIBWSS2022,PEL,13,126439,1,,5,mm,248,gr,79,F,64,M6,2,,,Otolith,,,,
Biology,Record,NLIBWSS2022,PEL,13,126439,1,,10,mm,250,gr,72,M,64,M6,3,,,Otolith,,,,
Biology,Record,NLIBWSS2022,PEL,13,126439,1,,12,mm,252,gr,86,F,64,M6,2,,,Otolith,,,,
Biology,Record,NLIBWSS2022,PEL,13,126439,1,,9,mm,253,gr,84,M,64,M6,3,,,Otolith,,,,
Biology,Record,NLIBWSS2022,PEL,13,126439,1,,7,mm,257,gr,84,M,64,M6,3,,,Otolith,,,,
Biology,Record,NLIBWSS2022,PEL,13,126439,1,,8,mm,257,gr,93,M,63,M6,3,,,Otolith,,,,
Biology,Record,NLIBWSS2022,PEL,13,126439,1,,11,mm,257,gr,85,F,63,M6,2,,,Otolith,,,,
Biology,Record,NLIBWSS2022,PEL,13,126439,1,,18,mm,263,gr,97,M,64,M6,3,,,Otolith,,,,
Biology,Record,NLIBWSS2022,PEL,13,126439,1,,13,mm,266,gr,99,F,62,M6,2,,,Otolith,,,,
Biology,Record,NLIBWSS2022,PEL,13,126439,1,,14,mm,266,gr,96,F,63,M6,3,,,Otolith,,,,
Biology,Record,NLIBWSS2022,PEL,13,126439,1,,15,mm,268,gr,96,M,64,M6,3,,,Otolith,,,,
Biology,Record,NLIBWSS2022,PEL,13,126439,1,,16,mm,268,gr,96,M,64,M6,3,,,Otolith,,,,
Biology,Record,NLIBWSS2022,PEL,13,126439,1,,17,mm,268,gr,99,M,64,M6,5,,,Otolith,,,,
Biology,Record,NLIBWSS2022,PEL,13,126439,1,,19,mm,268,gr,97,F,64,M6,3,,,Otolith,,,,
Biology,Record,NLIBWSS2022,PEL,13,126439,1,,20,mm,270,gr,111,M,63,M6,3,,,Otolith,,,,
Biology,Record,NLIBWSS2022,PEL,13,126439,1,,21,mm,271,gr,105,M,64,M6,3,,,Otolith,,,,
Biology,Record,NLIBWSS2022,PEL,13,126439,1,,22,mm,278,gr,123,F,62,M6,3,,,Otolith,,,,
Biology,Record,NLIBWSS2022,PEL,13,126439,1,,23,mm,279,gr,97,M,64,M6,3,,,Otolith,,,,
Biology,Record,NLIBWSS2022,PEL,13,126439,1,,24,mm,281,gr,134,F,62,M6,3,,,Otolith,,,,
Biology,Record,NLIBWSS2022,PEL,13,126439,1,,26,mm,282,gr,130,M,64,M6,9,,,Otolith,,,,
Biology,Record,NLIBWSS2022,PEL,13,126439,1,,27,mm,285,gr,122,M,63,M6,5,,,Otolith,,,,
Biology,Record,NLIBWSS2022,PEL,13,126439,1,,25,mm,286,gr,131,M,63,M6,5,,,Otolith,,,,
Biology,Record,NLIBWSS2022,PEL,13,126439,1,,30,mm,286,gr,115,M,64,M6,5,,,Otolith,,,,
Biology,Record,NLIBWSS2022,PEL,13,126439,1,,29,mm,287,gr,152,M,63,M6,5,,,Otolith,,,,
Biology,Record,NLIBWSS2022,PEL,13,126439,1,,32,mm,287,gr,132,M,63,M6,5,,,Otolith,,,,
Biology,Record,NLIBWSS2022,PEL,13,126439,1,,28,mm,288,gr,131,M,64,M6,5,,,Otolith,,,,
Biology,Record,NLIBWSS2022,PEL,13,126439,1,,33,mm,288,gr,138,M,64,M6,5,,,Otolith,,,,
Biology,Record,NLIBWSS2022,PEL,13,126439,1,,31,mm,289,gr,130,F,62,M6,4,,,Otolith,,,,
Biology,Record,NLIBWSS2022,PEL,13,126439,1,,36,mm,290,gr,131,M,64,M6,5,,,Otolith,,,,
Biology,Record,NLIBWSS2022,PEL,13,126439,1,,46,mm,290,gr,132,M,64,M6,5,,,Otolith,,,,
Biology,Record,NLIBWSS2022,PEL,13,126439,1,,34,mm,291,gr,144,M,64,M6,7,,,Otolith,,,,
Biology,Record,NLIBWSS2022,PEL,13,126439,1,,44,mm,292,gr,144,M,64,M6,6,,,Otolith,,,,
Biology,Record,NLIBWSS2022,PEL,13,126439,1,,35,mm,295,gr,136,F,64,M6,4,,,Otolith,,,,
Biology,Record,NLIBWSS2022,PEL,13,126439,1,,39,mm,296,gr,125,M,64,M6,5,,,Otolith,,,,
Biology,Record,NLIBWSS2022,PEL,13,126439,1,,40,mm,296,gr,149,M,64,M6,4,,,Otolith,,,,
Biology,Record,NLIBWSS2022,PEL,13,126439,1,,37,mm,297,gr,136,M,64,M6,5,,,Otolith,,,,
Biology,Record,NLIBWSS2022,PEL,13,126439,1,,41,mm,297,gr,140,M,64,M6,6,,,Otolith,,,,
Biology,Record,NLIBWSS2022,PEL,13,126439,1,,43,mm,297,gr,143,M,64,M6,6,,,Otolith,,,,
Biology,Record,NLIBWSS2022,PEL,13,126439,1,,45,mm,297,gr,136,F,62,M6,5,,,Otolith,,,,
Biology,Record,NLIBWSS2022,PEL,13,126439,1,,42,mm,298,gr,151,M,64,M6,9,,,Otolith,,,,
Biology,Record,NLIBWSS2022,PEL,13,126439,1,,38,mm,300,gr,152,F,62,M6,4,,,Otolith,,,,
Biology,Record,NLIBWSS2022,PEL,13,126439,1,,50,mm,300,gr,143,M,63,M6,8,,,Otolith,,,,
Biology,Record,NLIBWSS2022,PEL,13,126439,1,,55,mm,302,gr,153,M,64,M6,8,,,Otolith,,,,
Biology,Record,NLIBWSS2022,PEL,13,126439,1,,47,mm,303,gr,152,M,64,M6,5,,,Otolith,,,,
Biology,Record,NLIBWSS2022,PEL,13,126439,1,,48,mm,303,gr,147,M,63,M6,5,,,Otolith,,,,
Biology,Record,NLIBWSS2022,PEL,13,126439,1,,56,mm,303,gr,161,M,64,M6,8,,,Otolith,,,,
Biology,Record,NLIBWSS2022,PEL,13,126439,1,,54,mm,305,gr,149,M,64,M6,8,,,Otolith,,,,
Biology,Record,NLIBWSS2022,PEL,13,126439,1,,49,mm,306,gr,129,F,62,M6,4,,,Otolith,,,,
Biology,Record,NLIBWSS2022,PEL,13,126439,1,,52,mm,306,gr,157,M,64,M6,8,,,Otolith,,,,
Biology,Record,NLIBWSS2022,PEL,13,126439,1,,53,mm,306,gr,156,M,64,M6,8,,,Otolith,,,,
Biology,Record,NLIBWSS2022,PEL,13,126439,1,,51,mm,307,gr,155,M,63,M6,8,,,Otolith,,,,
Biology,Record,NLIBWSS2022,PEL,13,126439,1,,58,mm,310,gr,164,F,63,M6,3,,,Otolith,,,,
Biology,Record,NLIBWSS2022,PEL,13,126439,1,,63,mm,310,gr,164,M,64,M6,8,,,Otolith,,,,
Biology,Record,NLIBWSS2022,PEL,13,126439,1,,67,mm,310,gr,154,M,64,M6,11,,,Otolith,,,,
Biology,Record,NLIBWSS2022,PEL,13,126439,1,,60,mm,311,gr,163,F,64,M6,4,,,Otolith,,,,
Biology,Record,NLIBWSS2022,PEL,13,126439,1,,66,mm,311,gr,167,M,63,M6,8,,,Otolith,,,,
Biology,Record,NLIBWSS2022,PEL,13,126439,1,,64,mm,312,gr,164,F,63,M6,5,,,Otolith,,,,
Biology,Record,NLIBWSS2022,PEL,13,126439,1,,62,mm,313,gr,197,M,62,M6,4,,,Otolith,,,,
Biology,Record,NLIBWSS2022,PEL,13,126439,1,,68,mm,314,gr,166,F,64,M6,8,,,Otolith,,,,
Biology,Record,NLIBWSS2022,PEL,13,126439,1,,57,mm,315,gr,168,M,64,M6,4,,,Otolith,,,,
Biology,Record,NLIBWSS2022,PEL,13,126439,1,,59,mm,315,gr,164,F,64,M6,4,,,Otolith,,,,
Biology,Record,NLIBWSS2022,PEL,13,126439,1,,65,mm,316,gr,187,M,64,M6,5,,,Otolith,,,,
Biology,Record,NLIBWSS2022,PEL,13,126439,1,,61,mm,317,gr,154,M,63,M6,6,,,Otolith,,,,
Biology,Record,NLIBWSS2022,PEL,13,126439,1,,72,mm,318,gr,159,F,64,M6,5,,,Otolith,,,,
Biology,Record,NLIBWSS2022,PEL,13,126439,1,,77,mm,320,gr,176,M,64,M6,7,,,Otolith,,,,
Biology,Record,NLIBWSS2022,PEL,13,126439,1,,71,mm,321,gr,150,M,64,M6,10,,,Otolith,,,,
Biology,Record,NLIBWSS2022,PEL,13,126439,1,,75,mm,321,gr,169,F,62,M6,5,,,Otolith,,,,
Biology,Record,NLIBWSS2022,PEL,13,126439,1,,78,mm,321,gr,182,M,64,M6,8,,,Otolith,,,,
Biology,Record,NLIBWSS2022,PEL,13,126439,1,,69,mm,322,gr,233,M,63,M6,7,,,Otolith,,,,
Biology,Record,NLIBWSS2022,PEL,13,126439,1,,76,mm,322,gr,179,F,62,M6,5,,,Otolith,,,,
Biology,Record,NLIBWSS2022,PEL,13,126439,1,,73,mm,323,gr,197,M,63,M6,8,,,Otolith,,,,
Biology,Record,NLIBWSS2022,PEL,13,126439,1,,70,mm,327,gr,205,M,64,M6,8,,,Otolith,,,,
Biology,Record,NLIBWSS2022,PEL,13,126439,1,,74,mm,327,gr,220,F,62,M6,5,,,Otolith,,,,
Biology,Record,NLIBWSS2022,PEL,13,126439,1,,80,mm,327,gr,189,F,62,M6,5,,,Otolith,,,,
Biology,Record,NLIBWSS2022,PEL,13,126439,1,,79,mm,332,gr,191,F,62,M6,6,,,Otolith,,,,
Biology,Record,NLIBWSS2022,PEL,13,126439,1,,84,mm,332,gr,182,F,64,M6,7,,,Otolith,,,,
Biology,Record,NLIBWSS2022,PEL,13,126439,1,,81,mm,333,gr,176,F,64,M6,5,,,Otolith,,,,
Biology,Record,NLIBWSS2022,PEL,13,126439,1,,82,mm,333,gr,202,M,64,M6,8,,,Otolith,,,,
Biology,Record,NLIBWSS2022,PEL,13,126439,1,,83,mm,336,gr,236,F,62,M6,6,,,Otolith,,,,
Biology,Record,NLIBWSS2022,PEL,13,126439,1,,85,mm,336,gr,187,M,64,M6,11,,,Otolith,,,,
Biology,Record,NLIBWSS2022,PEL,13,126439,1,,86,mm,336,gr,223,M,64,M6,8,,,Otolith,,,,
Biology,Record,NLIBWSS2022,PEL,13,126439,1,,90,mm,346,gr,269,F,63,M6,6,,,Otolith,,,,
Biology,Record,NLIBWSS2022,PEL,13,126439,1,,89,mm,347,gr,250,F,64,M6,8,,,Otolith,,,,
Biology,Record,NLIBWSS2022,PEL,13,126439,1,,88,mm,349,gr,219,F,64,M6,6,,,Otolith,,,,
Biology,Record,NLIBWSS2022,PEL,13,126439,1,,93,mm,350,gr,227,F,64,M6,9,,,Otolith,,,,
Biology,Record,NLIBWSS2022,PEL,13,126439,1,,87,mm,351,gr,249,M,64,M6,8,,,Otolith,,,,
Biology,Record,NLIBWSS2022,PEL,13,126439,1,,91,mm,353,gr,230,F,64,M6,7,,,Otolith,,,,
Biology,Record,NLIBWSS2022,PEL,13,126439,1,,92,mm,356,gr,228,F,63,M6,7,,,Otolith,,,,
Biology,Record,NLIBWSS2022,PEL,13,126439,1,,95,mm,365,gr,300,F,62,M6,7,,,Otolith,,,,
Biology,Record,NLIBWSS2022,PEL,13,126439,1,,94,mm,367,gr,392,F,62,M6,6,,,Otolith,,,,
Biology,Record,NLIBWSS2022,PEL,13,126439,1,,96,mm,371,gr,324,F,63,M6,8,,,Otolith,,,,
Biology,Record,NLIBWSS2022,PEL,13,126439,1,,97,mm,372,gr,365,F,63,M6,12,,,Otolith,,,,
Biology,Record,NLIBWSS2022,PEL,13,126439,1,,98,mm,388,gr,369,F,63,M6,11,,,Otolith,,,,
Biology,Record,NLIBWSS2022,PEL,13,126439,1,,99,mm,391,gr,395,F,62,M6,7,,,Otolith,,,,
Biology,Record,NLIBWSS2022,PEL,13,126439,1,,100,mm,402,gr,383,F,64,M6,7,,,Otolith,,,,
Biology,Record,NLIBWSS2022,PEL,14,126439,1,,1,mm,236,gr,67,M,63,M6,2,,,Otolith,,,,
Biology,Record,NLIBWSS2022,PEL,14,126439,1,,2,mm,236,gr,63,M,64,M6,2,,,Otolith,,,,
Biology,Record,NLIBWSS2022,PEL,14,126439,1,,3,mm,238,gr,72,F,63,M6,2,,,Otolith,,,,
Biology,Record,NLIBWSS2022,PEL,14,126439,1,,7,mm,243,gr,76,M,64,M6,2,,,Otolith,,,,
Biology,Record,NLIBWSS2022,PEL,14,126439,1,,5,mm,248,gr,83,M,64,M6,3,,,Otolith,,,,
Biology,Record,NLIBWSS2022,PEL,14,126439,1,,4,mm,249,gr,74,M,64,M6,3,,,Otolith,,,,
Biology,Record,NLIBWSS2022,PEL,14,126439,1,,6,mm,250,gr,87,F,63,M6,3,,,Otolith,,,,
Biology,Record,NLIBWSS2022,PEL,14,126439,1,,10,mm,255,gr,98,M,63,M6,3,,,Otolith,,,,
Biology,Record,NLIBWSS2022,PEL,14,126439,1,,9,mm,256,gr,92,M,64,M6,3,,,Otolith,,,,
Biology,Record,NLIBWSS2022,PEL,14,126439,1,,11,mm,256,gr,95,M,63,M6,3,,,Otolith,,,,
Biology,Record,NLIBWSS2022,PEL,14,126439,1,,8,mm,257,gr,69,M,64,M6,3,,,Otolith,,,,
Biology,Record,NLIBWSS2022,PEL,14,126439,1,,12,mm,262,gr,97,M,63,M6,3,,,Otolith,,,,
Biology,Record,NLIBWSS2022,PEL,14,126439,1,,16,mm,263,gr,95,M,64,M6,3,,,Otolith,,,,
Biology,Record,NLIBWSS2022,PEL,14,126439,1,,14,mm,268,gr,111,M,63,M6,4,,,Otolith,,,,
Biology,Record,NLIBWSS2022,PEL,14,126439,1,,15,mm,268,gr,116,M,63,M6,4,,,Otolith,,,,
Biology,Record,NLIBWSS2022,PEL,14,126439,1,,13,mm,270,gr,106,M,64,M6,3,,,Otolith,,,,
Biology,Record,NLIBWSS2022,PEL,14,126439,1,,24,mm,272,gr,115,M,63,M6,4,,,Otolith,,,,
Biology,Record,NLIBWSS2022,PEL,14,126439,1,,30,mm,272,gr,121,F,62,M6,3,,,Otolith,,,,
Biology,Record,NLIBWSS2022,PEL,14,126439,1,,22,mm,273,gr,125,F,63,M6,4,,,Otolith,,,,
Biology,Record,NLIBWSS2022,PEL,14,126439,1,,23,mm,274,gr,133,M,63,M6,4,,,Otolith,,,,
Biology,Record,NLIBWSS2022,PEL,14,126439,1,,18,mm,276,gr,110,M,64,M6,4,,,Otolith,,,,
Biology,Record,NLIBWSS2022,PEL,14,126439,1,,21,mm,276,gr,112,M,63,M6,4,,,Otolith,,,,
Biology,Record,NLIBWSS2022,PEL,14,126439,1,,26,mm,276,gr,145,F,63,M6,3,,,Otolith,,,,
Biology,Record,NLIBWSS2022,PEL,14,126439,1,,31,mm,276,gr,117,M,64,M6,4,,,Otolith,,,,
Biology,Record,NLIBWSS2022,PEL,14,126439,1,,20,mm,277,gr,127,M,63,M6,4,,,Otolith,,,,
Biology,Record,NLIBWSS2022,PEL,14,126439,1,,33,mm,277,gr,113,M,64,M6,4,,,Otolith,,,,
Biology,Record,NLIBWSS2022,PEL,14,126439,1,,19,mm,278,gr,119,M,63,M6,4,,,Otolith,,,,
Biology,Record,NLIBWSS2022,PEL,14,126439,1,,27,mm,278,gr,123,M,64,M6,4,,,Otolith,,,,
Biology,Record,NLIBWSS2022,PEL,14,126439,1,,29,mm,278,gr,144,F,63,M6,4,,,Otolith,,,,
Biology,Record,NLIBWSS2022,PEL,14,126439,1,,17,mm,279,gr,133,F,62,M6,3,,,Otolith,,,,
Biology,Record,NLIBWSS2022,PEL,14,126439,1,,25,mm,280,gr,133,F,63,M6,4,,,Otolith,,,,
Biology,Record,NLIBWSS2022,PEL,14,126439,1,,28,mm,280,gr,113,M,63,M6,4,,,Otolith,,,,
Biology,Record,NLIBWSS2022,PEL,14,126439,1,,52,mm,280,gr,124,M,63,M6,5,,,Otolith,,,,
Biology,Record,NLIBWSS2022,PEL,14,126439,1,,32,mm,282,gr,127,M,64,M6,4,,,Otolith,,,,
Biology,Record,NLIBWSS2022,PEL,14,126439,1,,48,mm,283,gr,130,F,63,M6,3,,,Otolith,,,,
Biology,Record,NLIBWSS2022,PEL,14,126439,1,,49,mm,283,gr,128,M,64,M6,4,,,Otolith,,,,
Biology,Record,NLIBWSS2022,PEL,14,126439,1,,39,mm,285,gr,120,M,64,M6,5,,,Otolith,,,,
Biology,Record,NLIBWSS2022,PEL,14,126439,1,,47,mm,285,gr,163,F,63,M6,3,,,Otolith,,,,
Biology,Record,NLIBWSS2022,PEL,14,126439,1,,34,mm,286,gr,142,M,63,M6,6,,,Otolith,,,,
Biology,Record,NLIBWSS2022,PEL,14,126439,1,,37,mm,286,gr,146,M,64,M6,5,,,Otolith,,,,
Biology,Record,NLIBWSS2022,PEL,14,126439,1,,43,mm,286,gr,172,F,63,M6,4,,,Otolith,,,,
Biology,Record,NLIBWSS2022,PEL,14,126439,1,,50,mm,286,gr,136,M,63,M6,4,,,Otolith,,,,
Biology,Record,NLIBWSS2022,PEL,14,126439,1,,41,mm,288,gr,155,M,63,M6,4,,,Otolith,,,,
Biology,Record,NLIBWSS2022,PEL,14,126439,1,,46,mm,288,gr,135,M,64,M6,5,,,Otolith,,,,
Biology,Record,NLIBWSS2022,PEL,14,126439,1,,51,mm,288,gr,152,F,62,M6,4,,,Otolith,,,,
Biology,Record,NLIBWSS2022,PEL,14,126439,1,,53,mm,288,gr,144,F,62,M6,4,,,Otolith,,,,
Biology,Record,NLIBWSS2022,PEL,14,126439,1,,35,mm,289,gr,163,F,63,M6,4,,,Otolith,,,,
Biology,Record,NLIBWSS2022,PEL,14,126439,1,,44,mm,289,gr,127,M,63,M6,4,,,Otolith,,,,
Biology,Record,NLIBWSS2022,PEL,14,126439,1,,45,mm,289,gr,135,M,63,M6,4,,,Otolith,,,,
Biology,Record,NLIBWSS2022,PEL,14,126439,1,,54,mm,289,gr,166,F,63,M6,4,,,Otolith,,,,
Biology,Record,NLIBWSS2022,PEL,14,126439,1,,55,mm,290,gr,146,M,64,M6,4,,,Otolith,,,,
Biology,Record,NLIBWSS2022,PEL,14,126439,1,,40,mm,291,gr,121,F,63,M6,3,,,Otolith,,,,
Biology,Record,NLIBWSS2022,PEL,14,126439,1,,42,mm,291,gr,146,M,64,M6,6,,,Otolith,,,,
Biology,Record,NLIBWSS2022,PEL,14,126439,1,,36,mm,292,gr,146,M,64,M6,6,,,Otolith,,,,
Biology,Record,NLIBWSS2022,PEL,14,126439,1,,56,mm,292,gr,141,M,64,M6,7,,,Otolith,,,,
Biology,Record,NLIBWSS2022,PEL,14,126439,1,,61,mm,292,gr,152,F,63,M6,4,,,Otolith,,,,
Biology,Record,NLIBWSS2022,PEL,14,126439,1,,73,mm,292,gr,147,F,63,M6,4,,,Otolith,,,,
Biology,Record,NLIBWSS2022,PEL,14,126439,1,,60,mm,293,gr,131,M,63,M6,4,,,Otolith,,,,
Biology,Record,NLIBWSS2022,PEL,14,126439,1,,66,mm,293,gr,158,M,63,M6,8,,,Otolith,,,,
Biology,Record,NLIBWSS2022,PEL,14,126439,1,,70,mm,294,gr,175,F,63,M6,4,,,Otolith,,,,
Biology,Record,NLIBWSS2022,PEL,14,126439,1,,63,mm,295,gr,134,M,64,M6,5,,,Otolith,,,,
Biology,Record,NLIBWSS2022,PEL,14,126439,1,,68,mm,295,gr,149,F,62,M6,3,,,Otolith,,,,
Biology,Record,NLIBWSS2022,PEL,14,126439,1,,38,mm,296,gr,152,M,64,M6,5,,,Otolith,,,,
Biology,Record,NLIBWSS2022,PEL,14,126439,1,,57,mm,296,gr,158,F,63,M6,5,,,Otolith,,,,
Biology,Record,NLIBWSS2022,PEL,14,126439,1,,62,mm,296,gr,149,M,63,M6,6,,,Otolith,,,,
Biology,Record,NLIBWSS2022,PEL,14,126439,1,,67,mm,296,gr,143,M,63,M6,6,,,Otolith,,,,
Biology,Record,NLIBWSS2022,PEL,14,126439,1,,64,mm,297,gr,149,M,63,M6,5,,,Otolith,,,,
Biology,Record,NLIBWSS2022,PEL,14,126439,1,,69,mm,297,gr,142,M,63,M6,7,,,Otolith,,,,
Biology,Record,NLIBWSS2022,PEL,14,126439,1,,71,mm,297,gr,162,M,63,M6,5,,,Otolith,,,,
Biology,Record,NLIBWSS2022,PEL,14,126439,1,,72,mm,297,gr,163,F,63,M6,4,,,Otolith,,,,
Biology,Record,NLIBWSS2022,PEL,14,126439,1,,58,mm,298,gr,155,M,64,M6,5,,,Otolith,,,,
Biology,Record,NLIBWSS2022,PEL,14,126439,1,,74,mm,298,gr,175,F,63,M6,4,,,Otolith,,,,
Biology,Record,NLIBWSS2022,PEL,14,126439,1,,59,mm,299,gr,140,M,63,M6,4,,,Otolith,,,,
Biology,Record,NLIBWSS2022,PEL,14,126439,1,,65,mm,299,gr,151,M,63,M6,7,,,Otolith,,,,
Biology,Record,NLIBWSS2022,PEL,14,126439,1,,75,mm,299,gr,182,M,63,M6,8,,,Otolith,,,,
Biology,Record,NLIBWSS2022,PEL,14,126439,1,,76,mm,300,gr,142,M,63,M6,7,,,Otolith,,,,
Biology,Record,NLIBWSS2022,PEL,14,126439,1,,82,mm,302,gr,166,M,63,M6,5,,,Otolith,,,,
Biology,Record,NLIBWSS2022,PEL,14,126439,1,,77,mm,303,gr,168,M,63,M6,4,,,Otolith,,,,
Biology,Record,NLIBWSS2022,PEL,14,126439,1,,83,mm,305,gr,183,F,62,M6,5,,,Otolith,,,,
Biology,Record,NLIBWSS2022,PEL,14,126439,1,,78,mm,306,gr,173,F,63,M6,4,,,Otolith,,,,
Biology,Record,NLIBWSS2022,PEL,14,126439,1,,84,mm,306,gr,195,F,63,M6,4,,,Otolith,,,,
Biology,Record,NLIBWSS2022,PEL,14,126439,1,,87,mm,307,gr,182,F,62,M6,6,,,Otolith,,,,
Biology,Record,NLIBWSS2022,PEL,14,126439,1,,81,mm,308,gr,192,F,63,M6,4,,,Otolith,,,,
Biology,Record,NLIBWSS2022,PEL,14,126439,1,,86,mm,308,gr,156,F,64,M6,4,,,Otolith,,,,
Biology,Record,NLIBWSS2022,PEL,14,126439,1,,80,mm,309,gr,190,F,62,M6,5,,,Otolith,,,,
Biology,Record,NLIBWSS2022,PEL,14,126439,1,,79,mm,310,gr,172,F,63,M6,4,,,Otolith,,,,
Biology,Record,NLIBWSS2022,PEL,14,126439,1,,85,mm,310,gr,188,F,63,M6,6,,,Otolith,,,,
Biology,Record,NLIBWSS2022,PEL,14,126439,1,,88,mm,315,gr,184,M,63,M6,5,,,Otolith,,,,
Biology,Record,NLIBWSS2022,PEL,14,126439,1,,93,mm,315,gr,193,F,62,M6,4,,,Otolith,,,,
Biology,Record,NLIBWSS2022,PEL,14,126439,1,,89,mm,317,gr,205,M,64,M6,5,,,Otolith,,,,
Biology,Record,NLIBWSS2022,PEL,14,126439,1,,90,mm,317,gr,204,F,62,M6,7,,,Otolith,,,,
Biology,Record,NLIBWSS2022,PEL,14,126439,1,,92,mm,318,gr,213,F,62,M6,5,,,Otolith,,,,
Biology,Record,NLIBWSS2022,PEL,14,126439,1,,91,mm,319,gr,194,F,63,M6,4,,,Otolith,,,,
Biology,Record,NLIBWSS2022,PEL,14,126439,1,,94,mm,323,gr,198,F,62,M6,5,,,Otolith,,,,
Biology,Record,NLIBWSS2022,PEL,14,126439,1,,98,mm,323,gr,247,M,63,M6,6,,,Otolith,,,,
Biology,Record,NLIBWSS2022,PEL,14,126439,1,,95,mm,325,gr,228,F,63,M6,7,,,Otolith,,,,
Biology,Record,NLIBWSS2022,PEL,14,126439,1,,96,mm,325,gr,223,F,63,M6,6,,,Otolith,,,,
Biology,Record,NLIBWSS2022,PEL,14,126439,1,,97,mm,327,gr,197,F,62,M6,7,,,Otolith,,,,
Biology,Record,NLIBWSS2022,PEL,14,126439,1,,99,mm,337,gr,256,M,63,M6,8,,,Otolith,,,,
Biology,Record,NLIBWSS2022,PEL,14,126439,1,,100,mm,346,gr,257,F,63,M6,6,,,Otolith,,,,

