﻿Cruise,Header,CruiseSurvey,CruiseCountry,CruisePlatform,CruiseStartDate,CruiseEndDate,CruiseOrganisation,CruiseLocalID
Cruise,Record,IBWSS,FO,26MH,2011-04-06,2011-04-11,1780,1111
Haul,Header,CruiseLocalID,HaulGear,HaulNumber,HaulStationName,HaulStartTime,HaulDuration,HaulValidity,HaulStartLatitude,HaulStartLongitude,HaulStopLatitude,HaulStopLongitude,HaulStatisticalRectangle,HaulMinTrawlDepth,HaulMaxTrawlDepth,HaulBottomDepth,HaulDistance,HaulNetopening,HaulCodendMesh,HaulSweepLength,HaulGearExceptions,HaulDoorType,HaulWarpLength,HaulWarpDiameter,HaulWarpDensity,HaulDoorSurface,HaulDoorWeight,HaulDoorSpread,HaulWingSpread,HaulBuoyancy,HaulKiteArea,HaulGroundRopeWeight,HaulRigging,HaulTickler,HaulHydrographicStationID,HaulTowDirection,HaulSpeedGround,HaulSpeedWater,HaulWindDirection,HaulWindSpeed,HaulSwellDirection,HaulSwellHeight,HaulLogDistance,HaulStratum
Haul,Record,1111,PEL,1,11110003,2011-04-06 10:16,90,V,58.71347,-8.59845,58.66025,-8.58765,46E1,375,,1200,9723,45,,,,R,950,,,5.5,740,,,,,,,,,,3.5,,225,8,,,,
Haul,Record,1111,PEL,2,11110008,2011-04-08 06:56,75,V,59.19958,-11.9475,59.19885,-11.8265,47D8,370,,1600,8103,42,,,,R,825,,,5.5,740,,,,,,,,,,3.5,,270,8,,,,
Haul,Record,1111,PEL,3,11110009,2011-04-08 09:25,64,V,59.19717,-11.7392,59.1989,-11.6273,47D8,200,,1700,6330,45,,,,R,600,,,5.5,740,,,,,,,,,,3.2,,270,8,,,,
Haul,Record,1111,PEL,4,11110010,2011-04-08 12:08,90,V,59.1994,-11.3337,59.19843,-11.2376,47D8,0,,1986,11956,35,,,,R,120,,,5.5,740,,,,,,,,,,4.3,,270,8,,,,
Haul,Record,1111,PEL,5,11110015,2011-04-09 09:17,65,V,59.68196,-6.88913,59.62607,-6.88642,48E3,405,,1000,6220,41,,,,R,1050,,,5.5,740,,,,,,,,,,3.1,,180,8,,,,
Haul,Record,1111,PEL,6,11110019,2011-04-10 08:10,75,V,59.80345,-12.4889,59.88763,-12.4806,48D7,190,,1150,9502,42,,,,R,575,,,5.5,740,,,,,,,,,,4.1,,180,8,,,,
Haul,Record,1111,PEL,7,11110023,2011-04-11 06:46,80,V,60.20233,-6.74112,60.20402,-6.58987,49E3,480,,1199,12907,42,,,,R,1100,,,5.5,740,,,,,,,,,,5.2,,225,8,,,,
Haul,Record,1111,PEL,8,11110024,2011-04-11 09:15,75,V,60.19895,-6.50373,60.18572,-6.34657,49E3,260,,1216,9260,38,,,,R,800,,,5.5,740,,,,,,,,,,4,,225,11,,,,
Catch,Header,CruiseLocalID,HaulGear,HaulNumber,CatchDataType,CatchSpeciesCode,CatchSpeciesValidity,CatchSpeciesCategory,CatchSpeciesCategoryNumber,CatchWeightUnit,CatchSpeciesCategoryWeight,CatchSpeciesSex,CatchSubsampledNumber,CatchSubsamplingFactor,CatchSubsampleWeight,CatchLengthCode,CatchLengthClass,CatchLengthType,CatchNumberAtLength,CatchWeightAtLength
Catch,Record,1111,PEL,1,R,126439,1,1,,gr,1218038,,331,23.7861,51208,,,,,
Catch,Record,1111,PEL,1,R,126484,1,1,,gr,2500,,1,1,2500,,,,,
Catch,Record,1111,PEL,1,R,126527,1,1,,gr,1110,,1,1,1110,,,,,
Catch,Record,1111,PEL,2,R,126439,1,1,,gr,144,,1,1,144,,,,,
Catch,Record,1111,PEL,2,R,126527,1,1,,gr,43630,,25,1,43630,,,,,
Catch,Record,1111,PEL,2,R,126580,1,1,,gr,50,,29,1,50,,,,,
Catch,Record,1111,PEL,2,R,127023,1,1,,gr,1035,,3,1,1035,,,,,
Catch,Record,1111,PEL,2,R,127312,1,1,,gr,29,,17,1,29,,,,,
Catch,Record,1111,PEL,2,R,272728,1,1,,gr,475,,46,1,475,,,,,
Catch,Record,1111,PEL,3,R,126527,1,1,,gr,3140,,2,1,3140,,,,,
Catch,Record,1111,PEL,3,R,127023,1,1,,gr,5003,,15,1,5003,,,,,
Catch,Record,1111,PEL,3,R,127312,1,1,,gr,101,,50,1,101,,,,,
Catch,Record,1111,PEL,5,R,126439,1,1,,gr,250480,,306,5.1112,49006,,,,,
Catch,Record,1111,PEL,5,R,127023,1,1,,gr,267,,1,1,267,,,,,
Catch,Record,1111,PEL,5,R,140624,1,1,,gr,2978,,1,13.9159,214,,,,,
Catch,Record,1111,PEL,5,R,150637,1,1,,gr,3660,,1,13.9163,263,,,,,
Catch,Record,1111,PEL,5,R,272728,1,1,,gr,1364,,13,13.9184,98,,,,,
Catch,Record,1111,PEL,6,R,126527,1,1,,gr,21700,,27,1,21700,,,,,
Catch,Record,1111,PEL,6,R,127023,1,1,,gr,2362,,8,1,2362,,,,,
Catch,Record,1111,PEL,7,R,126439,1,1,,gr,119996,,388,4.6064,26050,,,,,
Catch,Record,1111,PEL,7,R,127023,1,1,,gr,59887,,211,1,59887,,,,,
Catch,Record,1111,PEL,7,R,127300,1,1,,gr,17,,1,1,17,,,,,
Catch,Record,1111,PEL,7,R,272728,1,1,,gr,1964,,11,8.8072,223,,,,,
Catch,Record,1111,PEL,8,R,127023,1,1,,gr,18228,,73,1,18228,,,,,
Biology,Header,CruiseLocalID,HaulGear,HaulNumber,CatchSpeciesCode,CatchSpeciesCategory,BiologyStockCode,BiologyFishID,BiologyLengthCode,BiologyLengthClass,BiologyWeightUnit,BiologyIndividualWeight,BiologyIndividualSex,BiologyIndividualMaturity,BiologyMaturityScale,BiologyIndividualAge,BiologyIndividualGrowthRings,BiologyAgePlusGroup,BiologyAgeSource,BiologyGeneticSamplingFlag,BiologyStomachSamplingFlag,BiologyParasiteSamplingFlag,BiologyIndividualVertebraeCount
Biology,Record,1111,PEL,1,126439,1,,5191,mm,241,gr,67,,,,,,,,,,,
Biology,Record,1111,PEL,1,126439,1,,5189,mm,253,gr,84,,,,,,,,,,,
Biology,Record,1111,PEL,1,126439,1,,5186,mm,256,gr,81,,,,,,,,,,,
Biology,Record,1111,PEL,1,126439,1,,5200,mm,257,gr,91,,,,,,,,,,,
Biology,Record,1111,PEL,1,126439,1,,5156,mm,259,gr,98,,,,,,,,,,,
Biology,Record,1111,PEL,1,126439,1,,5075,mm,264,gr,92,F,B,SMSF,3,,,Otolith,,,,
Biology,Record,1111,PEL,1,126439,1,,5060,mm,267,gr,119,M,D,SMSF,3,,,Otolith,,,,
Biology,Record,1111,PEL,1,126439,1,,5092,mm,269,gr,100,F,D,SMSF,3,,,Otolith,,,,
Biology,Record,1111,PEL,1,126439,1,,5095,mm,270,gr,93,M,D,SMSF,3,,,Otolith,,,,
Biology,Record,1111,PEL,1,126439,1,,5166,mm,271,gr,104,,,,,,,,,,,
Biology,Record,1111,PEL,1,126439,1,,5152,mm,272,gr,104,,,,,,,,,,,
Biology,Record,1111,PEL,1,126439,1,,5190,mm,274,gr,122,,,,,,,,,,,
Biology,Record,1111,PEL,1,126439,1,,5233,mm,274,gr,113,,,,,,,,,,,
Biology,Record,1111,PEL,1,126439,1,,5165,mm,274,gr,110,,,,,,,,,,,
Biology,Record,1111,PEL,1,126439,1,,5243,mm,275,gr,113,,,,,,,,,,,
Biology,Record,1111,PEL,1,126439,1,,5064,mm,276,gr,119,M,D,SMSF,3,,,Otolith,,,,
Biology,Record,1111,PEL,1,126439,1,,5086,mm,278,gr,125,M,D,SMSF,4,,,Otolith,,,,
Biology,Record,1111,PEL,1,126439,1,,5230,mm,279,gr,119,,,,,,,,,,,
Biology,Record,1111,PEL,1,126439,1,,5073,mm,280,gr,111,M,D,SMSF,3,,,Otolith,,,,
Biology,Record,1111,PEL,1,126439,1,,5196,mm,282,gr,115,,,,,,,,,,,
Biology,Record,1111,PEL,1,126439,1,,5099,mm,283,gr,133,M,D,SMSF,5,,,Otolith,,,,
Biology,Record,1111,PEL,1,126439,1,,5180,mm,284,gr,126,,,,,,,,,,,
Biology,Record,1111,PEL,1,126439,1,,5097,mm,285,gr,125,M,D,SMSF,6,,,Otolith,,,,
Biology,Record,1111,PEL,1,126439,1,,5192,mm,285,gr,116,,,,,,,,,,,
Biology,Record,1111,PEL,1,126439,1,,5039,mm,286,gr,121,M,D,SMSF,4,,,Otolith,,,,
Biology,Record,1111,PEL,1,126439,1,,5122,mm,287,gr,125,M,D,SMSF,6,,,Otolith,,,,
Biology,Record,1111,PEL,1,126439,1,,5238,mm,287,gr,135,,,,,,,,,,,
Biology,Record,1111,PEL,1,126439,1,,5144,mm,287,gr,126,,,,,,,,,,,
Biology,Record,1111,PEL,1,126439,1,,5187,mm,288,gr,139,,,,,,,,,,,
Biology,Record,1111,PEL,1,126439,1,,5240,mm,289,gr,133,,,,,,,,,,,
Biology,Record,1111,PEL,1,126439,1,,5150,mm,290,gr,132,,,,,,,,,,,
Biology,Record,1111,PEL,1,126439,1,,5129,mm,291,gr,130,M,D,SMSF,7,,,Otolith,,,,
Biology,Record,1111,PEL,1,126439,1,,5069,mm,292,gr,139,M,D,SMSF,7,,,Otolith,,,,
Biology,Record,1111,PEL,1,126439,1,,5100,mm,292,gr,133,F,D,SMSF,4,,,Otolith,,,,
Biology,Record,1111,PEL,1,126439,1,,5174,mm,293,gr,143,,,,,,,,,,,
Biology,Record,1111,PEL,1,126439,1,,5085,mm,294,gr,118,F,D,SMSF,3,,,Otolith,,,,
Biology,Record,1111,PEL,1,126439,1,,5046,mm,294,gr,135,F,D,SMSF,6,,,Otolith,,,,
Biology,Record,1111,PEL,1,126439,1,,5041,mm,294,gr,138,M,D,SMSF,4,,,Otolith,,,,
Biology,Record,1111,PEL,1,126439,1,,5131,mm,294,gr,121,M,D,SMSF,4,,,Otolith,,,,
Biology,Record,1111,PEL,1,126439,1,,5047,mm,294,gr,124,M,D,SMSF,7,,,Otolith,,,,
Biology,Record,1111,PEL,1,126439,1,,5206,mm,295,gr,139,,,,,,,,,,,
Biology,Record,1111,PEL,1,126439,1,,5052,mm,295,gr,124,M,D,SMSF,5,,,Otolith,,,,
Biology,Record,1111,PEL,1,126439,1,,5050,mm,295,gr,153,M,D,SMSF,7,,,Otolith,,,,
Biology,Record,1111,PEL,1,126439,1,,5176,mm,295,gr,149,,,,,,,,,,,
Biology,Record,1111,PEL,1,126439,1,,5160,mm,295,gr,141,,,,,,,,,,,
Biology,Record,1111,PEL,1,126439,1,,5154,mm,296,gr,135,,,,,,,,,,,
Biology,Record,1111,PEL,1,126439,1,,5123,mm,296,gr,131,M,D,SMSF,6,,,Otolith,,,,
Biology,Record,1111,PEL,1,126439,1,,5148,mm,296,gr,149,,,,,,,,,,,
Biology,Record,1111,PEL,1,126439,1,,5172,mm,296,gr,158,,,,,,,,,,,
Biology,Record,1111,PEL,1,126439,1,,5159,mm,297,gr,135,,,,,,,,,,,
Biology,Record,1111,PEL,1,126439,1,,5155,mm,297,gr,143,,,,,,,,,,,
Biology,Record,1111,PEL,1,126439,1,,5161,mm,298,gr,154,,,,,,,,,,,
Biology,Record,1111,PEL,1,126439,1,,5087,mm,298,gr,129,F,D,SMSF,4,,,Otolith,,,,
Biology,Record,1111,PEL,1,126439,1,,5177,mm,298,gr,139,,,,,,,,,,,
Biology,Record,1111,PEL,1,126439,1,,5221,mm,298,gr,137,,,,,,,,,,,
Biology,Record,1111,PEL,1,126439,1,,5228,mm,298,gr,156,,,,,,,,,,,
Biology,Record,1111,PEL,1,126439,1,,5141,mm,299,gr,148,,,,,,,,,,,
Biology,Record,1111,PEL,1,126439,1,,5066,mm,299,gr,156,M,D,SMSF,5,,,Otolith,,,,
Biology,Record,1111,PEL,1,126439,1,,5054,mm,299,gr,149,M,D,SMSF,6,,,Otolith,,,,
Biology,Record,1111,PEL,1,126439,1,,5068,mm,299,gr,136,M,D,SMSF,7,,,Otolith,,,,
Biology,Record,1111,PEL,1,126439,1,,5132,mm,300,gr,153,M,D,SMSF,8,,,Otolith,,,,
Biology,Record,1111,PEL,1,126439,1,,5143,mm,300,gr,150,,,,,,,,,,,
Biology,Record,1111,PEL,1,126439,1,,5147,mm,300,gr,148,,,,,,,,,,,
Biology,Record,1111,PEL,1,126439,1,,5178,mm,300,gr,150,,,,,,,,,,,
Biology,Record,1111,PEL,1,126439,1,,5105,mm,301,gr,133,F,D,SMSF,4,,,Otolith,,,,
Biology,Record,1111,PEL,1,126439,1,,5242,mm,301,gr,145,,,,,,,,,,,
Biology,Record,1111,PEL,1,126439,1,,5080,mm,302,gr,158,M,D,SMSF,5,,,Otolith,,,,
Biology,Record,1111,PEL,1,126439,1,,5104,mm,302,gr,154,M,D,SMSF,4,,,Otolith,,,,
Biology,Record,1111,PEL,1,126439,1,,5061,mm,303,gr,150,M,D,SMSF,6,,,Otolith,,,,
Biology,Record,1111,PEL,1,126439,1,,5118,mm,303,gr,135,M,D,SMSF,7,,,Otolith,,,,
Biology,Record,1111,PEL,1,126439,1,,5070,mm,303,gr,152,M,D,SMSF,6,,,Otolith,,,,
Biology,Record,1111,PEL,1,126439,1,,5232,mm,303,gr,152,,,,,,,,,,,
Biology,Record,1111,PEL,1,126439,1,,5093,mm,303,gr,128,M,D,SMSF,6,,,Otolith,,,,
Biology,Record,1111,PEL,1,126439,1,,5082,mm,304,gr,150,M,D,SMSF,6,,,Otolith,,,,
Biology,Record,1111,PEL,1,126439,1,,5058,mm,304,gr,143,F,D,SMSF,4,,,Otolith,,,,
Biology,Record,1111,PEL,1,126439,1,,5222,mm,304,gr,147,,,,,,,,,,,
Biology,Record,1111,PEL,1,126439,1,,5040,mm,304,gr,146,M,D,SMSF,4,,,Otolith,,,,
Biology,Record,1111,PEL,1,126439,1,,5098,mm,304,gr,169,M,D,SMSF,6,,,Otolith,,,,
Biology,Record,1111,PEL,1,126439,1,,5163,mm,304,gr,159,,,,,,,,,,,
Biology,Record,1111,PEL,1,126439,1,,5109,mm,305,gr,157,M,D,SMSF,8,,,Otolith,,,,
Biology,Record,1111,PEL,1,126439,1,,5071,mm,305,gr,159,M,D,SMSF,8,,,Otolith,,,,
Biology,Record,1111,PEL,1,126439,1,,5091,mm,305,gr,137,M,D,SMSF,5,,,Otolith,,,,
Biology,Record,1111,PEL,1,126439,1,,5182,mm,305,gr,150,,,,,,,,,,,
Biology,Record,1111,PEL,1,126439,1,,5130,mm,305,gr,146,M,D,SMSF,7,,,Otolith,,,,
Biology,Record,1111,PEL,1,126439,1,,5107,mm,305,gr,149,M,D,SMSF,7,,,Otolith,,,,
Biology,Record,1111,PEL,1,126439,1,,5215,mm,305,gr,155,,,,,,,,,,,
Biology,Record,1111,PEL,1,126439,1,,5208,mm,305,gr,146,,,,,,,,,,,
Biology,Record,1111,PEL,1,126439,1,,5164,mm,306,gr,154,,,,,,,,,,,
Biology,Record,1111,PEL,1,126439,1,,5103,mm,306,gr,146,M,D,SMSF,6,,,Otolith,,,,
Biology,Record,1111,PEL,1,126439,1,,5195,mm,307,gr,165,,,,,,,,,,,
Biology,Record,1111,PEL,1,126439,1,,5185,mm,307,gr,172,,,,,,,,,,,
Biology,Record,1111,PEL,1,126439,1,,5235,mm,307,gr,180,,,,,,,,,,,
Biology,Record,1111,PEL,1,126439,1,,5162,mm,307,gr,152,,,,,,,,,,,
Biology,Record,1111,PEL,1,126439,1,,5227,mm,307,gr,162,,,,,,,,,,,
Biology,Record,1111,PEL,1,126439,1,,5117,mm,307,gr,147,M,D,SMSF,7,,,Otolith,,,,
Biology,Record,1111,PEL,1,126439,1,,5175,mm,307,gr,151,,,,,,,,,,,
Biology,Record,1111,PEL,1,126439,1,,5128,mm,308,gr,155,M,D,SMSF,6,,,Otolith,,,,
Biology,Record,1111,PEL,1,126439,1,,5042,mm,308,gr,163,M,D,SMSF,4,,,Otolith,,,,
Biology,Record,1111,PEL,1,126439,1,,5199,mm,308,gr,145,,,,,,,,,,,
Biology,Record,1111,PEL,1,126439,1,,5231,mm,309,gr,172,,,,,,,,,,,
Biology,Record,1111,PEL,1,126439,1,,5089,mm,310,gr,141,F,D,SMSF,5,,,Otolith,,,,
Biology,Record,1111,PEL,1,126439,1,,5083,mm,310,gr,167,M,D,SMSF,8,,,Otolith,,,,
Biology,Record,1111,PEL,1,126439,1,,5226,mm,310,gr,131,,,,,,,,,,,
Biology,Record,1111,PEL,1,126439,1,,5121,mm,310,gr,145,M,D,SMSF,8,,,Otolith,,,,
Biology,Record,1111,PEL,1,126439,1,,5213,mm,311,gr,145,,,,,,,,,,,
Biology,Record,1111,PEL,1,126439,1,,5088,mm,311,gr,192,M,D,SMSF,7,,,Otolith,,,,
Biology,Record,1111,PEL,1,126439,1,,5139,mm,311,gr,165,,,,,,,,,,,
Biology,Record,1111,PEL,1,126439,1,,5081,mm,311,gr,141,F,D,SMSF,6,,,Otolith,,,,
Biology,Record,1111,PEL,1,126439,1,,5236,mm,311,gr,154,,,,,,,,,,,
Biology,Record,1111,PEL,1,126439,1,,5084,mm,311,gr,154,F,D,SMSF,7,,,Otolith,,,,
Biology,Record,1111,PEL,1,126439,1,,5090,mm,311,gr,156,F,D,SMSF,7,,,Otolith,,,,
Biology,Record,1111,PEL,1,126439,1,,5142,mm,311,gr,185,,,,,,,,,,,
Biology,Record,1111,PEL,1,126439,1,,5111,mm,311,gr,144,M,D,SMSF,6,,,Otolith,,,,
Biology,Record,1111,PEL,1,126439,1,,5168,mm,311,gr,150,,,,,,,,,,,
Biology,Record,1111,PEL,1,126439,1,,5034,mm,312,gr,164,M,D,SMSF,5,,,Otolith,,,,
Biology,Record,1111,PEL,1,126439,1,,5106,mm,312,gr,177,M,D,SMSF,5,,,Otolith,,,,
Biology,Record,1111,PEL,1,126439,1,,5241,mm,312,gr,169,,,,,,,,,,,
Biology,Record,1111,PEL,1,126439,1,,5126,mm,312,gr,136,F,D,SMSF,7,,,Otolith,,,,
Biology,Record,1111,PEL,1,126439,1,,5096,mm,313,gr,162,M,D,SMSF,6,,,Otolith,,,,
Biology,Record,1111,PEL,1,126439,1,,5101,mm,313,gr,163,M,D,SMSF,7,,,Otolith,,,,
Biology,Record,1111,PEL,1,126439,1,,5072,mm,313,gr,158,F,D,SMSF,7,,,Otolith,,,,
Biology,Record,1111,PEL,1,126439,1,,5205,mm,314,gr,146,,,,,,,,,,,
Biology,Record,1111,PEL,1,126439,1,,5170,mm,314,gr,151,,,,,,,,,,,
Biology,Record,1111,PEL,1,126439,1,,5209,mm,314,gr,146,,,,,,,,,,,
Biology,Record,1111,PEL,1,126439,1,,5216,mm,314,gr,160,,,,,,,,,,,
Biology,Record,1111,PEL,1,126439,1,,5184,mm,314,gr,152,,,,,,,,,,,
Biology,Record,1111,PEL,1,126439,1,,5119,mm,314,gr,163,F,D,SMSF,7,,,Otolith,,,,
Biology,Record,1111,PEL,1,126439,1,,5110,mm,314,gr,170,F,D,SMSF,8,,,Otolith,,,,
Biology,Record,1111,PEL,1,126439,1,,5115,mm,314,gr,158,M,D,SMSF,7,,,Otolith,,,,
Biology,Record,1111,PEL,1,126439,1,,5237,mm,314,gr,169,,,,,,,,,,,
Biology,Record,1111,PEL,1,126439,1,,5179,mm,315,gr,171,,,,,,,,,,,
Biology,Record,1111,PEL,1,126439,1,,5140,mm,315,gr,160,,,,,,,,,,,
Biology,Record,1111,PEL,1,126439,1,,5225,mm,315,gr,144,,,,,,,,,,,
Biology,Record,1111,PEL,1,126439,1,,5108,mm,316,gr,159,F,D,SMSF,7,,,Otolith,,,,
Biology,Record,1111,PEL,1,126439,1,,5234,mm,316,gr,163,,,,,,,,,,,
Biology,Record,1111,PEL,1,126439,1,,5125,mm,316,gr,149,F,D,SMSF,6,,,Otolith,,,,
Biology,Record,1111,PEL,1,126439,1,,5167,mm,316,gr,181,,,,,,,,,,,
Biology,Record,1111,PEL,1,126439,1,,5203,mm,317,gr,166,,,,,,,,,,,
Biology,Record,1111,PEL,1,126439,1,,5077,mm,317,gr,135,F,D,SMSF,5,,,Otolith,,,,
Biology,Record,1111,PEL,1,126439,1,,5201,mm,317,gr,154,,,,,,,,,,,
Biology,Record,1111,PEL,1,126439,1,,5220,mm,317,gr,187,,,,,,,,,,,
Biology,Record,1111,PEL,1,126439,1,,5074,mm,317,gr,161,F,D,SMSF,7,,,Otolith,,,,
Biology,Record,1111,PEL,1,126439,1,,5181,mm,317,gr,160,,,,,,,,,,,
Biology,Record,1111,PEL,1,126439,1,,5035,mm,318,gr,169,M,D,SMSF,6,,,Otolith,,,,
Biology,Record,1111,PEL,1,126439,1,,5188,mm,318,gr,175,,,,,,,,,,,
Biology,Record,1111,PEL,1,126439,1,,5212,mm,318,gr,161,,,,,,,,,,,
Biology,Record,1111,PEL,1,126439,1,,5038,mm,319,gr,168,M,D,SMSF,5,,,Otolith,,,,
Biology,Record,1111,PEL,1,126439,1,,5207,mm,320,gr,184,,,,,,,,,,,
Biology,Record,1111,PEL,1,126439,1,,5149,mm,320,gr,178,,,,,,,,,,,
Biology,Record,1111,PEL,1,126439,1,,5078,mm,320,gr,168,F,D,SMSF,6,,,Otolith,,,,
Biology,Record,1111,PEL,1,126439,1,,5049,mm,320,gr,172,M,D,SMSF,6,,,Otolith,,,,
Biology,Record,1111,PEL,1,126439,1,,5204,mm,321,gr,162,,,,,,,,,,,
Biology,Record,1111,PEL,1,126439,1,,5114,mm,321,gr,157,F,D,SMSF,7,,,Otolith,,,,
Biology,Record,1111,PEL,1,126439,1,,5045,mm,321,gr,178,F,D,SMSF,6,,,Otolith,,,,
Biology,Record,1111,PEL,1,126439,1,,5048,mm,321,gr,169,F,D,SMSF,6,,,Otolith,,,,
Biology,Record,1111,PEL,1,126439,1,,5194,mm,322,gr,164,,,,,,,,,,,
Biology,Record,1111,PEL,1,126439,1,,5065,mm,322,gr,156,F,D,SMSF,6,,,Otolith,,,,
Biology,Record,1111,PEL,1,126439,1,,5198,mm,322,gr,180,,,,,,,,,,,
Biology,Record,1111,PEL,1,126439,1,,5127,mm,322,gr,165,F,D,SMSF,7,,,Otolith,,,,
Biology,Record,1111,PEL,1,126439,1,,5211,mm,323,gr,163,,,,,,,,,,,
Biology,Record,1111,PEL,1,126439,1,,5151,mm,323,gr,181,,,,,,,,,,,
Biology,Record,1111,PEL,1,126439,1,,5037,mm,324,gr,159,F,D,SMSF,5,,,Otolith,,,,
Biology,Record,1111,PEL,1,126439,1,,5044,mm,324,gr,163,M,D,SMSF,6,,,Otolith,,,,
Biology,Record,1111,PEL,1,126439,1,,5055,mm,325,gr,175,F,D,SMSF,5,,,Otolith,,,,
Biology,Record,1111,PEL,1,126439,1,,5057,mm,326,gr,182,M,D,SMSF,5,,,Otolith,,,,
Biology,Record,1111,PEL,1,126439,1,,5043,mm,326,gr,179,F,D,SMSF,5,,,Otolith,,,,
Biology,Record,1111,PEL,1,126439,1,,5133,mm,326,gr,179,F,D,SMSF,8,,,Otolith,,,,
Biology,Record,1111,PEL,1,126439,1,,5067,mm,326,gr,181,F,D,SMSF,6,,,Otolith,,,,
Biology,Record,1111,PEL,1,126439,1,,5210,mm,327,gr,184,,,,,,,,,,,
Biology,Record,1111,PEL,1,126439,1,,5219,mm,327,gr,181,,,,,,,,,,,
Biology,Record,1111,PEL,1,126439,1,,5113,mm,327,gr,191,F,D,SMSF,8,,,Otolith,,,,
Biology,Record,1111,PEL,1,126439,1,,5171,mm,327,gr,183,,,,,,,,,,,
Biology,Record,1111,PEL,1,126439,1,,5059,mm,328,gr,180,F,D,SMSF,7,,,Otolith,,,,
Biology,Record,1111,PEL,1,126439,1,,5193,mm,328,gr,170,,,,,,,,,,,
Biology,Record,1111,PEL,1,126439,1,,5224,mm,328,gr,172,,,,,,,,,,,
Biology,Record,1111,PEL,1,126439,1,,5239,mm,328,gr,202,,,,,,,,,,,
Biology,Record,1111,PEL,1,126439,1,,5102,mm,328,gr,190,M,D,SMSF,8,,,Otolith,,,,
Biology,Record,1111,PEL,1,126439,1,,5158,mm,329,gr,194,,,,,,,,,,,
Biology,Record,1111,PEL,1,126439,1,,5202,mm,330,gr,174,,,,,,,,,,,
Biology,Record,1111,PEL,1,126439,1,,5056,mm,330,gr,176,F,D,SMSF,6,,,Otolith,,,,
Biology,Record,1111,PEL,1,126439,1,,5157,mm,330,gr,177,,,,,,,,,,,
Biology,Record,1111,PEL,1,126439,1,,5116,mm,331,gr,204,F,D,SMSF,7,,,Otolith,,,,
Biology,Record,1111,PEL,1,126439,1,,5094,mm,331,gr,170,F,D,SMSF,8,,,Otolith,,,,
Biology,Record,1111,PEL,1,126439,1,,5223,mm,332,gr,178,,,,,,,,,,,
Biology,Record,1111,PEL,1,126439,1,,5120,mm,332,gr,182,F,D,SMSF,8,,,Otolith,,,,
Biology,Record,1111,PEL,1,126439,1,,5079,mm,332,gr,191,F,D,SMSF,7,,,Otolith,,,,
Biology,Record,1111,PEL,1,126439,1,,5036,mm,332,gr,182,F,D,SMSF,5,,,Otolith,,,,
Biology,Record,1111,PEL,1,126439,1,,5173,mm,332,gr,174,,,,,,,,,,,
Biology,Record,1111,PEL,1,126439,1,,5214,mm,332,gr,172,,,,,,,,,,,
Biology,Record,1111,PEL,1,126439,1,,5183,mm,332,gr,184,,,,,,,,,,,
Biology,Record,1111,PEL,1,126439,1,,5153,mm,333,gr,205,,,,,,,,,,,
Biology,Record,1111,PEL,1,126439,1,,5229,mm,333,gr,172,,,,,,,,,,,
Biology,Record,1111,PEL,1,126439,1,,5197,mm,333,gr,177,,,,,,,,,,,
Biology,Record,1111,PEL,1,126439,1,,5138,mm,334,gr,178,,,,,,,,,,,
Biology,Record,1111,PEL,1,126439,1,,5076,mm,335,gr,177,F,D,SMSF,6,,,Otolith,,,,
Biology,Record,1111,PEL,1,126439,1,,5112,mm,335,gr,201,F,D,SMSF,8,,,Otolith,,,,
Biology,Record,1111,PEL,1,126439,1,,5063,mm,336,gr,188,F,D,SMSF,7,,,Otolith,,,,
Biology,Record,1111,PEL,1,126439,1,,5053,mm,338,gr,226,M,D,SMSF,8,,,Otolith,,,,
Biology,Record,1111,PEL,1,126439,1,,5124,mm,338,gr,197,F,D,SMSF,6,,,Otolith,,,,
Biology,Record,1111,PEL,1,126439,1,,5146,mm,339,gr,185,,,,,,,,,,,
Biology,Record,1111,PEL,1,126439,1,,5051,mm,341,gr,193,F,D,SMSF,6,,,Otolith,,,,
Biology,Record,1111,PEL,1,126439,1,,5218,mm,345,gr,222,,,,,,,,,,,
Biology,Record,1111,PEL,1,126439,1,,5145,mm,346,gr,221,,,,,,,,,,,
Biology,Record,1111,PEL,1,126439,1,,5169,mm,347,gr,194,,,,,,,,,,,
Biology,Record,1111,PEL,1,126439,1,,5062,mm,353,gr,203,F,D,SMSF,7,,,Otolith,,,,
Biology,Record,1111,PEL,1,126439,1,,5217,mm,390,gr,268,,,,,,,,,,,
Biology,Record,1111,PEL,1,126484,1,,5030,mm,681,gr,2500,,,,,,,,,,,
Biology,Record,1111,PEL,1,126527,1,,5032,mm,993,gr,1110,,,,,,,,,,,
Biology,Record,1111,PEL,2,126439,1,,5041,mm,293,gr,144,,,,,,,,,,,
Biology,Record,1111,PEL,2,126527,1,,5034,mm,1119,gr,1630,,,,,,,,,,,
Biology,Record,1111,PEL,2,126527,1,,5036,mm,1400,gr,4885,,,,,,,,,,,
Biology,Record,1111,PEL,2,126527,1,,5035,mm,1401,gr,4120,,,,,,,,,,,
Biology,Record,1111,PEL,2,126527,1,,5032,mm,833,gr,635,,,,,,,,,,,
Biology,Record,1111,PEL,2,126527,1,,5033,mm,968,gr,1010,,,,,,,,,,,
Biology,Record,1111,PEL,2,126580,1,,5068,mm,37,gr,,,,,,,,,,,,
Biology,Record,1111,PEL,2,126580,1,,5067,mm,38,gr,,,,,,,,,,,,
Biology,Record,1111,PEL,2,126580,1,,5063,mm,39,gr,,,,,,,,,,,,
Biology,Record,1111,PEL,2,126580,1,,5069,mm,45,gr,,,,,,,,,,,,
Biology,Record,1111,PEL,2,126580,1,,5062,mm,47,gr,,,,,,,,,,,,
Biology,Record,1111,PEL,2,126580,1,,5065,mm,52,gr,,,,,,,,,,,,
Biology,Record,1111,PEL,2,126580,1,,5061,mm,54,gr,,,,,,,,,,,,
Biology,Record,1111,PEL,2,126580,1,,5060,mm,54,gr,,,,,,,,,,,,
Biology,Record,1111,PEL,2,126580,1,,5059,mm,57,gr,,,,,,,,,,,,
Biology,Record,1111,PEL,2,126580,1,,5058,mm,58,gr,,,,,,,,,,,,
Biology,Record,1111,PEL,2,126580,1,,5064,mm,60,gr,,,,,,,,,,,,
Biology,Record,1111,PEL,2,126580,1,,5066,mm,64,gr,,,,,,,,,,,,
Biology,Record,1111,PEL,2,126580,1,,5057,mm,66,gr,,,,,,,,,,,,
Biology,Record,1111,PEL,2,127023,1,,5087,mm,355,gr,302,M,Bb,SMSF,,,,,,,,
Biology,Record,1111,PEL,2,127023,1,,5088,mm,362,gr,329,F,Bb,SMSF,,,,,,,,
Biology,Record,1111,PEL,2,127023,1,,5086,mm,373,gr,404,M,Bb,SMSF,,,,,,,,
Biology,Record,1111,PEL,2,127312,1,,5073,mm,53,gr,,,,,,,,,,,,
Biology,Record,1111,PEL,2,127312,1,,5078,mm,56,gr,,,,,,,,,,,,
Biology,Record,1111,PEL,2,127312,1,,5075,mm,57,gr,,,,,,,,,,,,
Biology,Record,1111,PEL,2,127312,1,,5071,mm,58,gr,,,,,,,,,,,,
Biology,Record,1111,PEL,2,127312,1,,5074,mm,58,gr,,,,,,,,,,,,
Biology,Record,1111,PEL,2,127312,1,,5077,mm,61,gr,,,,,,,,,,,,
Biology,Record,1111,PEL,2,127312,1,,5072,mm,62,gr,,,,,,,,,,,,
Biology,Record,1111,PEL,2,127312,1,,5076,mm,63,gr,,,,,,,,,,,,
Biology,Record,1111,PEL,2,272728,1,,5052,mm,103,gr,9,,,,,,,,,,,
Biology,Record,1111,PEL,2,272728,1,,5051,mm,103,gr,8,,,,,,,,,,,
Biology,Record,1111,PEL,2,272728,1,,5050,mm,105,gr,10,,,,,,,,,,,
Biology,Record,1111,PEL,2,272728,1,,5049,mm,122,gr,16,,,,,,,,,,,
Biology,Record,1111,PEL,2,272728,1,,5047,mm,125,gr,17,,,,,,,,,,,
Biology,Record,1111,PEL,2,272728,1,,5046,mm,125,gr,20,,,,,,,,,,,
Biology,Record,1111,PEL,2,272728,1,,5048,mm,139,gr,24,,,,,,,,,,,
Biology,Record,1111,PEL,2,272728,1,,5044,mm,141,gr,25,,,,,,,,,,,
Biology,Record,1111,PEL,2,272728,1,,5045,mm,142,gr,23,,,,,,,,,,,
Biology,Record,1111,PEL,2,272728,1,,5053,mm,98,gr,7,,,,,,,,,,,
Biology,Record,1111,PEL,3,126527,1,,5031,mm,1102,gr,1035,,,,,,,,,,,
Biology,Record,1111,PEL,3,126527,1,,5030,mm,1204,gr,2105,,,,,,,,,,,
Biology,Record,1111,PEL,3,127023,1,,5052,mm,342,gr,288,F,Bb,SMSF,5,,,Otolith,,,,
Biology,Record,1111,PEL,3,127023,1,,5045,mm,344,gr,299,F,Bb,SMSF,5,,,Otolith,,,,
Biology,Record,1111,PEL,3,127023,1,,5057,mm,345,gr,274,M,Bb,SMSF,6,,,Otolith,,,,
Biology,Record,1111,PEL,3,127023,1,,5055,mm,355,gr,324,F,Bb,SMSF,,,,,,,,
Biology,Record,1111,PEL,3,127023,1,,5046,mm,355,gr,312,F,Bb,SMSF,5,,,Otolith,,,,
Biology,Record,1111,PEL,3,127023,1,,5051,mm,355,gr,338,F,Bb,SMSF,5,,,Otolith,,,,
Biology,Record,1111,PEL,3,127023,1,,5047,mm,355,gr,287,M,Bb,SMSF,4,,,Otolith,,,,
Biology,Record,1111,PEL,3,127023,1,,5056,mm,358,gr,336,M,Bb,SMSF,5,,,Otolith,,,,
Biology,Record,1111,PEL,3,127023,1,,5048,mm,359,gr,300,F,Bb,SMSF,6,,,Otolith,,,,
Biology,Record,1111,PEL,3,127023,1,,5054,mm,361,gr,320,M,A,SMSF,6,,,Otolith,,,,
Biology,Record,1111,PEL,3,127023,1,,5050,mm,362,gr,344,F,Bb,SMSF,7,,,Otolith,,,,
Biology,Record,1111,PEL,3,127023,1,,5044,mm,362,gr,314,M,Bb,SMSF,7,,,Otolith,,,,
Biology,Record,1111,PEL,3,127023,1,,5053,mm,381,gr,401,M,Bb,SMSF,9,,,Otolith,,,,
Biology,Record,1111,PEL,3,127023,1,,5049,mm,385,gr,414,F,Bb,SMSF,9,,,Otolith,,,,
Biology,Record,1111,PEL,3,127023,1,,5058,mm,407,gr,452,M,Bb,SMSF,12,,,Otolith,,,,
Biology,Record,1111,PEL,3,127312,1,,5038,mm,51,gr,,,,,,,,,,,,
Biology,Record,1111,PEL,3,127312,1,,5037,mm,53,gr,,,,,,,,,,,,
Biology,Record,1111,PEL,3,127312,1,,5033,mm,54,gr,,,,,,,,,,,,
Biology,Record,1111,PEL,3,127312,1,,5035,mm,56,gr,,,,,,,,,,,,
Biology,Record,1111,PEL,3,127312,1,,5036,mm,60,gr,,,,,,,,,,,,
Biology,Record,1111,PEL,3,127312,1,,5040,mm,64,gr,,,,,,,,,,,,
Biology,Record,1111,PEL,3,127312,1,,5034,mm,64,gr,,,,,,,,,,,,
Biology,Record,1111,PEL,3,127312,1,,5039,mm,68,gr,,,,,,,,,,,,
Biology,Record,1111,PEL,5,126439,1,,5191,mm,169,gr,29,,,,,,,,,,,
Biology,Record,1111,PEL,5,126439,1,,5129,mm,169,gr,30,,,,,,,,,,,
Biology,Record,1111,PEL,5,126439,1,,5190,mm,192,gr,44,,,,,,,,,,,
Biology,Record,1111,PEL,5,126439,1,,5139,mm,197,gr,46,,,,,,,,,,,
Biology,Record,1111,PEL,5,126439,1,,5091,mm,202,gr,47,F,A,SMSF,2,,,Otolith,,,,
Biology,Record,1111,PEL,5,126439,1,,5195,mm,243,gr,79,,,,,,,,,,,
Biology,Record,1111,PEL,5,126439,1,,5089,mm,251,gr,84,F,D,SMSF,4,,,Otolith,,,,
Biology,Record,1111,PEL,5,126439,1,,5097,mm,278,gr,103,M,D,SMSF,3,,,Otolith,,,,
Biology,Record,1111,PEL,5,126439,1,,5092,mm,279,gr,115,M,D,SMSF,3,,,Otolith,,,,
Biology,Record,1111,PEL,5,126439,1,,5223,mm,283,gr,133,,,,,,,,,,,
Biology,Record,1111,PEL,5,126439,1,,5126,mm,284,gr,124,M,D,SMSF,4,,,Otolith,,,,
Biology,Record,1111,PEL,5,126439,1,,5219,mm,286,gr,129,,,,,,,,,,,
Biology,Record,1111,PEL,5,126439,1,,5053,mm,287,gr,172,M,D,SMSF,4,,,Otolith,,,,
Biology,Record,1111,PEL,5,126439,1,,5179,mm,288,gr,145,,,,,,,,,,,
Biology,Record,1111,PEL,5,126439,1,,5098,mm,289,gr,144,M,D,SMSF,8,,,Otolith,,,,
Biology,Record,1111,PEL,5,126439,1,,5112,mm,289,gr,127,M,D,SMSF,4,,,Otolith,,,,
Biology,Record,1111,PEL,5,126439,1,,5087,mm,290,gr,134,M,D,SMSF,7,,,Otolith,,,,
Biology,Record,1111,PEL,5,126439,1,,5151,mm,290,gr,123,,,,,,,,,,,
Biology,Record,1111,PEL,5,126439,1,,5081,mm,291,gr,123,F,D,SMSF,5,,,Otolith,,,,
Biology,Record,1111,PEL,5,126439,1,,5142,mm,291,gr,154,,,,,,,,,,,
Biology,Record,1111,PEL,5,126439,1,,5034,mm,291,gr,143,M,D,SMSF,6,,,Otolith,,,,
Biology,Record,1111,PEL,5,126439,1,,5199,mm,292,gr,132,,,,,,,,,,,
Biology,Record,1111,PEL,5,126439,1,,5145,mm,292,gr,137,,,,,,,,,,,
Biology,Record,1111,PEL,5,126439,1,,5082,mm,293,gr,145,M,D,SMSF,4,,,Otolith,,,,
Biology,Record,1111,PEL,5,126439,1,,5194,mm,293,gr,125,,,,,,,,,,,
Biology,Record,1111,PEL,5,126439,1,,5028,mm,294,gr,129,M,D,SMSF,7,,,Otolith,,,,
Biology,Record,1111,PEL,5,126439,1,,5090,mm,295,gr,128,M,D,SMSF,6,,,Otolith,,,,
Biology,Record,1111,PEL,5,126439,1,,5184,mm,295,gr,132,,,,,,,,,,,
Biology,Record,1111,PEL,5,126439,1,,5225,mm,296,gr,136,,,,,,,,,,,
Biology,Record,1111,PEL,5,126439,1,,5067,mm,296,gr,133,F,D,SMSF,4,,,Otolith,,,,
Biology,Record,1111,PEL,5,126439,1,,5185,mm,296,gr,139,,,,,,,,,,,
Biology,Record,1111,PEL,5,126439,1,,5168,mm,296,gr,154,,,,,,,,,,,
Biology,Record,1111,PEL,5,126439,1,,5140,mm,296,gr,142,,,,,,,,,,,
Biology,Record,1111,PEL,5,126439,1,,5193,mm,296,gr,149,,,,,,,,,,,
Biology,Record,1111,PEL,5,126439,1,,5175,mm,297,gr,141,,,,,,,,,,,
Biology,Record,1111,PEL,5,126439,1,,5093,mm,297,gr,129,M,D,SMSF,5,,,Otolith,,,,
Biology,Record,1111,PEL,5,126439,1,,5061,mm,297,gr,155,M,D,SMSF,6,,,Otolith,,,,
Biology,Record,1111,PEL,5,126439,1,,5203,mm,297,gr,117,,,,,,,,,,,
Biology,Record,1111,PEL,5,126439,1,,5057,mm,298,gr,155,M,D,SMSF,8,,,Otolith,,,,
Biology,Record,1111,PEL,5,126439,1,,5230,mm,300,gr,148,,,,,,,,,,,
Biology,Record,1111,PEL,5,126439,1,,5117,mm,300,gr,146,F,D,SMSF,5,,,Otolith,,,,
Biology,Record,1111,PEL,5,126439,1,,5178,mm,300,gr,146,,,,,,,,,,,
Biology,Record,1111,PEL,5,126439,1,,5073,mm,300,gr,160,M,D,SMSF,7,,,Otolith,,,,
Biology,Record,1111,PEL,5,126439,1,,5180,mm,300,gr,131,,,,,,,,,,,
Biology,Record,1111,PEL,5,126439,1,,5055,mm,301,gr,154,M,D,SMSF,6,,,Otolith,,,,
Biology,Record,1111,PEL,5,126439,1,,5085,mm,301,gr,128,M,D,SMSF,9,,,Otolith,,,,
Biology,Record,1111,PEL,5,126439,1,,5147,mm,301,gr,147,,,,,,,,,,,
Biology,Record,1111,PEL,5,126439,1,,5159,mm,302,gr,153,,,,,,,,,,,
Biology,Record,1111,PEL,5,126439,1,,5211,mm,302,gr,152,,,,,,,,,,,
Biology,Record,1111,PEL,5,126439,1,,5226,mm,302,gr,137,,,,,,,,,,,
Biology,Record,1111,PEL,5,126439,1,,5169,mm,303,gr,143,,,,,,,,,,,
Biology,Record,1111,PEL,5,126439,1,,5125,mm,303,gr,145,M,D,SMSF,6,,,Otolith,,,,
Biology,Record,1111,PEL,5,126439,1,,5183,mm,303,gr,140,,,,,,,,,,,
Biology,Record,1111,PEL,5,126439,1,,5058,mm,304,gr,147,M,D,SMSF,7,,,Otolith,,,,
Biology,Record,1111,PEL,5,126439,1,,5102,mm,304,gr,129,F,D,SMSF,4,,,Otolith,,,,
Biology,Record,1111,PEL,5,126439,1,,5114,mm,304,gr,144,M,D,SMSF,6,,,Otolith,,,,
Biology,Record,1111,PEL,5,126439,1,,5065,mm,305,gr,141,F,D,SMSF,7,,,Otolith,,,,
Biology,Record,1111,PEL,5,126439,1,,5214,mm,305,gr,142,,,,,,,,,,,
Biology,Record,1111,PEL,5,126439,1,,5213,mm,305,gr,146,,,,,,,,,,,
Biology,Record,1111,PEL,5,126439,1,,5122,mm,305,gr,151,M,D,SMSF,6,,,Otolith,,,,
Biology,Record,1111,PEL,5,126439,1,,5181,mm,305,gr,141,,,,,,,,,,,
Biology,Record,1111,PEL,5,126439,1,,5205,mm,305,gr,175,,,,,,,,,,,
Biology,Record,1111,PEL,5,126439,1,,5227,mm,306,gr,143,,,,,,,,,,,
Biology,Record,1111,PEL,5,126439,1,,5109,mm,306,gr,146,M,D,SMSF,8,,,Otolith,,,,
Biology,Record,1111,PEL,5,126439,1,,5077,mm,307,gr,147,M,D,SMSF,6,,,Otolith,,,,
Biology,Record,1111,PEL,5,126439,1,,5071,mm,308,gr,166,M,D,SMSF,7,,,Otolith,,,,
Biology,Record,1111,PEL,5,126439,1,,5209,mm,308,gr,173,,,,,,,,,,,
Biology,Record,1111,PEL,5,126439,1,,5066,mm,308,gr,149,F,D,SMSF,6,,,Otolith,,,,
Biology,Record,1111,PEL,5,126439,1,,5119,mm,308,gr,157,M,D,SMSF,8,,,Otolith,,,,
Biology,Record,1111,PEL,5,126439,1,,5039,mm,308,gr,150,M,D,SMSF,5,,,Otolith,,,,
Biology,Record,1111,PEL,5,126439,1,,5167,mm,308,gr,155,,,,,,,,,,,
Biology,Record,1111,PEL,5,126439,1,,5215,mm,308,gr,138,,,,,,,,,,,
Biology,Record,1111,PEL,5,126439,1,,5042,mm,308,gr,143,M,D,SMSF,5,,,Otolith,,,,
Biology,Record,1111,PEL,5,126439,1,,5176,mm,309,gr,164,,,,,,,,,,,
Biology,Record,1111,PEL,5,126439,1,,5207,mm,309,gr,166,,,,,,,,,,,
Biology,Record,1111,PEL,5,126439,1,,5224,mm,310,gr,154,,,,,,,,,,,
Biology,Record,1111,PEL,5,126439,1,,5076,mm,310,gr,170,F,D,SMSF,9,,,Otolith,,,,
Biology,Record,1111,PEL,5,126439,1,,5130,mm,310,gr,164,,,,,,,,,,,
Biology,Record,1111,PEL,5,126439,1,,5188,mm,310,gr,154,,,,,,,,,,,
Biology,Record,1111,PEL,5,126439,1,,5106,mm,310,gr,169,F,D,SMSF,7,,,Otolith,,,,
Biology,Record,1111,PEL,5,126439,1,,5141,mm,311,gr,163,,,,,,,,,,,
Biology,Record,1111,PEL,5,126439,1,,5218,mm,311,gr,146,,,,,,,,,,,
Biology,Record,1111,PEL,5,126439,1,,5158,mm,311,gr,178,,,,,,,,,,,
Biology,Record,1111,PEL,5,126439,1,,5070,mm,311,gr,165,F,D,SMSF,7,,,Otolith,,,,
Biology,Record,1111,PEL,5,126439,1,,5100,mm,312,gr,158,M,D,SMSF,6,,,Otolith,,,,
Biology,Record,1111,PEL,5,126439,1,,5094,mm,312,gr,153,M,D,SMSF,6,,,Otolith,,,,
Biology,Record,1111,PEL,5,126439,1,,5134,mm,312,gr,151,,,,,,,,,,,
Biology,Record,1111,PEL,5,126439,1,,5123,mm,312,gr,169,M,D,SMSF,10,,,Otolith,,,,
Biology,Record,1111,PEL,5,126439,1,,5074,mm,312,gr,166,F,D,SMSF,7,,,Otolith,,,,
Biology,Record,1111,PEL,5,126439,1,,5116,mm,313,gr,157,F,D,SMSF,8,,,Otolith,,,,
Biology,Record,1111,PEL,5,126439,1,,5033,mm,313,gr,174,M,D,SMSF,7,,,Otolith,,,,
Biology,Record,1111,PEL,5,126439,1,,5186,mm,313,gr,164,,,,,,,,,,,
Biology,Record,1111,PEL,5,126439,1,,5137,mm,314,gr,159,,,,,,,,,,,
Biology,Record,1111,PEL,5,126439,1,,5149,mm,314,gr,167,,,,,,,,,,,
Biology,Record,1111,PEL,5,126439,1,,5221,mm,314,gr,137,,,,,,,,,,,
Biology,Record,1111,PEL,5,126439,1,,5172,mm,314,gr,155,,,,,,,,,,,
Biology,Record,1111,PEL,5,126439,1,,5062,mm,314,gr,167,F,D,SMSF,7,,,Otolith,,,,
Biology,Record,1111,PEL,5,126439,1,,5198,mm,314,gr,154,,,,,,,,,,,
Biology,Record,1111,PEL,5,126439,1,,5027,mm,314,gr,164,M,D,SMSF,8,,,Otolith,,,,
Biology,Record,1111,PEL,5,126439,1,,5064,mm,314,gr,175,M,D,SMSF,8,,,Otolith,,,,
Biology,Record,1111,PEL,5,126439,1,,5060,mm,315,gr,167,F,D,SMSF,6,,,Otolith,,,,
Biology,Record,1111,PEL,5,126439,1,,5049,mm,315,gr,167,F,D,SMSF,6,,,Otolith,,,,
Biology,Record,1111,PEL,5,126439,1,,5050,mm,315,gr,166,F,D,SMSF,5,,,Otolith,,,,
Biology,Record,1111,PEL,5,126439,1,,5086,mm,315,gr,184,F,D,SMSF,9,,,Otolith,,,,
Biology,Record,1111,PEL,5,126439,1,,5182,mm,315,gr,163,,,,,,,,,,,
Biology,Record,1111,PEL,5,126439,1,,5052,mm,315,gr,184,F,D,SMSF,6,,,Otolith,,,,
Biology,Record,1111,PEL,5,126439,1,,5210,mm,315,gr,185,,,,,,,,,,,
Biology,Record,1111,PEL,5,126439,1,,5051,mm,316,gr,181,M,D,SMSF,6,,,Otolith,,,,
Biology,Record,1111,PEL,5,126439,1,,5069,mm,316,gr,170,M,D,SMSF,5,,,Otolith,,,,
Biology,Record,1111,PEL,5,126439,1,,5078,mm,316,gr,150,F,D,SMSF,6,,,Otolith,,,,
Biology,Record,1111,PEL,5,126439,1,,5174,mm,316,gr,168,,,,,,,,,,,
Biology,Record,1111,PEL,5,126439,1,,5171,mm,317,gr,196,,,,,,,,,,,
Biology,Record,1111,PEL,5,126439,1,,5037,mm,317,gr,161,M,D,SMSF,6,,,Otolith,,,,
Biology,Record,1111,PEL,5,126439,1,,5189,mm,317,gr,153,,,,,,,,,,,
Biology,Record,1111,PEL,5,126439,1,,5206,mm,317,gr,178,,,,,,,,,,,
Biology,Record,1111,PEL,5,126439,1,,5170,mm,318,gr,187,,,,,,,,,,,
Biology,Record,1111,PEL,5,126439,1,,5124,mm,318,gr,158,F,D,SMSF,7,,,Otolith,,,,
Biology,Record,1111,PEL,5,126439,1,,5045,mm,319,gr,157,F,D,SMSF,6,,,Otolith,,,,
Biology,Record,1111,PEL,5,126439,1,,5040,mm,319,gr,172,F,B,SMSF,6,,,Otolith,,,,
Biology,Record,1111,PEL,5,126439,1,,5080,mm,319,gr,162,F,D,SMSF,6,,,Otolith,,,,
Biology,Record,1111,PEL,5,126439,1,,5083,mm,319,gr,179,F,D,SMSF,6,,,Otolith,,,,
Biology,Record,1111,PEL,5,126439,1,,5072,mm,319,gr,172,M,D,SMSF,8,,,Otolith,,,,
Biology,Record,1111,PEL,5,126439,1,,5150,mm,319,gr,178,,,,,,,,,,,
Biology,Record,1111,PEL,5,126439,1,,5047,mm,319,gr,156,F,D,SMSF,6,,,Otolith,,,,
Biology,Record,1111,PEL,5,126439,1,,5096,mm,320,gr,167,F,D,SMSF,5,,,Otolith,,,,
Biology,Record,1111,PEL,5,126439,1,,5154,mm,320,gr,201,,,,,,,,,,,
Biology,Record,1111,PEL,5,126439,1,,5104,mm,320,gr,161,F,D,SMSF,7,,,Otolith,,,,
Biology,Record,1111,PEL,5,126439,1,,5101,mm,320,gr,147,F,D,SMSF,7,,,Otolith,,,,
Biology,Record,1111,PEL,5,126439,1,,5208,mm,320,gr,181,,,,,,,,,,,
Biology,Record,1111,PEL,5,126439,1,,5088,mm,321,gr,177,F,D,SMSF,8,,,Otolith,,,,
Biology,Record,1111,PEL,5,126439,1,,5212,mm,321,gr,162,,,,,,,,,,,
Biology,Record,1111,PEL,5,126439,1,,5031,mm,321,gr,189,M,D,SMSF,7,,,Otolith,,,,
Biology,Record,1111,PEL,5,126439,1,,5048,mm,321,gr,181,F,D,SMSF,6,,,Otolith,,,,
Biology,Record,1111,PEL,5,126439,1,,5187,mm,321,gr,156,,,,,,,,,,,
Biology,Record,1111,PEL,5,126439,1,,5043,mm,321,gr,179,M,D,SMSF,6,,,Otolith,,,,
Biology,Record,1111,PEL,5,126439,1,,5107,mm,322,gr,164,M,D,SMSF,6,,,Otolith,,,,
Biology,Record,1111,PEL,5,126439,1,,5118,mm,322,gr,167,F,D,SMSF,8,,,Otolith,,,,
Biology,Record,1111,PEL,5,126439,1,,5143,mm,322,gr,171,,,,,,,,,,,
Biology,Record,1111,PEL,5,126439,1,,5103,mm,323,gr,189,M,D,SMSF,7,,,Otolith,,,,
Biology,Record,1111,PEL,5,126439,1,,5202,mm,323,gr,176,,,,,,,,,,,
Biology,Record,1111,PEL,5,126439,1,,5084,mm,323,gr,175,M,D,SMSF,7,,,Otolith,,,,
Biology,Record,1111,PEL,5,126439,1,,5155,mm,324,gr,178,,,,,,,,,,,
Biology,Record,1111,PEL,5,126439,1,,5197,mm,324,gr,157,,,,,,,,,,,
Biology,Record,1111,PEL,5,126439,1,,5146,mm,325,gr,187,,,,,,,,,,,
Biology,Record,1111,PEL,5,126439,1,,5115,mm,325,gr,163,F,D,SMSF,7,,,Otolith,,,,
Biology,Record,1111,PEL,5,126439,1,,5161,mm,325,gr,185,,,,,,,,,,,
Biology,Record,1111,PEL,5,126439,1,,5164,mm,326,gr,158,,,,,,,,,,,
Biology,Record,1111,PEL,5,126439,1,,5192,mm,326,gr,163,,,,,,,,,,,
Biology,Record,1111,PEL,5,126439,1,,5217,mm,326,gr,162,,,,,,,,,,,
Biology,Record,1111,PEL,5,126439,1,,5108,mm,326,gr,161,F,D,SMSF,7,,,Otolith,,,,
Biology,Record,1111,PEL,5,126439,1,,5163,mm,326,gr,184,,,,,,,,,,,
Biology,Record,1111,PEL,5,126439,1,,5041,mm,327,gr,181,F,D,SMSF,6,,,Otolith,,,,
Biology,Record,1111,PEL,5,126439,1,,5165,mm,327,gr,180,,,,,,,,,,,
Biology,Record,1111,PEL,5,126439,1,,5075,mm,327,gr,171,F,D,SMSF,7,,,Otolith,,,,
Biology,Record,1111,PEL,5,126439,1,,5029,mm,327,gr,166,F,D,SMSF,7,,,Otolith,,,,
Biology,Record,1111,PEL,5,126439,1,,5038,mm,328,gr,170,F,D,SMSF,7,,,Otolith,,,,
Biology,Record,1111,PEL,5,126439,1,,5177,mm,328,gr,219,,,,,,,,,,,
Biology,Record,1111,PEL,5,126439,1,,5079,mm,328,gr,193,F,D,SMSF,7,,,Otolith,,,,
Biology,Record,1111,PEL,5,126439,1,,5132,mm,328,gr,183,,,,,,,,,,,
Biology,Record,1111,PEL,5,126439,1,,5220,mm,329,gr,178,,,,,,,,,,,
Biology,Record,1111,PEL,5,126439,1,,5068,mm,329,gr,185,F,D,SMSF,8,,,Otolith,,,,
Biology,Record,1111,PEL,5,126439,1,,5121,mm,329,gr,173,F,D,SMSF,7,,,Otolith,,,,
Biology,Record,1111,PEL,5,126439,1,,5030,mm,329,gr,216,F,D,SMSF,7,,,Otolith,,,,
Biology,Record,1111,PEL,5,126439,1,,5138,mm,330,gr,192,,,,,,,,,,,
Biology,Record,1111,PEL,5,126439,1,,5204,mm,330,gr,177,,,,,,,,,,,
Biology,Record,1111,PEL,5,126439,1,,5056,mm,331,gr,167,F,D,SMSF,7,,,Otolith,,,,
Biology,Record,1111,PEL,5,126439,1,,5059,mm,331,gr,177,F,D,SMSF,6,,,Otolith,,,,
Biology,Record,1111,PEL,5,126439,1,,5228,mm,333,gr,207,,,,,,,,,,,
Biology,Record,1111,PEL,5,126439,1,,5136,mm,333,gr,176,,,,,,,,,,,
Biology,Record,1111,PEL,5,126439,1,,5105,mm,333,gr,185,F,D,SMSF,8,,,Otolith,,,,
Biology,Record,1111,PEL,5,126439,1,,5099,mm,333,gr,178,F,D,SMSF,8,,,Otolith,,,,
Biology,Record,1111,PEL,5,126439,1,,5095,mm,334,gr,202,F,D,SMSF,9,,,Otolith,,,,
Biology,Record,1111,PEL,5,126439,1,,5120,mm,334,gr,246,F,D,SMSF,7,,,Otolith,,,,
Biology,Record,1111,PEL,5,126439,1,,5229,mm,336,gr,190,,,,,,,,,,,
Biology,Record,1111,PEL,5,126439,1,,5063,mm,336,gr,195,F,D,SMSF,9,,,Otolith,,,,
Biology,Record,1111,PEL,5,126439,1,,5222,mm,338,gr,191,,,,,,,,,,,
Biology,Record,1111,PEL,5,126439,1,,5144,mm,338,gr,209,,,,,,,,,,,
Biology,Record,1111,PEL,5,126439,1,,5135,mm,338,gr,197,,,,,,,,,,,
Biology,Record,1111,PEL,5,126439,1,,5201,mm,339,gr,184,,,,,,,,,,,
Biology,Record,1111,PEL,5,126439,1,,5036,mm,339,gr,192,F,D,SMSF,5,,,Otolith,,,,
Biology,Record,1111,PEL,5,126439,1,,5196,mm,340,gr,227,,,,,,,,,,,
Biology,Record,1111,PEL,5,126439,1,,5173,mm,340,gr,194,,,,,,,,,,,
Biology,Record,1111,PEL,5,126439,1,,5054,mm,341,gr,233,F,D,SMSF,6,,,Otolith,,,,
Biology,Record,1111,PEL,5,126439,1,,5133,mm,341,gr,204,,,,,,,,,,,
Biology,Record,1111,PEL,5,126439,1,,5032,mm,342,gr,205,F,D,SMSF,7,,,Otolith,,,,
Biology,Record,1111,PEL,5,126439,1,,5166,mm,342,gr,190,,,,,,,,,,,
Biology,Record,1111,PEL,5,126439,1,,5131,mm,342,gr,211,,,,,,,,,,,
Biology,Record,1111,PEL,5,126439,1,,5162,mm,343,gr,192,,,,,,,,,,,
Biology,Record,1111,PEL,5,126439,1,,5046,mm,344,gr,188,F,D,SMSF,8,,,Otolith,,,,
Biology,Record,1111,PEL,5,126439,1,,5157,mm,348,gr,237,,,,,,,,,,,
Biology,Record,1111,PEL,5,126439,1,,5110,mm,348,gr,242,F,D,SMSF,9,,,Otolith,,,,
Biology,Record,1111,PEL,5,126439,1,,5216,mm,349,gr,229,,,,,,,,,,,
Biology,Record,1111,PEL,5,126439,1,,5044,mm,352,gr,240,F,D,SMSF,9,,,Otolith,,,,
Biology,Record,1111,PEL,5,126439,1,,5035,mm,353,gr,248,F,D,SMSF,8,,,Otolith,,,,
Biology,Record,1111,PEL,5,126439,1,,5113,mm,354,gr,229,F,D,SMSF,7,,,Otolith,,,,
Biology,Record,1111,PEL,5,126439,1,,5200,mm,356,gr,227,,,,,,,,,,,
Biology,Record,1111,PEL,5,126439,1,,5148,mm,356,gr,316,,,,,,,,,,,
Biology,Record,1111,PEL,5,126439,1,,5111,mm,359,gr,252,F,D,SMSF,8,,,Otolith,,,,
Biology,Record,1111,PEL,5,126439,1,,5160,mm,359,gr,192,,,,,,,,,,,
Biology,Record,1111,PEL,5,126439,1,,5156,mm,361,gr,264,,,,,,,,,,,
Biology,Record,1111,PEL,5,126439,1,,5153,mm,365,gr,297,,,,,,,,,,,
Biology,Record,1111,PEL,5,126439,1,,5152,mm,372,gr,292,,,,,,,,,,,
Biology,Record,1111,PEL,5,127023,1,,5253,mm,345,gr,267,M,Bb,SMSF,,,,,,,,
Biology,Record,1111,PEL,5,140624,1,,5235,mm,222,gr,214,,,,,,,,,,,
Biology,Record,1111,PEL,5,150637,1,,5233,mm,310,gr,263,,,,,,,,,,,
Biology,Record,1111,PEL,5,272728,1,,5240,mm,100,gr,,,,,,,,,,,,
Biology,Record,1111,PEL,5,272728,1,,5237,mm,110,gr,12,,,,,,,,,,,
Biology,Record,1111,PEL,5,272728,1,,5238,mm,116,gr,14,,,,,,,,,,,
Biology,Record,1111,PEL,5,272728,1,,5246,mm,78,gr,,,,,,,,,,,,
Biology,Record,1111,PEL,5,272728,1,,5245,mm,78,gr,,,,,,,,,,,,
Biology,Record,1111,PEL,5,272728,1,,5249,mm,85,gr,,,,,,,,,,,,
Biology,Record,1111,PEL,5,272728,1,,5242,mm,86,gr,,,,,,,,,,,,
Biology,Record,1111,PEL,5,272728,1,,5243,mm,86,gr,,,,,,,,,,,,
Biology,Record,1111,PEL,5,272728,1,,5247,mm,87,gr,,,,,,,,,,,,
Biology,Record,1111,PEL,5,272728,1,,5244,mm,90,gr,,,,,,,,,,,,
Biology,Record,1111,PEL,5,272728,1,,5248,mm,95,gr,,,,,,,,,,,,
Biology,Record,1111,PEL,5,272728,1,,5241,mm,95,gr,,,,,,,,,,,,
Biology,Record,1111,PEL,5,272728,1,,5239,mm,97,gr,8,,,,,,,,,,,
Biology,Record,1111,PEL,6,126527,1,,5058,mm,1083,gr,1450,,,,,,,,,,,
Biology,Record,1111,PEL,6,126527,1,,5057,mm,724,gr,415,,,,,,,,,,,
Biology,Record,1111,PEL,6,126527,1,,5059,mm,730,gr,440,,,,,,,,,,,
Biology,Record,1111,PEL,6,126527,1,,5051,mm,755,gr,455,,,,,,,,,,,
Biology,Record,1111,PEL,6,126527,1,,5053,mm,782,gr,460,,,,,,,,,,,
Biology,Record,1111,PEL,6,126527,1,,5054,mm,866,gr,650,,,,,,,,,,,
Biology,Record,1111,PEL,6,126527,1,,5049,mm,911,gr,1000,,,,,,,,,,,
Biology,Record,1111,PEL,6,126527,1,,5050,mm,952,gr,775,,,,,,,,,,,
Biology,Record,1111,PEL,6,126527,1,,5056,mm,974,gr,1000,,,,,,,,,,,
Biology,Record,1111,PEL,6,126527,1,,5055,mm,978,gr,1335,,,,,,,,,,,
Biology,Record,1111,PEL,6,126527,1,,5052,mm,998,gr,1120,,,,,,,,,,,
Biology,Record,1111,PEL,6,127023,1,,5068,mm,339,gr,257,M,Bb,SMSF,6,,,Otolith,,,,
Biology,Record,1111,PEL,6,127023,1,,5066,mm,342,gr,253,M,Bb,SMSF,6,,,Otolith,,,,
Biology,Record,1111,PEL,6,127023,1,,5061,mm,343,gr,305,M,Bb,SMSF,7,,,Otolith,,,,
Biology,Record,1111,PEL,6,127023,1,,5064,mm,343,gr,309,M,Bb,SMSF,,,,,,,,
Biology,Record,1111,PEL,6,127023,1,,5065,mm,344,gr,283,F,Bb,SMSF,7,,,Otolith,,,,
Biology,Record,1111,PEL,6,127023,1,,5067,mm,344,gr,276,M,Bb,SMSF,6,,,Otolith,,,,
Biology,Record,1111,PEL,6,127023,1,,5063,mm,350,gr,275,M,Bb,SMSF,,,,,,,,
Biology,Record,1111,PEL,6,127023,1,,5062,mm,391,gr,404,F,Bb,SMSF,10,,,Otolith,,,,
Biology,Record,1111,PEL,7,126439,1,,5225,mm,175,gr,35,,,,,,,,,,,
Biology,Record,1111,PEL,7,126439,1,,5104,mm,180,gr,31,M,A,SMSF,1,,,Otolith,,,,
Biology,Record,1111,PEL,7,126439,1,,5071,mm,186,gr,38,M,A,SMSF,2,,,Otolith,,,,
Biology,Record,1111,PEL,7,126439,1,,5118,mm,187,gr,36,M,A,SMSF,1,,,Otolith,,,,
Biology,Record,1111,PEL,7,126439,1,,5129,mm,187,gr,39,F,A,SMSF,2,,,Otolith,,,,
Biology,Record,1111,PEL,7,126439,1,,5112,mm,189,gr,37,M,A,SMSF,2,,,Otolith,,,,
Biology,Record,1111,PEL,7,126439,1,,5115,mm,190,gr,37,M,A,SMSF,2,,,Otolith,,,,
Biology,Record,1111,PEL,7,126439,1,,5117,mm,191,gr,43,M,A,SMSF,2,,,Otolith,,,,
Biology,Record,1111,PEL,7,126439,1,,5227,mm,192,gr,43,,,,,,,,,,,
Biology,Record,1111,PEL,7,126439,1,,5094,mm,193,gr,42,M,A,SMSF,2,,,Otolith,,,,
Biology,Record,1111,PEL,7,126439,1,,5101,mm,194,gr,38,M,A,SMSF,2,,,Otolith,,,,
Biology,Record,1111,PEL,7,126439,1,,5075,mm,195,gr,40,F,A,SMSF,1,,,Otolith,,,,
Biology,Record,1111,PEL,7,126439,1,,5074,mm,195,gr,36,M,A,SMSF,2,,,Otolith,,,,
Biology,Record,1111,PEL,7,126439,1,,5188,mm,195,gr,47,,,,,,,,,,,
Biology,Record,1111,PEL,7,126439,1,,5153,mm,196,gr,49,,,,,,,,,,,
Biology,Record,1111,PEL,7,126439,1,,5128,mm,196,gr,43,F,A,SMSF,2,,,Otolith,,,,
Biology,Record,1111,PEL,7,126439,1,,5174,mm,196,gr,46,,,,,,,,,,,
Biology,Record,1111,PEL,7,126439,1,,5126,mm,196,gr,41,M,A,SMSF,2,,,Otolith,,,,
Biology,Record,1111,PEL,7,126439,1,,5231,mm,197,gr,40,,,,,,,,,,,
Biology,Record,1111,PEL,7,126439,1,,5106,mm,197,gr,49,F,A,SMSF,2,,,Otolith,,,,
Biology,Record,1111,PEL,7,126439,1,,5230,mm,197,gr,46,,,,,,,,,,,
Biology,Record,1111,PEL,7,126439,1,,5081,mm,198,gr,44,M,A,SMSF,2,,,Otolith,,,,
Biology,Record,1111,PEL,7,126439,1,,5072,mm,198,gr,43,M,A,SMSF,2,,,Otolith,,,,
Biology,Record,1111,PEL,7,126439,1,,5076,mm,199,gr,41,F,A,SMSF,2,,,Otolith,,,,
Biology,Record,1111,PEL,7,126439,1,,5119,mm,199,gr,49,M,A,SMSF,2,,,Otolith,,,,
Biology,Record,1111,PEL,7,126439,1,,5193,mm,199,gr,45,,,,,,,,,,,
Biology,Record,1111,PEL,7,126439,1,,5189,mm,200,gr,46,,,,,,,,,,,
Biology,Record,1111,PEL,7,126439,1,,5216,mm,200,gr,45,,,,,,,,,,,
Biology,Record,1111,PEL,7,126439,1,,5228,mm,201,gr,51,,,,,,,,,,,
Biology,Record,1111,PEL,7,126439,1,,5073,mm,201,gr,46,F,A,SMSF,2,,,Otolith,,,,
Biology,Record,1111,PEL,7,126439,1,,5208,mm,202,gr,51,,,,,,,,,,,
Biology,Record,1111,PEL,7,126439,1,,5120,mm,202,gr,45,F,A,SMSF,2,,,Otolith,,,,
Biology,Record,1111,PEL,7,126439,1,,5226,mm,202,gr,53,,,,,,,,,,,
Biology,Record,1111,PEL,7,126439,1,,5123,mm,202,gr,46,M,A,SMSF,2,,,Otolith,,,,
Biology,Record,1111,PEL,7,126439,1,,5057,mm,202,gr,44,M,A,SMSF,2,,,Otolith,,,,
Biology,Record,1111,PEL,7,126439,1,,5093,mm,202,gr,50,F,A,SMSF,2,,,Otolith,,,,
Biology,Record,1111,PEL,7,126439,1,,5125,mm,202,gr,50,M,A,SMSF,2,,,Otolith,,,,
Biology,Record,1111,PEL,7,126439,1,,5198,mm,203,gr,46,,,,,,,,,,,
Biology,Record,1111,PEL,7,126439,1,,5224,mm,203,gr,44,,,,,,,,,,,
Biology,Record,1111,PEL,7,126439,1,,5064,mm,203,gr,46,F,A,SMSF,2,,,Otolith,,,,
Biology,Record,1111,PEL,7,126439,1,,5196,mm,204,gr,43,,,,,,,,,,,
Biology,Record,1111,PEL,7,126439,1,,5217,mm,204,gr,46,,,,,,,,,,,
Biology,Record,1111,PEL,7,126439,1,,5130,mm,204,gr,47,M,A,SMSF,2,,,Otolith,,,,
Biology,Record,1111,PEL,7,126439,1,,5165,mm,204,gr,48,,,,,,,,,,,
Biology,Record,1111,PEL,7,126439,1,,5220,mm,204,gr,47,,,,,,,,,,,
Biology,Record,1111,PEL,7,126439,1,,5062,mm,205,gr,51,M,A,SMSF,2,,,Otolith,,,,
Biology,Record,1111,PEL,7,126439,1,,5212,mm,205,gr,52,,,,,,,,,,,
Biology,Record,1111,PEL,7,126439,1,,5058,mm,206,gr,46,F,A,SMSF,2,,,Otolith,,,,
Biology,Record,1111,PEL,7,126439,1,,5056,mm,207,gr,53,M,A,SMSF,2,,,Otolith,,,,
Biology,Record,1111,PEL,7,126439,1,,5186,mm,207,gr,52,,,,,,,,,,,
Biology,Record,1111,PEL,7,126439,1,,5124,mm,207,gr,58,M,A,SMSF,2,,,Otolith,,,,
Biology,Record,1111,PEL,7,126439,1,,5199,mm,207,gr,55,,,,,,,,,,,
Biology,Record,1111,PEL,7,126439,1,,5065,mm,207,gr,54,F,A,SMSF,2,,,Otolith,,,,
Biology,Record,1111,PEL,7,126439,1,,5039,mm,207,gr,48,F,A,SMSF,2,,,Otolith,,,,
Biology,Record,1111,PEL,7,126439,1,,5105,mm,208,gr,54,M,A,SMSF,2,,,Otolith,,,,
Biology,Record,1111,PEL,7,126439,1,,5219,mm,208,gr,50,,,,,,,,,,,
Biology,Record,1111,PEL,7,126439,1,,5191,mm,208,gr,49,,,,,,,,,,,
Biology,Record,1111,PEL,7,126439,1,,5108,mm,209,gr,47,F,A,SMSF,2,,,Otolith,,,,
Biology,Record,1111,PEL,7,126439,1,,5055,mm,209,gr,58,M,A,SMSF,2,,,Otolith,,,,
Biology,Record,1111,PEL,7,126439,1,,5037,mm,209,gr,55,F,A,SMSF,2,,,Otolith,,,,
Biology,Record,1111,PEL,7,126439,1,,5116,mm,209,gr,51,M,A,SMSF,2,,,Otolith,,,,
Biology,Record,1111,PEL,7,126439,1,,5092,mm,209,gr,54,M,A,SMSF,2,,,Otolith,,,,
Biology,Record,1111,PEL,7,126439,1,,5086,mm,210,gr,50,M,A,SMSF,2,,,Otolith,,,,
Biology,Record,1111,PEL,7,126439,1,,5195,mm,210,gr,53,,,,,,,,,,,
Biology,Record,1111,PEL,7,126439,1,,5214,mm,210,gr,57,,,,,,,,,,,
Biology,Record,1111,PEL,7,126439,1,,5090,mm,210,gr,53,F,A,SMSF,2,,,Otolith,,,,
Biology,Record,1111,PEL,7,126439,1,,5213,mm,210,gr,53,,,,,,,,,,,
Biology,Record,1111,PEL,7,126439,1,,5163,mm,210,gr,51,,,,,,,,,,,
Biology,Record,1111,PEL,7,126439,1,,5206,mm,210,gr,58,,,,,,,,,,,
Biology,Record,1111,PEL,7,126439,1,,5201,mm,211,gr,66,,,,,,,,,,,
Biology,Record,1111,PEL,7,126439,1,,5215,mm,211,gr,65,,,,,,,,,,,
Biology,Record,1111,PEL,7,126439,1,,5048,mm,211,gr,58,F,A,SMSF,2,,,Otolith,,,,
Biology,Record,1111,PEL,7,126439,1,,5207,mm,211,gr,55,,,,,,,,,,,
Biology,Record,1111,PEL,7,126439,1,,5082,mm,211,gr,53,F,A,SMSF,2,,,Otolith,,,,
Biology,Record,1111,PEL,7,126439,1,,5100,mm,211,gr,56,M,A,SMSF,2,,,Otolith,,,,
Biology,Record,1111,PEL,7,126439,1,,5152,mm,211,gr,49,,,,,,,,,,,
Biology,Record,1111,PEL,7,126439,1,,5051,mm,212,gr,49,M,A,SMSF,2,,,Otolith,,,,
Biology,Record,1111,PEL,7,126439,1,,5122,mm,212,gr,60,F,A,SMSF,2,,,Otolith,,,,
Biology,Record,1111,PEL,7,126439,1,,5060,mm,212,gr,58,F,A,SMSF,2,,,Otolith,,,,
Biology,Record,1111,PEL,7,126439,1,,5175,mm,212,gr,50,,,,,,,,,,,
Biology,Record,1111,PEL,7,126439,1,,5095,mm,212,gr,54,F,A,SMSF,2,,,Otolith,,,,
Biology,Record,1111,PEL,7,126439,1,,5159,mm,212,gr,52,,,,,,,,,,,
Biology,Record,1111,PEL,7,126439,1,,5164,mm,213,gr,56,,,,,,,,,,,
Biology,Record,1111,PEL,7,126439,1,,5204,mm,213,gr,56,,,,,,,,,,,
Biology,Record,1111,PEL,7,126439,1,,5121,mm,213,gr,62,F,A,SMSF,2,,,Otolith,,,,
Biology,Record,1111,PEL,7,126439,1,,5068,mm,213,gr,53,M,A,SMSF,2,,,Otolith,,,,
Biology,Record,1111,PEL,7,126439,1,,5185,mm,213,gr,59,,,,,,,,,,,
Biology,Record,1111,PEL,7,126439,1,,5192,mm,213,gr,53,,,,,,,,,,,
Biology,Record,1111,PEL,7,126439,1,,5050,mm,213,gr,60,F,A,SMSF,2,,,Otolith,,,,
Biology,Record,1111,PEL,7,126439,1,,5229,mm,214,gr,56,,,,,,,,,,,
Biology,Record,1111,PEL,7,126439,1,,5210,mm,214,gr,56,,,,,,,,,,,
Biology,Record,1111,PEL,7,126439,1,,5127,mm,214,gr,63,F,A,SMSF,2,,,Otolith,,,,
Biology,Record,1111,PEL,7,126439,1,,5110,mm,214,gr,57,F,A,SMSF,2,,,Otolith,,,,
Biology,Record,1111,PEL,7,126439,1,,5040,mm,214,gr,57,M,A,SMSF,2,,,Otolith,,,,
Biology,Record,1111,PEL,7,126439,1,,5043,mm,214,gr,55,F,A,SMSF,2,,,Otolith,,,,
Biology,Record,1111,PEL,7,126439,1,,5151,mm,215,gr,54,,,,,,,,,,,
Biology,Record,1111,PEL,7,126439,1,,5181,mm,216,gr,61,,,,,,,,,,,
Biology,Record,1111,PEL,7,126439,1,,5221,mm,216,gr,62,,,,,,,,,,,
Biology,Record,1111,PEL,7,126439,1,,5053,mm,216,gr,60,F,A,SMSF,2,,,Otolith,,,,
Biology,Record,1111,PEL,7,126439,1,,5171,mm,216,gr,57,,,,,,,,,,,
Biology,Record,1111,PEL,7,126439,1,,5099,mm,216,gr,59,F,A,SMSF,2,,,Otolith,,,,
Biology,Record,1111,PEL,7,126439,1,,5047,mm,216,gr,52,M,A,SMSF,2,,,Otolith,,,,
Biology,Record,1111,PEL,7,126439,1,,5088,mm,216,gr,60,F,A,SMSF,2,,,Otolith,,,,
Biology,Record,1111,PEL,7,126439,1,,5114,mm,216,gr,62,M,A,SMSF,2,,,Otolith,,,,
Biology,Record,1111,PEL,7,126439,1,,5085,mm,216,gr,57,F,A,SMSF,2,,,Otolith,,,,
Biology,Record,1111,PEL,7,126439,1,,5069,mm,216,gr,56,F,A,SMSF,2,,,Otolith,,,,
Biology,Record,1111,PEL,7,126439,1,,5096,mm,216,gr,60,F,A,SMSF,2,,,Otolith,,,,
Biology,Record,1111,PEL,7,126439,1,,5177,mm,217,gr,54,,,,,,,,,,,
Biology,Record,1111,PEL,7,126439,1,,5052,mm,217,gr,63,M,A,SMSF,2,,,Otolith,,,,
Biology,Record,1111,PEL,7,126439,1,,5111,mm,217,gr,59,M,A,SMSF,2,,,Otolith,,,,
Biology,Record,1111,PEL,7,126439,1,,5109,mm,217,gr,60,F,A,SMSF,2,,,Otolith,,,,
Biology,Record,1111,PEL,7,126439,1,,5061,mm,218,gr,61,M,A,SMSF,2,,,Otolith,,,,
Biology,Record,1111,PEL,7,126439,1,,5077,mm,218,gr,63,M,A,SMSF,2,,,Otolith,,,,
Biology,Record,1111,PEL,7,126439,1,,5180,mm,219,gr,61,,,,,,,,,,,
Biology,Record,1111,PEL,7,126439,1,,5155,mm,220,gr,62,,,,,,,,,,,
Biology,Record,1111,PEL,7,126439,1,,5222,mm,220,gr,63,,,,,,,,,,,
Biology,Record,1111,PEL,7,126439,1,,5113,mm,220,gr,59,F,A,SMSF,2,,,Otolith,,,,
Biology,Record,1111,PEL,7,126439,1,,5097,mm,220,gr,59,F,A,SMSF,2,,,Otolith,,,,
Biology,Record,1111,PEL,7,126439,1,,5176,mm,220,gr,61,,,,,,,,,,,
Biology,Record,1111,PEL,7,126439,1,,5170,mm,220,gr,66,,,,,,,,,,,
Biology,Record,1111,PEL,7,126439,1,,5223,mm,220,gr,60,,,,,,,,,,,
Biology,Record,1111,PEL,7,126439,1,,5200,mm,220,gr,66,,,,,,,,,,,
Biology,Record,1111,PEL,7,126439,1,,5187,mm,220,gr,66,,,,,,,,,,,
Biology,Record,1111,PEL,7,126439,1,,5205,mm,220,gr,62,,,,,,,,,,,
Biology,Record,1111,PEL,7,126439,1,,5162,mm,220,gr,58,,,,,,,,,,,
Biology,Record,1111,PEL,7,126439,1,,5172,mm,220,gr,70,,,,,,,,,,,
Biology,Record,1111,PEL,7,126439,1,,5218,mm,220,gr,61,,,,,,,,,,,
Biology,Record,1111,PEL,7,126439,1,,5102,mm,221,gr,61,F,A,SMSF,2,,,Otolith,,,,
Biology,Record,1111,PEL,7,126439,1,,5107,mm,221,gr,68,M,A,SMSF,2,,,Otolith,,,,
Biology,Record,1111,PEL,7,126439,1,,5054,mm,221,gr,59,M,A,SMSF,2,,,Otolith,,,,
Biology,Record,1111,PEL,7,126439,1,,5197,mm,221,gr,61,,,,,,,,,,,
Biology,Record,1111,PEL,7,126439,1,,5161,mm,221,gr,69,,,,,,,,,,,
Biology,Record,1111,PEL,7,126439,1,,5042,mm,221,gr,61,F,A,SMSF,2,,,Otolith,,,,
Biology,Record,1111,PEL,7,126439,1,,5182,mm,222,gr,66,,,,,,,,,,,
Biology,Record,1111,PEL,7,126439,1,,5167,mm,222,gr,68,,,,,,,,,,,
Biology,Record,1111,PEL,7,126439,1,,5160,mm,223,gr,65,,,,,,,,,,,
Biology,Record,1111,PEL,7,126439,1,,5150,mm,224,gr,60,,,,,,,,,,,
Biology,Record,1111,PEL,7,126439,1,,5166,mm,224,gr,65,,,,,,,,,,,
Biology,Record,1111,PEL,7,126439,1,,5070,mm,224,gr,60,M,A,SMSF,3,,,Otolith,,,,
Biology,Record,1111,PEL,7,126439,1,,5103,mm,225,gr,65,F,A,SMSF,1,,,Otolith,,,,
Biology,Record,1111,PEL,7,126439,1,,5190,mm,225,gr,67,,,,,,,,,,,
Biology,Record,1111,PEL,7,126439,1,,5211,mm,226,gr,68,,,,,,,,,,,
Biology,Record,1111,PEL,7,126439,1,,5158,mm,226,gr,71,,,,,,,,,,,
Biology,Record,1111,PEL,7,126439,1,,5066,mm,226,gr,65,F,A,SMSF,2,,,Otolith,,,,
Biology,Record,1111,PEL,7,126439,1,,5202,mm,227,gr,75,,,,,,,,,,,
Biology,Record,1111,PEL,7,126439,1,,5067,mm,228,gr,67,F,A,SMSF,2,,,Otolith,,,,
Biology,Record,1111,PEL,7,126439,1,,5178,mm,228,gr,73,,,,,,,,,,,
Biology,Record,1111,PEL,7,126439,1,,5194,mm,229,gr,72,,,,,,,,,,,
Biology,Record,1111,PEL,7,126439,1,,5084,mm,231,gr,79,F,A,SMSF,3,,,Otolith,,,,
Biology,Record,1111,PEL,7,126439,1,,5098,mm,232,gr,72,F,A,SMSF,2,,,Otolith,,,,
Biology,Record,1111,PEL,7,126439,1,,5179,mm,232,gr,67,,,,,,,,,,,
Biology,Record,1111,PEL,7,126439,1,,5087,mm,234,gr,74,M,A,SMSF,2,,,Otolith,,,,
Biology,Record,1111,PEL,7,126439,1,,5173,mm,236,gr,80,,,,,,,,,,,
Biology,Record,1111,PEL,7,126439,1,,5209,mm,237,gr,77,,,,,,,,,,,
Biology,Record,1111,PEL,7,126439,1,,5033,mm,238,gr,79,M,D,SMSF,2,,,Otolith,,,,
Biology,Record,1111,PEL,7,126439,1,,5044,mm,238,gr,84,M,A,SMSF,2,,,Otolith,,,,
Biology,Record,1111,PEL,7,126439,1,,5203,mm,242,gr,80,,,,,,,,,,,
Biology,Record,1111,PEL,7,126439,1,,5168,mm,242,gr,84,,,,,,,,,,,
Biology,Record,1111,PEL,7,126439,1,,5046,mm,246,gr,94,F,A,SMSF,2,,,Otolith,,,,
Biology,Record,1111,PEL,7,126439,1,,5091,mm,246,gr,90,F,A,SMSF,3,,,Otolith,,,,
Biology,Record,1111,PEL,7,126439,1,,5045,mm,246,gr,89,M,A,SMSF,3,,,Otolith,,,,
Biology,Record,1111,PEL,7,126439,1,,5184,mm,259,gr,89,,,,,,,,,,,
Biology,Record,1111,PEL,7,126439,1,,5157,mm,263,gr,103,,,,,,,,,,,
Biology,Record,1111,PEL,7,126439,1,,5078,mm,264,gr,111,F,A,SMSF,4,,,Otolith,,,,
Biology,Record,1111,PEL,7,126439,1,,5169,mm,271,gr,90,,,,,,,,,,,
Biology,Record,1111,PEL,7,126439,1,,5080,mm,274,gr,97,F,A,SMSF,4,,,Otolith,,,,
Biology,Record,1111,PEL,7,126439,1,,5154,mm,274,gr,101,,,,,,,,,,,
Biology,Record,1111,PEL,7,126439,1,,5089,mm,283,gr,104,M,A,SMSF,5,,,Otolith,,,,
Biology,Record,1111,PEL,7,126439,1,,5036,mm,284,gr,147,F,A,SMSF,4,,,Otolith,,,,
Biology,Record,1111,PEL,7,126439,1,,5156,mm,290,gr,130,,,,,,,,,,,
Biology,Record,1111,PEL,7,126439,1,,5063,mm,291,gr,133,M,D,SMSF,9,,,Otolith,,,,
Biology,Record,1111,PEL,7,126439,1,,5034,mm,291,gr,151,M,D,SMSF,7,,,Otolith,,,,
Biology,Record,1111,PEL,7,126439,1,,5083,mm,294,gr,144,M,D,SMSF,8,,,Otolith,,,,
Biology,Record,1111,PEL,7,126439,1,,5183,mm,296,gr,131,,,,,,,,,,,
Biology,Record,1111,PEL,7,126439,1,,5147,mm,298,gr,117,,,,,,,,,,,
Biology,Record,1111,PEL,7,126439,1,,5059,mm,300,gr,131,F,D,SMSF,7,,,Otolith,,,,
Biology,Record,1111,PEL,7,126439,1,,5032,mm,306,gr,154,F,D,SMSF,6,,,Otolith,,,,
Biology,Record,1111,PEL,7,126439,1,,5035,mm,308,gr,154,F,D,SMSF,7,,,Otolith,,,,
Biology,Record,1111,PEL,7,126439,1,,5148,mm,308,gr,148,,,,,,,,,,,
Biology,Record,1111,PEL,7,126439,1,,5079,mm,309,gr,151,M,D,SMSF,5,,,Otolith,,,,
Biology,Record,1111,PEL,7,126439,1,,5140,mm,310,gr,162,,,,,,,,,,,
Biology,Record,1111,PEL,7,126439,1,,5133,mm,311,gr,151,,,,,,,,,,,
Biology,Record,1111,PEL,7,126439,1,,5137,mm,312,gr,165,,,,,,,,,,,
Biology,Record,1111,PEL,7,126439,1,,5146,mm,312,gr,144,,,,,,,,,,,
Biology,Record,1111,PEL,7,126439,1,,5139,mm,314,gr,163,,,,,,,,,,,
Biology,Record,1111,PEL,7,126439,1,,5134,mm,316,gr,160,,,,,,,,,,,
Biology,Record,1111,PEL,7,126439,1,,5038,mm,317,gr,177,F,D,SMSF,8,,,Otolith,,,,
Biology,Record,1111,PEL,7,126439,1,,5031,mm,318,gr,173,F,A,SMSF,8,,,Otolith,,,,
Biology,Record,1111,PEL,7,126439,1,,5145,mm,320,gr,174,,,,,,,,,,,
Biology,Record,1111,PEL,7,126439,1,,5049,mm,321,gr,197,F,D,SMSF,9,,,Otolith,,,,
Biology,Record,1111,PEL,7,126439,1,,5149,mm,323,gr,185,,,,,,,,,,,
Biology,Record,1111,PEL,7,126439,1,,5041,mm,324,gr,161,M,D,SMSF,7,,,Otolith,,,,
Biology,Record,1111,PEL,7,126439,1,,5143,mm,326,gr,166,,,,,,,,,,,
Biology,Record,1111,PEL,7,126439,1,,5142,mm,332,gr,194,,,,,,,,,,,
Biology,Record,1111,PEL,7,126439,1,,5132,mm,333,gr,192,,,,,,,,,,,
Biology,Record,1111,PEL,7,126439,1,,5141,mm,337,gr,184,,,,,,,,,,,
Biology,Record,1111,PEL,7,126439,1,,5136,mm,343,gr,212,,,,,,,,,,,
Biology,Record,1111,PEL,7,126439,1,,5135,mm,346,gr,226,,,,,,,,,,,
Biology,Record,1111,PEL,7,126439,1,,5138,mm,347,gr,206,,,,,,,,,,,
Biology,Record,1111,PEL,7,126439,1,,5144,mm,355,gr,214,,,,,,,,,,,
Biology,Record,1111,PEL,7,126439,1,,5131,mm,386,gr,304,,,,,,,,,,,
Biology,Record,1111,PEL,7,127023,1,,5448,mm,299,gr,160,M,Bb,SMSF,2,,,Otolith,,,,
Biology,Record,1111,PEL,7,127023,1,,5252,mm,300,gr,185,,,,,,,,,,,
Biology,Record,1111,PEL,7,127023,1,,5332,mm,306,gr,209,,,,,,,,,,,
Biology,Record,1111,PEL,7,127023,1,,5358,mm,308,gr,197,,,,,,,,,,,
Biology,Record,1111,PEL,7,127023,1,,5453,mm,311,gr,216,F,Bb,SMSF,4,,,Otolith,,,,
Biology,Record,1111,PEL,7,127023,1,,5410,mm,313,gr,215,,,,,,,,,,,
Biology,Record,1111,PEL,7,127023,1,,5431,mm,314,gr,208,,,,,,,,,,,
Biology,Record,1111,PEL,7,127023,1,,5452,mm,316,gr,212,F,Bb,SMSF,3,,,Otolith,,,,
Biology,Record,1111,PEL,7,127023,1,,5279,mm,317,gr,219,,,,,,,,,,,
Biology,Record,1111,PEL,7,127023,1,,5336,mm,318,gr,221,,,,,,,,,,,
Biology,Record,1111,PEL,7,127023,1,,5297,mm,319,gr,238,,,,,,,,,,,
Biology,Record,1111,PEL,7,127023,1,,5340,mm,319,gr,207,,,,,,,,,,,
Biology,Record,1111,PEL,7,127023,1,,5268,mm,319,gr,253,,,,,,,,,,,
Biology,Record,1111,PEL,7,127023,1,,5408,mm,319,gr,212,,,,,,,,,,,
Biology,Record,1111,PEL,7,127023,1,,5366,mm,319,gr,214,,,,,,,,,,,
Biology,Record,1111,PEL,7,127023,1,,5342,mm,320,gr,223,,,,,,,,,,,
Biology,Record,1111,PEL,7,127023,1,,5355,mm,320,gr,229,,,,,,,,,,,
Biology,Record,1111,PEL,7,127023,1,,5271,mm,320,gr,255,,,,,,,,,,,
Biology,Record,1111,PEL,7,127023,1,,5316,mm,322,gr,214,,,,,,,,,,,
Biology,Record,1111,PEL,7,127023,1,,5415,mm,322,gr,225,,,,,,,,,,,
Biology,Record,1111,PEL,7,127023,1,,5334,mm,322,gr,231,,,,,,,,,,,
Biology,Record,1111,PEL,7,127023,1,,5398,mm,323,gr,228,,,,,,,,,,,
Biology,Record,1111,PEL,7,127023,1,,5295,mm,323,gr,228,,,,,,,,,,,
Biology,Record,1111,PEL,7,127023,1,,5261,mm,323,gr,235,,,,,,,,,,,
Biology,Record,1111,PEL,7,127023,1,,5456,mm,324,gr,241,,,,,,,,,,,
Biology,Record,1111,PEL,7,127023,1,,5318,mm,327,gr,248,,,,,,,,,,,
Biology,Record,1111,PEL,7,127023,1,,5259,mm,327,gr,235,,,,,,,,,,,
Biology,Record,1111,PEL,7,127023,1,,5459,mm,327,gr,261,,,,,,,,,,,
Biology,Record,1111,PEL,7,127023,1,,5458,mm,327,gr,265,,,,,,,,,,,
Biology,Record,1111,PEL,7,127023,1,,5274,mm,327,gr,256,,,,,,,,,,,
Biology,Record,1111,PEL,7,127023,1,,5429,mm,327,gr,246,,,,,,,,,,,
Biology,Record,1111,PEL,7,127023,1,,5323,mm,327,gr,238,,,,,,,,,,,
Biology,Record,1111,PEL,7,127023,1,,5303,mm,327,gr,258,,,,,,,,,,,
Biology,Record,1111,PEL,7,127023,1,,5402,mm,328,gr,234,,,,,,,,,,,
Biology,Record,1111,PEL,7,127023,1,,5299,mm,328,gr,265,,,,,,,,,,,
Biology,Record,1111,PEL,7,127023,1,,5411,mm,328,gr,243,,,,,,,,,,,
Biology,Record,1111,PEL,7,127023,1,,5305,mm,328,gr,261,,,,,,,,,,,
Biology,Record,1111,PEL,7,127023,1,,5422,mm,328,gr,240,,,,,,,,,,,
Biology,Record,1111,PEL,7,127023,1,,5309,mm,328,gr,239,,,,,,,,,,,
Biology,Record,1111,PEL,7,127023,1,,5294,mm,329,gr,253,,,,,,,,,,,
Biology,Record,1111,PEL,7,127023,1,,5272,mm,329,gr,251,,,,,,,,,,,
Biology,Record,1111,PEL,7,127023,1,,5367,mm,329,gr,225,,,,,,,,,,,
Biology,Record,1111,PEL,7,127023,1,,5331,mm,329,gr,230,,,,,,,,,,,
Biology,Record,1111,PEL,7,127023,1,,5317,mm,329,gr,255,,,,,,,,,,,
Biology,Record,1111,PEL,7,127023,1,,5378,mm,330,gr,227,,,,,,,,,,,
Biology,Record,1111,PEL,7,127023,1,,5414,mm,330,gr,227,,,,,,,,,,,
Biology,Record,1111,PEL,7,127023,1,,5386,mm,331,gr,254,,,,,,,,,,,
Biology,Record,1111,PEL,7,127023,1,,5257,mm,331,gr,274,,,,,,,,,,,
Biology,Record,1111,PEL,7,127023,1,,5387,mm,331,gr,246,,,,,,,,,,,
Biology,Record,1111,PEL,7,127023,1,,5290,mm,332,gr,244,,,,,,,,,,,
Biology,Record,1111,PEL,7,127023,1,,5437,mm,332,gr,240,,,,,,,,,,,
Biology,Record,1111,PEL,7,127023,1,,5436,mm,332,gr,260,,,,,,,,,,,
Biology,Record,1111,PEL,7,127023,1,,5417,mm,333,gr,272,,,,,,,,,,,
Biology,Record,1111,PEL,7,127023,1,,5432,mm,333,gr,250,,,,,,,,,,,
Biology,Record,1111,PEL,7,127023,1,,5451,mm,333,gr,252,F,Bb,SMSF,6,,,Otolith,,,,
Biology,Record,1111,PEL,7,127023,1,,5289,mm,333,gr,277,,,,,,,,,,,
Biology,Record,1111,PEL,7,127023,1,,5288,mm,333,gr,257,,,,,,,,,,,
Biology,Record,1111,PEL,7,127023,1,,5335,mm,333,gr,257,,,,,,,,,,,
Biology,Record,1111,PEL,7,127023,1,,5435,mm,334,gr,268,,,,,,,,,,,
Biology,Record,1111,PEL,7,127023,1,,5270,mm,334,gr,285,,,,,,,,,,,
Biology,Record,1111,PEL,7,127023,1,,5405,mm,334,gr,238,,,,,,,,,,,
Biology,Record,1111,PEL,7,127023,1,,5273,mm,334,gr,242,,,,,,,,,,,
Biology,Record,1111,PEL,7,127023,1,,5392,mm,334,gr,230,,,,,,,,,,,
Biology,Record,1111,PEL,7,127023,1,,5374,mm,334,gr,240,,,,,,,,,,,
Biology,Record,1111,PEL,7,127023,1,,5292,mm,335,gr,276,,,,,,,,,,,
Biology,Record,1111,PEL,7,127023,1,,5282,mm,335,gr,262,,,,,,,,,,,
Biology,Record,1111,PEL,7,127023,1,,5427,mm,335,gr,270,,,,,,,,,,,
Biology,Record,1111,PEL,7,127023,1,,5296,mm,335,gr,252,,,,,,,,,,,
Biology,Record,1111,PEL,7,127023,1,,5263,mm,335,gr,255,,,,,,,,,,,
Biology,Record,1111,PEL,7,127023,1,,5267,mm,335,gr,258,,,,,,,,,,,
Biology,Record,1111,PEL,7,127023,1,,5249,mm,336,gr,259,,,,,,,,,,,
Biology,Record,1111,PEL,7,127023,1,,5353,mm,336,gr,242,,,,,,,,,,,
Biology,Record,1111,PEL,7,127023,1,,5444,mm,337,gr,254,M,Bb,SMSF,6,,,Otolith,,,,
Biology,Record,1111,PEL,7,127023,1,,5442,mm,337,gr,288,F,Bb,SMSF,7,,,Otolith,,,,
Biology,Record,1111,PEL,7,127023,1,,5333,mm,337,gr,270,,,,,,,,,,,
Biology,Record,1111,PEL,7,127023,1,,5403,mm,338,gr,257,,,,,,,,,,,
Biology,Record,1111,PEL,7,127023,1,,5258,mm,338,gr,279,,,,,,,,,,,
Biology,Record,1111,PEL,7,127023,1,,5286,mm,338,gr,272,,,,,,,,,,,
Biology,Record,1111,PEL,7,127023,1,,5438,mm,338,gr,256,,,,,,,,,,,
Biology,Record,1111,PEL,7,127023,1,,5275,mm,338,gr,255,,,,,,,,,,,
Biology,Record,1111,PEL,7,127023,1,,5450,mm,338,gr,244,M,Bb,SMSF,7,,,Otolith,,,,
Biology,Record,1111,PEL,7,127023,1,,5320,mm,339,gr,264,,,,,,,,,,,
Biology,Record,1111,PEL,7,127023,1,,5312,mm,339,gr,284,,,,,,,,,,,
Biology,Record,1111,PEL,7,127023,1,,5409,mm,339,gr,255,,,,,,,,,,,
Biology,Record,1111,PEL,7,127023,1,,5255,mm,339,gr,236,,,,,,,,,,,
Biology,Record,1111,PEL,7,127023,1,,5280,mm,339,gr,307,,,,,,,,,,,
Biology,Record,1111,PEL,7,127023,1,,5373,mm,339,gr,270,,,,,,,,,,,
Biology,Record,1111,PEL,7,127023,1,,5449,mm,339,gr,255,M,Bb,SMSF,6,,,Otolith,,,,
Biology,Record,1111,PEL,7,127023,1,,5254,mm,340,gr,284,,,,,,,,,,,
Biology,Record,1111,PEL,7,127023,1,,5360,mm,340,gr,273,,,,,,,,,,,
Biology,Record,1111,PEL,7,127023,1,,5327,mm,340,gr,276,,,,,,,,,,,
Biology,Record,1111,PEL,7,127023,1,,5348,mm,340,gr,255,,,,,,,,,,,
Biology,Record,1111,PEL,7,127023,1,,5359,mm,340,gr,256,,,,,,,,,,,
Biology,Record,1111,PEL,7,127023,1,,5278,mm,341,gr,286,,,,,,,,,,,
Biology,Record,1111,PEL,7,127023,1,,5293,mm,341,gr,274,,,,,,,,,,,
Biology,Record,1111,PEL,7,127023,1,,5315,mm,341,gr,292,,,,,,,,,,,
Biology,Record,1111,PEL,7,127023,1,,5413,mm,342,gr,308,,,,,,,,,,,
Biology,Record,1111,PEL,7,127023,1,,5265,mm,342,gr,282,,,,,,,,,,,
Biology,Record,1111,PEL,7,127023,1,,5308,mm,342,gr,280,,,,,,,,,,,
Biology,Record,1111,PEL,7,127023,1,,5310,mm,342,gr,300,,,,,,,,,,,
Biology,Record,1111,PEL,7,127023,1,,5362,mm,342,gr,297,,,,,,,,,,,
Biology,Record,1111,PEL,7,127023,1,,5395,mm,342,gr,272,,,,,,,,,,,
Biology,Record,1111,PEL,7,127023,1,,5256,mm,343,gr,254,,,,,,,,,,,
Biology,Record,1111,PEL,7,127023,1,,5264,mm,343,gr,298,,,,,,,,,,,
Biology,Record,1111,PEL,7,127023,1,,5372,mm,343,gr,290,,,,,,,,,,,
Biology,Record,1111,PEL,7,127023,1,,5393,mm,344,gr,295,,,,,,,,,,,
Biology,Record,1111,PEL,7,127023,1,,5416,mm,344,gr,279,,,,,,,,,,,
Biology,Record,1111,PEL,7,127023,1,,5430,mm,344,gr,274,,,,,,,,,,,
Biology,Record,1111,PEL,7,127023,1,,5300,mm,344,gr,314,,,,,,,,,,,
Biology,Record,1111,PEL,7,127023,1,,5396,mm,344,gr,246,,,,,,,,,,,
Biology,Record,1111,PEL,7,127023,1,,5447,mm,344,gr,297,M,Bb,SMSF,6,,,Otolith,,,,
Biology,Record,1111,PEL,7,127023,1,,5283,mm,344,gr,300,,,,,,,,,,,
Biology,Record,1111,PEL,7,127023,1,,5425,mm,344,gr,273,,,,,,,,,,,
Biology,Record,1111,PEL,7,127023,1,,5341,mm,345,gr,269,,,,,,,,,,,
Biology,Record,1111,PEL,7,127023,1,,5400,mm,345,gr,276,,,,,,,,,,,
Biology,Record,1111,PEL,7,127023,1,,5445,mm,345,gr,278,F,Bb,SMSF,7,,,Otolith,,,,
Biology,Record,1111,PEL,7,127023,1,,5349,mm,345,gr,264,,,,,,,,,,,
Biology,Record,1111,PEL,7,127023,1,,5377,mm,345,gr,283,,,,,,,,,,,
Biology,Record,1111,PEL,7,127023,1,,5328,mm,345,gr,327,,,,,,,,,,,
Biology,Record,1111,PEL,7,127023,1,,5281,mm,345,gr,286,,,,,,,,,,,
Biology,Record,1111,PEL,7,127023,1,,5434,mm,345,gr,312,,,,,,,,,,,
Biology,Record,1111,PEL,7,127023,1,,5291,mm,346,gr,318,,,,,,,,,,,
Biology,Record,1111,PEL,7,127023,1,,5368,mm,346,gr,303,,,,,,,,,,,
Biology,Record,1111,PEL,7,127023,1,,5407,mm,346,gr,268,,,,,,,,,,,
Biology,Record,1111,PEL,7,127023,1,,5401,mm,346,gr,267,,,,,,,,,,,
Biology,Record,1111,PEL,7,127023,1,,5325,mm,346,gr,262,,,,,,,,,,,
Biology,Record,1111,PEL,7,127023,1,,5344,mm,346,gr,270,,,,,,,,,,,
Biology,Record,1111,PEL,7,127023,1,,5389,mm,347,gr,293,,,,,,,,,,,
Biology,Record,1111,PEL,7,127023,1,,5406,mm,347,gr,279,,,,,,,,,,,
Biology,Record,1111,PEL,7,127023,1,,5455,mm,347,gr,297,,,,,,,,,,,
Biology,Record,1111,PEL,7,127023,1,,5424,mm,347,gr,269,,,,,,,,,,,
Biology,Record,1111,PEL,7,127023,1,,5365,mm,348,gr,259,,,,,,,,,,,
Biology,Record,1111,PEL,7,127023,1,,5375,mm,348,gr,271,,,,,,,,,,,
Biology,Record,1111,PEL,7,127023,1,,5369,mm,348,gr,293,,,,,,,,,,,
Biology,Record,1111,PEL,7,127023,1,,5376,mm,349,gr,310,,,,,,,,,,,
Biology,Record,1111,PEL,7,127023,1,,5345,mm,349,gr,288,,,,,,,,,,,
Biology,Record,1111,PEL,7,127023,1,,5446,mm,349,gr,298,F,Bb,SMSF,8,,,Otolith,,,,
Biology,Record,1111,PEL,7,127023,1,,5388,mm,349,gr,286,,,,,,,,,,,
Biology,Record,1111,PEL,7,127023,1,,5426,mm,349,gr,298,,,,,,,,,,,
Biology,Record,1111,PEL,7,127023,1,,5412,mm,350,gr,310,,,,,,,,,,,
Biology,Record,1111,PEL,7,127023,1,,5457,mm,350,gr,302,,,,,,,,,,,
Biology,Record,1111,PEL,7,127023,1,,5287,mm,350,gr,286,,,,,,,,,,,
Biology,Record,1111,PEL,7,127023,1,,5370,mm,350,gr,288,,,,,,,,,,,
Biology,Record,1111,PEL,7,127023,1,,5420,mm,350,gr,301,,,,,,,,,,,
Biology,Record,1111,PEL,7,127023,1,,5343,mm,351,gr,300,,,,,,,,,,,
Biology,Record,1111,PEL,7,127023,1,,5276,mm,351,gr,280,,,,,,,,,,,
Biology,Record,1111,PEL,7,127023,1,,5443,mm,351,gr,302,F,Bb,SMSF,7,,,Otolith,,,,
Biology,Record,1111,PEL,7,127023,1,,5351,mm,351,gr,291,,,,,,,,,,,
Biology,Record,1111,PEL,7,127023,1,,5371,mm,351,gr,313,,,,,,,,,,,
Biology,Record,1111,PEL,7,127023,1,,5379,mm,351,gr,278,,,,,,,,,,,
Biology,Record,1111,PEL,7,127023,1,,5324,mm,351,gr,297,,,,,,,,,,,
Biology,Record,1111,PEL,7,127023,1,,5433,mm,351,gr,288,,,,,,,,,,,
Biology,Record,1111,PEL,7,127023,1,,5421,mm,351,gr,296,,,,,,,,,,,
Biology,Record,1111,PEL,7,127023,1,,5418,mm,352,gr,313,,,,,,,,,,,
Biology,Record,1111,PEL,7,127023,1,,5314,mm,352,gr,287,,,,,,,,,,,
Biology,Record,1111,PEL,7,127023,1,,5326,mm,352,gr,290,,,,,,,,,,,
Biology,Record,1111,PEL,7,127023,1,,5266,mm,353,gr,312,,,,,,,,,,,
Biology,Record,1111,PEL,7,127023,1,,5329,mm,353,gr,316,,,,,,,,,,,
Biology,Record,1111,PEL,7,127023,1,,5440,mm,353,gr,311,F,Bb,SMSF,7,,,Otolith,,,,
Biology,Record,1111,PEL,7,127023,1,,5250,mm,354,gr,330,,,,,,,,,,,
Biology,Record,1111,PEL,7,127023,1,,5356,mm,354,gr,329,,,,,,,,,,,
Biology,Record,1111,PEL,7,127023,1,,5346,mm,354,gr,283,,,,,,,,,,,
Biology,Record,1111,PEL,7,127023,1,,5382,mm,354,gr,286,,,,,,,,,,,
Biology,Record,1111,PEL,7,127023,1,,5269,mm,355,gr,307,,,,,,,,,,,
Biology,Record,1111,PEL,7,127023,1,,5384,mm,355,gr,303,,,,,,,,,,,
Biology,Record,1111,PEL,7,127023,1,,5260,mm,355,gr,344,,,,,,,,,,,
Biology,Record,1111,PEL,7,127023,1,,5277,mm,355,gr,292,,,,,,,,,,,
Biology,Record,1111,PEL,7,127023,1,,5253,mm,355,gr,322,,,,,,,,,,,
Biology,Record,1111,PEL,7,127023,1,,5251,mm,356,gr,325,,,,,,,,,,,
Biology,Record,1111,PEL,7,127023,1,,5380,mm,356,gr,308,,,,,,,,,,,
Biology,Record,1111,PEL,7,127023,1,,5347,mm,356,gr,334,,,,,,,,,,,
Biology,Record,1111,PEL,7,127023,1,,5298,mm,356,gr,316,,,,,,,,,,,
Biology,Record,1111,PEL,7,127023,1,,5248,mm,356,gr,269,,,,,,,,,,,
Biology,Record,1111,PEL,7,127023,1,,5350,mm,357,gr,338,,,,,,,,,,,
Biology,Record,1111,PEL,7,127023,1,,5383,mm,358,gr,314,,,,,,,,,,,
Biology,Record,1111,PEL,7,127023,1,,5404,mm,358,gr,322,,,,,,,,,,,
Biology,Record,1111,PEL,7,127023,1,,5419,mm,359,gr,294,,,,,,,,,,,
Biology,Record,1111,PEL,7,127023,1,,5354,mm,359,gr,307,,,,,,,,,,,
Biology,Record,1111,PEL,7,127023,1,,5428,mm,359,gr,290,,,,,,,,,,,
Biology,Record,1111,PEL,7,127023,1,,5397,mm,359,gr,328,,,,,,,,,,,
Biology,Record,1111,PEL,7,127023,1,,5363,mm,360,gr,300,,,,,,,,,,,
Biology,Record,1111,PEL,7,127023,1,,5338,mm,360,gr,318,,,,,,,,,,,
Biology,Record,1111,PEL,7,127023,1,,5361,mm,360,gr,312,,,,,,,,,,,
Biology,Record,1111,PEL,7,127023,1,,5285,mm,362,gr,321,,,,,,,,,,,
Biology,Record,1111,PEL,7,127023,1,,5301,mm,362,gr,330,,,,,,,,,,,
Biology,Record,1111,PEL,7,127023,1,,5319,mm,363,gr,343,,,,,,,,,,,
Biology,Record,1111,PEL,7,127023,1,,5357,mm,364,gr,303,,,,,,,,,,,
Biology,Record,1111,PEL,7,127023,1,,5364,mm,364,gr,340,,,,,,,,,,,
Biology,Record,1111,PEL,7,127023,1,,5391,mm,365,gr,310,,,,,,,,,,,
Biology,Record,1111,PEL,7,127023,1,,5306,mm,366,gr,349,,,,,,,,,,,
Biology,Record,1111,PEL,7,127023,1,,5262,mm,366,gr,378,,,,,,,,,,,
Biology,Record,1111,PEL,7,127023,1,,5339,mm,366,gr,358,,,,,,,,,,,
Biology,Record,1111,PEL,7,127023,1,,5385,mm,367,gr,318,,,,,,,,,,,
Biology,Record,1111,PEL,7,127023,1,,5394,mm,367,gr,340,,,,,,,,,,,
Biology,Record,1111,PEL,7,127023,1,,5322,mm,367,gr,335,,,,,,,,,,,
Biology,Record,1111,PEL,7,127023,1,,5390,mm,367,gr,366,,,,,,,,,,,
Biology,Record,1111,PEL,7,127023,1,,5454,mm,368,gr,370,F,Bb,SMSF,7,,,Otolith,,,,
Biology,Record,1111,PEL,7,127023,1,,5399,mm,368,gr,369,,,,,,,,,,,
Biology,Record,1111,PEL,7,127023,1,,5307,mm,369,gr,335,,,,,,,,,,,
Biology,Record,1111,PEL,7,127023,1,,5381,mm,373,gr,390,,,,,,,,,,,
Biology,Record,1111,PEL,7,127023,1,,5321,mm,373,gr,382,,,,,,,,,,,
Biology,Record,1111,PEL,7,127023,1,,5460,mm,376,gr,398,,,,,,,,,,,
Biology,Record,1111,PEL,7,127023,1,,5313,mm,377,gr,369,,,,,,,,,,,
Biology,Record,1111,PEL,7,127023,1,,5352,mm,379,gr,363,,,,,,,,,,,
Biology,Record,1111,PEL,7,127023,1,,5284,mm,381,gr,428,,,,,,,,,,,
Biology,Record,1111,PEL,7,127023,1,,5441,mm,381,gr,445,F,Bb,SMSF,10,,,Otolith,,,,
Biology,Record,1111,PEL,7,127023,1,,5304,mm,382,gr,405,,,,,,,,,,,
Biology,Record,1111,PEL,7,127023,1,,5330,mm,382,gr,366,,,,,,,,,,,
Biology,Record,1111,PEL,7,127023,1,,5423,mm,389,gr,420,,,,,,,,,,,
Biology,Record,1111,PEL,7,127023,1,,5302,mm,401,gr,465,,,,,,,,,,,
Biology,Record,1111,PEL,7,127023,1,,5311,mm,424,gr,542,,,,,,,,,,,
Biology,Record,1111,PEL,7,127300,1,,5463,mm,150,gr,17,,,,,,,,,,,
Biology,Record,1111,PEL,7,272728,1,,5241,mm,114,gr,17,,,,,,,,,,,
Biology,Record,1111,PEL,7,272728,1,,5239,mm,118,gr,,,,,,,,,,,,
Biology,Record,1111,PEL,7,272728,1,,5240,mm,121,gr,16,,,,,,,,,,,
Biology,Record,1111,PEL,7,272728,1,,5236,mm,122,gr,19,,,,,,,,,,,
Biology,Record,1111,PEL,7,272728,1,,5237,mm,122,gr,18,,,,,,,,,,,
Biology,Record,1111,PEL,7,272728,1,,5243,mm,123,gr,20,,,,,,,,,,,
Biology,Record,1111,PEL,7,272728,1,,5238,mm,124,gr,18,,,,,,,,,,,
Biology,Record,1111,PEL,7,272728,1,,5235,mm,129,gr,26,,,,,,,,,,,
Biology,Record,1111,PEL,7,272728,1,,5234,mm,135,gr,22,,,,,,,,,,,
Biology,Record,1111,PEL,7,272728,1,,5242,mm,138,gr,27,,,,,,,,,,,
Biology,Record,1111,PEL,7,272728,1,,5465,mm,140,gr,25,,,,,,,,,,,
Biology,Record,1111,PEL,8,127023,1,,5098,mm,171,gr,24,,,,,,,,,,,
Biology,Record,1111,PEL,8,127023,1,,5042,mm,182,gr,34,,,,,,,,,,,
Biology,Record,1111,PEL,8,127023,1,,5041,mm,192,gr,39,,,,,,,,,,,
Biology,Record,1111,PEL,8,127023,1,,5040,mm,300,gr,199,F,Bb,SMSF,4,,,Otolith,,,,
Biology,Record,1111,PEL,8,127023,1,,5039,mm,306,gr,214,M,Bb,SMSF,3,,,Otolith,,,,
Biology,Record,1111,PEL,8,127023,1,,5046,mm,306,gr,203,,,,,,,,,,,
Biology,Record,1111,PEL,8,127023,1,,5077,mm,306,gr,183,,,,,,,,,,,
Biology,Record,1111,PEL,8,127023,1,,5063,mm,309,gr,198,,,,,,,,,,,
Biology,Record,1111,PEL,8,127023,1,,5027,mm,312,gr,206,F,Bb,SMSF,4,,,Otolith,,,,
Biology,Record,1111,PEL,8,127023,1,,5075,mm,312,gr,197,,,,,,,,,,,
Biology,Record,1111,PEL,8,127023,1,,5051,mm,315,gr,219,,,,,,,,,,,
Biology,Record,1111,PEL,8,127023,1,,5089,mm,316,gr,201,,,,,,,,,,,
Biology,Record,1111,PEL,8,127023,1,,5058,mm,316,gr,207,,,,,,,,,,,
Biology,Record,1111,PEL,8,127023,1,,5092,mm,318,gr,210,,,,,,,,,,,
Biology,Record,1111,PEL,8,127023,1,,5060,mm,318,gr,187,,,,,,,,,,,
Biology,Record,1111,PEL,8,127023,1,,5032,mm,320,gr,243,M,Bb,SMSF,5,,,Otolith,,,,
Biology,Record,1111,PEL,8,127023,1,,5049,mm,323,gr,237,,,,,,,,,,,
Biology,Record,1111,PEL,8,127023,1,,5085,mm,325,gr,249,,,,,,,,,,,
Biology,Record,1111,PEL,8,127023,1,,5044,mm,325,gr,232,,,,,,,,,,,
Biology,Record,1111,PEL,8,127023,1,,5079,mm,326,gr,232,,,,,,,,,,,
Biology,Record,1111,PEL,8,127023,1,,5048,mm,326,gr,233,,,,,,,,,,,
Biology,Record,1111,PEL,8,127023,1,,5050,mm,326,gr,246,,,,,,,,,,,
Biology,Record,1111,PEL,8,127023,1,,5031,mm,327,gr,251,M,Bb,SMSF,4,,,Otolith,,,,
Biology,Record,1111,PEL,8,127023,1,,5026,mm,329,gr,238,M,Bb,SMSF,4,,,Otolith,,,,
Biology,Record,1111,PEL,8,127023,1,,5055,mm,329,gr,252,,,,,,,,,,,
Biology,Record,1111,PEL,8,127023,1,,5072,mm,329,gr,237,,,,,,,,,,,
Biology,Record,1111,PEL,8,127023,1,,5036,mm,329,gr,229,F,Bb,SMSF,3,,,Otolith,,,,
Biology,Record,1111,PEL,8,127023,1,,5043,mm,330,gr,254,,,,,,,,,,,
Biology,Record,1111,PEL,8,127023,1,,5086,mm,331,gr,271,,,,,,,,,,,
Biology,Record,1111,PEL,8,127023,1,,5037,mm,331,gr,269,M,Bb,SMSF,5,,,Otolith,,,,
Biology,Record,1111,PEL,8,127023,1,,5062,mm,332,gr,240,,,,,,,,,,,
Biology,Record,1111,PEL,8,127023,1,,5081,mm,332,gr,232,,,,,,,,,,,
Biology,Record,1111,PEL,8,127023,1,,5074,mm,332,gr,238,,,,,,,,,,,
Biology,Record,1111,PEL,8,127023,1,,5057,mm,332,gr,256,,,,,,,,,,,
Biology,Record,1111,PEL,8,127023,1,,5070,mm,332,gr,257,,,,,,,,,,,
Biology,Record,1111,PEL,8,127023,1,,5029,mm,333,gr,281,F,Bb,SMSF,6,,,Otolith,,,,
Biology,Record,1111,PEL,8,127023,1,,5096,mm,333,gr,262,,,,,,,,,,,
Biology,Record,1111,PEL,8,127023,1,,5054,mm,334,gr,252,,,,,,,,,,,
Biology,Record,1111,PEL,8,127023,1,,5064,mm,334,gr,260,,,,,,,,,,,
Biology,Record,1111,PEL,8,127023,1,,5095,mm,335,gr,255,,,,,,,,,,,
Biology,Record,1111,PEL,8,127023,1,,5093,mm,335,gr,264,,,,,,,,,,,
Biology,Record,1111,PEL,8,127023,1,,5052,mm,335,gr,248,,,,,,,,,,,
Biology,Record,1111,PEL,8,127023,1,,5071,mm,336,gr,269,,,,,,,,,,,
Biology,Record,1111,PEL,8,127023,1,,5056,mm,337,gr,252,,,,,,,,,,,
Biology,Record,1111,PEL,8,127023,1,,5082,mm,337,gr,286,,,,,,,,,,,
Biology,Record,1111,PEL,8,127023,1,,5059,mm,337,gr,267,,,,,,,,,,,
Biology,Record,1111,PEL,8,127023,1,,5047,mm,339,gr,258,,,,,,,,,,,
Biology,Record,1111,PEL,8,127023,1,,5080,mm,339,gr,264,,,,,,,,,,,
Biology,Record,1111,PEL,8,127023,1,,5073,mm,339,gr,247,,,,,,,,,,,
Biology,Record,1111,PEL,8,127023,1,,5084,mm,339,gr,247,,,,,,,,,,,
Biology,Record,1111,PEL,8,127023,1,,5087,mm,340,gr,269,,,,,,,,,,,
Biology,Record,1111,PEL,8,127023,1,,5030,mm,340,gr,269,M,Bb,SMSF,7,,,Otolith,,,,
Biology,Record,1111,PEL,8,127023,1,,5038,mm,341,gr,276,F,Bb,SMSF,5,,,Otolith,,,,
Biology,Record,1111,PEL,8,127023,1,,5067,mm,341,gr,270,,,,,,,,,,,
Biology,Record,1111,PEL,8,127023,1,,5097,mm,342,gr,270,,,,,,,,,,,
Biology,Record,1111,PEL,8,127023,1,,5065,mm,343,gr,263,,,,,,,,,,,
Biology,Record,1111,PEL,8,127023,1,,5083,mm,343,gr,266,,,,,,,,,,,
Biology,Record,1111,PEL,8,127023,1,,5053,mm,343,gr,289,,,,,,,,,,,
Biology,Record,1111,PEL,8,127023,1,,5045,mm,344,gr,294,,,,,,,,,,,
Biology,Record,1111,PEL,8,127023,1,,5069,mm,345,gr,266,,,,,,,,,,,
Biology,Record,1111,PEL,8,127023,1,,5061,mm,347,gr,263,,,,,,,,,,,
Biology,Record,1111,PEL,8,127023,1,,5090,mm,348,gr,276,,,,,,,,,,,
Biology,Record,1111,PEL,8,127023,1,,5094,mm,348,gr,283,,,,,,,,,,,
Biology,Record,1111,PEL,8,127023,1,,5035,mm,350,gr,293,F,Bb,SMSF,6,,,Otolith,,,,
Biology,Record,1111,PEL,8,127023,1,,5076,mm,353,gr,304,,,,,,,,,,,
Biology,Record,1111,PEL,8,127023,1,,5028,mm,353,gr,320,M,Bb,SMSF,7,,,Otolith,,,,
Biology,Record,1111,PEL,8,127023,1,,5033,mm,354,gr,365,F,Bb,SMSF,7,,,Otolith,,,,
Biology,Record,1111,PEL,8,127023,1,,5078,mm,361,gr,341,,,,,,,,,,,
Biology,Record,1111,PEL,8,127023,1,,5034,mm,362,gr,312,M,Bb,SMSF,6,,,Otolith,,,,
Biology,Record,1111,PEL,8,127023,1,,5068,mm,365,gr,319,,,,,,,,,,,
Biology,Record,1111,PEL,8,127023,1,,5088,mm,367,gr,346,,,,,,,,,,,
Biology,Record,1111,PEL,8,127023,1,,5066,mm,370,gr,327,,,,,,,,,,,
Biology,Record,1111,PEL,8,127023,1,,5091,mm,392,gr,418,,,,,,,,,,,

